{
  "baseline": [
    {
      "config_label": "baseline",
      "arrival_rate": 2.0,
      "n_seeds": 3,
      "heading_change_mean": 86.41364611564006,
      "heading_change_p90": 236.87470191277694,
      "backward_ratio": 0.16608108642603625,
      "speed_mean": 1.1303523737772334,
      "speed_in_zone": 0.920016277280555,
      "density_mean": 0.7992124668801558,
      "density_max": 2.0,
      "wall_time_mean": 0.429779052734375,
      "spawned_mean": 51.666666666666664,
      "exited_mean": 29.0
    },
    {
      "config_label": "baseline",
      "arrival_rate": 4.0,
      "n_seeds": 3,
      "heading_change_mean": 208.59403816186375,
      "heading_change_p90": 599.6559066357687,
      "backward_ratio": 0.13949499142948482,
      "speed_mean": 0.8245569459359162,
      "speed_in_zone": 0.4859076550869914,
      "density_mean": 2.055182693714444,
      "density_max": 4.055555555555556,
      "wall_time_mean": 1.1067731380462646,
      "spawned_mean": 98.0,
      "exited_mean": 34.333333333333336
    },
    {
      "config_label": "baseline",
      "arrival_rate": 6.0,
      "n_seeds": 3,
      "heading_change_mean": 226.25641461678038,
      "heading_change_p90": 665.0834348512516,
      "backward_ratio": 0.12324179730423489,
      "speed_mean": 0.7355262033164317,
      "speed_in_zone": 0.40709069093833916,
      "density_mean": 2.5443932099032,
      "density_max": 4.777777777777778,
      "wall_time_mean": 1.6249666213989258,
      "spawned_mean": 139.0,
      "exited_mean": 36.0
    }
  ],
  "A_funnel_3m_15deg": [
    {
      "config_label": "A_funnel_3m_15deg",
      "arrival_rate": 2.0,
      "n_seeds": 3,
      "heading_change_mean": 39.11400431227441,
      "heading_change_p90": 100.57185375406915,
      "backward_ratio": 0.16359182048279483,
      "speed_mean": 1.1615227113831594,
      "speed_in_zone": 0.9796237007314471,
      "density_mean": 0.6922457679252055,
      "density_max": 1.5555555555555554,
      "wall_time_mean": 0.39449071884155273,
      "spawned_mean": 51.666666666666664,
      "exited_mean": 31.666666666666668
    },
    {
      "config_label": "A_funnel_3m_15deg",
      "arrival_rate": 4.0,
      "n_seeds": 3,
      "heading_change_mean": 162.09734016880083,
      "heading_change_p90": 340.9088331352862,
      "backward_ratio": 0.09293018995857309,
      "speed_mean": 0.7721099177831042,
      "speed_in_zone": 0.42189683411620743,
      "density_mean": 2.20073845803654,
      "density_max": 4.333333333333333,
      "wall_time_mean": 1.1438334782918294,
      "spawned_mean": 98.0,
      "exited_mean": 36.333333333333336
    },
    {
      "config_label": "A_funnel_3m_15deg",
      "arrival_rate": 6.0,
      "n_seeds": 3,
      "heading_change_mean": 211.85469247704032,
      "heading_change_p90": 484.25539082127415,
      "backward_ratio": 0.08794689352059687,
      "speed_mean": 0.680354369929991,
      "speed_in_zone": 0.37943820739826783,
      "density_mean": 2.543995282436349,
      "density_max": 4.777777777777778,
      "wall_time_mean": 1.8280247052510579,
      "spawned_mean": 138.66666666666666,
      "exited_mean": 38.333333333333336
    }
  ],
  "A_funnel_5m_15deg": [
    {
      "config_label": "A_funnel_5m_15deg",
      "arrival_rate": 2.0,
      "n_seeds": 3,
      "heading_change_mean": 32.39068368299663,
      "heading_change_p90": 89.48281225950204,
      "backward_ratio": 0.16358865483183796,
      "speed_mean": 1.1619476838532512,
      "speed_in_zone": 0.9795486466997959,
      "density_mean": 0.6901557210700471,
      "density_max": 1.5555555555555554,
      "wall_time_mean": 0.5294079780578613,
      "spawned_mean": 51.666666666666664,
      "exited_mean": 31.666666666666668
    },
    {
      "config_label": "A_funnel_5m_15deg",
      "arrival_rate": 4.0,
      "n_seeds": 3,
      "heading_change_mean": 126.22953395852853,
      "heading_change_p90": 294.0192500496632,
      "backward_ratio": 0.0878872890198708,
      "speed_mean": 0.7728028088728016,
      "speed_in_zone": 0.4317665165151354,
      "density_mean": 2.1603489716637223,
      "density_max": 4.222222222222222,
      "wall_time_mean": 0.4670400619506836,
      "spawned_mean": 98.0,
      "exited_mean": 37.333333333333336
    },
    {
      "config_label": "A_funnel_5m_15deg",
      "arrival_rate": 6.0,
      "n_seeds": 3,
      "heading_change_mean": 195.26960139588485,
      "heading_change_p90": 417.30646798365615,
      "backward_ratio": 0.06497094762100614,
      "speed_mean": 0.6435702737938531,
      "speed_in_zone": 0.3543971459353686,
      "density_mean": 2.672512518688967,
      "density_max": 5.0,
      "wall_time_mean": 0.5965938568115234,
      "spawned_mean": 139.0,
      "exited_mean": 37.666666666666664
    }
  ],
  "A_funnel_3m_30deg": [
    {
      "config_label": "A_funnel_3m_30deg",
      "arrival_rate": 2.0,
      "n_seeds": 3,
      "heading_change_mean": 34.79686134945084,
      "heading_change_p90": 93.91837892225429,
      "backward_ratio": 0.16489826777493913,
      "speed_mean": 1.1595761439990946,
      "speed_in_zone": 0.9705206709377684,
      "density_mean": 0.6960611833262741,
      "density_max": 1.5555555555555554,
      "wall_time_mean": 0.1237936019897461,
      "spawned_mean": 51.666666666666664,
      "exited_mean": 31.333333333333332
    },
    {
      "config_label": "A_funnel_3m_30deg",
      "arrival_rate": 4.0,
      "n_seeds": 3,
      "heading_change_mean": 194.4909468424629,
      "heading_change_p90": 446.00211195392177,
      "backward_ratio": 0.09550206275710234,
      "speed_mean": 0.800955415929515,
      "speed_in_zone": 0.43459212906897865,
      "density_mean": 2.1644791062292144,
      "density_max": 4.5,
      "wall_time_mean": 659.5520592530569,
      "spawned_mean": 98.0,
      "exited_mean": 37.0
    },
    {
      "config_label": "A_funnel_3m_30deg",
      "arrival_rate": 6.0,
      "n_seeds": 3,
      "heading_change_mean": 252.8765266921345,
      "heading_change_p90": 575.1907749737428,
      "backward_ratio": 0.07614576400960639,
      "speed_mean": 0.694889110611595,
      "speed_in_zone": 0.3460634729469699,
      "density_mean": 2.7690827959032376,
      "density_max": 5.666666666666667,
      "wall_time_mean": 1.3381173610687256,
      "spawned_mean": 139.0,
      "exited_mean": 37.666666666666664
    }
  ],
  "B_speed_linear_1to3m_0.4": [],
  "B_speed_linear_2to4m_0.5": [],
  "C_strength_x0.5": [
    {
      "config_label": "C_strength_x0.5",
      "arrival_rate": 2.0,
      "n_seeds": 3,
      "heading_change_mean": 40.040216655348516,
      "heading_change_p90": 112.67389760660672,
      "backward_ratio": 0.16378320869164087,
      "speed_mean": 1.1138251134773283,
      "speed_in_zone": 0.8776346230289193,
      "density_mean": 0.7908086074651206,
      "density_max": 1.8333333333333333,
      "wall_time_mean": 0.34346914291381836,
      "spawned_mean": 51.666666666666664,
      "exited_mean": 30.333333333333332
    },
    {
      "config_label": "C_strength_x0.5",
      "arrival_rate": 4.0,
      "n_seeds": 3,
      "heading_change_mean": 86.33256901766906,
      "heading_change_p90": 286.0793671733243,
      "backward_ratio": 0.11121393515046922,
      "speed_mean": 0.78121463754314,
      "speed_in_zone": 0.42644017460454803,
      "density_mean": 2.2840282199212507,
      "density_max": 4.388888888888889,
      "wall_time_mean": 0.5153238773345947,
      "spawned_mean": 99.33333333333333,
      "exited_mean": 34.666666666666664
    },
    {
      "config_label": "C_strength_x0.5",
      "arrival_rate": 6.0,
      "n_seeds": 3,
      "heading_change_mean": 87.7949524660901,
      "heading_change_p90": 332.5287060227517,
      "backward_ratio": 0.08924232901004936,
      "speed_mean": 0.6860228832745756,
      "speed_in_zone": 0.35301119125184455,
      "density_mean": 2.6979491532133117,
      "density_max": 5.333333333333333,
      "wall_time_mean": 0.6028504371643066,
      "spawned_mean": 139.66666666666666,