y_label,y_col,pearson_r,pearson_p,spearman_r,spearman_p,kendall_tau,kendall_p,n
Zone 3B avg (exit1),zone3b_density_avg,-0.822791144316342,8.705128669649268e-26,-0.8958819037832606,2.651209768049398e-36,-0.7210203467008155,2.5461469730195646e-26,100
Zone 4B avg (exit4),zone4b_density_avg,-0.8131226200110359,9.163816349424943e-25,-0.8640495892720174,5.692193335627868e-31,-0.6720549743176517,3.9476649901643727e-23,100
Zone B max (시스템),z_bmax,-0.8131226200110359,9.163816349424943e-25,-0.8640495892720174,5.692193335627868e-31,-0.6720549743176517,3.9476649901643727e-23,100
