t_sec,rho,v_mps,n_agents
10.644,0.5,0.8227924091610931,1
10.677,0.5,0.4962598993242042,1
10.711,0.5,0.742990469772161,1
10.744,0.5,1.0675393348422884,1
15.716,0.5,2.509470797772712,1
15.749,0.5,2.095041324894426,1
15.782,0.5,0.8765851606401311,1
15.816,0.5,0.5583399024394736,1
15.849,0.5,0.5110177981837292,1
15.883,0.5,0.47791027447215145,1
15.916,0.5,0.3188287913558901,1
15.949,0.5,0.32832790251303373,1
15.983,0.5,0.23841525390383506,1
16.016,0.5,0.35584024819255433,1
16.049,0.5,0.5904198650621513,1
16.083,0.5,0.6179111260847677,1
16.116,0.5,0.9433079914799684,1
16.149,0.5,0.810736526130263,1
16.183,0.5,0.7101328545307537,1
16.216,0.5,2.249791714255965,1
16.25,0.5,1.598144107559535,1
16.283,0.5,1.532081864784173,1
16.316,0.5,0.7230030267966279,1
16.35,0.5,0.5174296106929356,1
16.383,0.5,0.36582601597040776,1
16.416,0.5,0.22992204480830722,1
16.45,0.5,0.2065915273892435,1
16.483,0.5,0.22014528280129528,1
16.517,0.5,0.27997653255826976,1
16.55,0.5,0.4344809481660574,1
16.583,0.5,0.5574527627593744,1
16.617,0.5,0.6068954338220476,1
16.65,0.5,0.3594301309041847,1
16.683,0.5,1.3026661537160016,1
16.717,0.5,0.8982719333669908,1
16.75,0.5,0.5260493702201058,1
16.783,0.5,0.6436123408337643,1
16.817,0.5,0.44946106909648137,1
16.85,0.5,0.18218788077479994,1
16.884,0.5,0.179283124847906,1
16.917,0.5,0.1442303349542463,1
16.95,0.5,0.1933871802153213,1
16.984,0.5,0.18639558132634665,1
17.017,0.5,0.08622076680312271,1
17.05,0.5,0.14317026604584265,1
17.084,0.5,0.3754212803416102,1
21.622,0.5,1.008103051948933,1
21.655,0.5,0.900272091569036,1
21.688,0.5,0.7615700228557691,1
21.722,0.5,0.6581214694321503,1
21.755,0.5,0.6604358484039513,1
21.788,0.5,0.476144594826165,1
21.822,0.5,0.5588100601143896,1
21.855,0.5,0.8086739095714298,1
21.889,0.5,0.7712283716985452,1
21.922,0.5,1.1701552291410038,1
21.955,0.5,1.1156725906116287,1
21.989,0.5,1.5401400680268043,1
22.022,0.5,1.8929032673399617,1
22.055,0.5,1.5251146292293252,1
22.089,0.5,0.9065799052589855,1
22.122,0.5,0.28740255601039716,1
22.155,0.5,0.34174028272928925,1
22.189,0.5,0.26547585335835844,1
22.222,0.5,0.24563995856758225,1
22.256,0.5,0.35665425285307334,1
22.289,0.5,0.49002701385342234,1
22.322,0.5,0.749282452627,1
22.356,0.5,0.3277605548644611,1
22.389,0.5,0.7835062994312192,1
22.422,0.5,0.6897478249905536,1
22.456,0.5,0.6794096498635198,1
22.489,0.5,1.3653481837176156,1
22.523,0.5,1.0670735769325497,1
22.556,0.5,1.3002184684956861,1
22.589,0.5,1.323967794573697,1
22.623,0.5,0.8106628173810408,1
22.656,1.0,0.6386014135441145,2
22.689,1.0,0.6632365138633936,2
22.723,1.0,0.41207991393862864,2
22.756,1.0,0.43077343374892296,2
22.789,1.0,0.37990582900816233,2
22.823,0.5,0.2976544936205365,1
22.856,1.0,0.34583986223377244,2
22.89,1.0,0.5735687197384792,2
22.923,1.0,0.4224421185922963,2
22.956,1.0,0.6068061150275044,2
22.99,1.0,1.1160808181761537,2
23.023,0.5,0.7520581220224236,1
23.056,0.5,0.8790639597341141,1
23.09,0.5,0.5793811591112826,1
23.123,0.5,0.7764916245296071,1
23.156,0.5,0.6939076451445199,1
23.19,0.5,0.4260797127184113,1
23.223,0.5,0.060732594401035365,1
23.257,0.5,0.08105089208808232,1
23.29,0.5,0.14843137200486758,1
23.457,0.5,0.30660684999327653,1
23.524,0.5,0.20939148218862919,1
23.557,0.5,0.48757088960201594,1
23.59,0.5,0.9994889981190878,1
23.624,0.5,0.9792624070973971,1
23.657,0.5,1.320871696807753,1
23.724,0.5,0.7326129685543434,1
23.757,0.5,0.7151596739930205,1
23.79,0.5,0.6239479566715513,1
23.824,1.0,0.6918714710382823,2
23.857,1.0,0.42726317102472544,2
23.891,1.0,0.3904997654532357,2
23.924,0.5,0.7344739985132146,1
23.957,0.5,1.0440354466271429,1
23.991,0.5,1.3845477114757734,1
24.024,0.5,1.8404257753704107,1
24.057,0.5,1.5031256350883742,1
24.091,0.5,1.1720336892110281,1
24.124,0.5,1.2604009692021378,1
24.157,0.5,0.8193337273496692,1
24.191,0.5,0.42442774220117835,1
24.224,0.5,0.49014078038729864,1
24.258,0.5,0.5474540741193049,1
24.291,0.5,0.28386478997462083,1
24.324,1.0,0.24006198118119448,2
24.358,0.5,0.5084004438930211,1
24.391,0.5,0.7998874006523955,1
24.424,0.5,1.112787349382337,1
24.458,0.5,0.6840129630193679,1
24.491,0.5,1.2987374401209306,1
24.525,0.5,1.2282169387891366,1
24.558,0.5,0.8515943699238541,1
24.591,0.5,0.9999246685624296,1
24.625,0.5,0.7138950390375759,1
24.658,0.5,0.576921339817011,1
24.691,0.5,0.22531526882244896,1
24.725,0.5,0.23760420601760962,1
24.758,0.5,0.4828272902329119,1
24.791,0.5,0.20651260189950568,1
24.825,0.5,0.37857963295740804,1
24.858,0.5,0.34174028272929763,1
24.892,0.5,0.569574170923327,1
24.925,0.5,0.5379751774642985,1
24.958,0.5,0.3917531497156126,1
24.992,0.5,0.6284151800913305,1
25.025,0.5,0.8330168614070371,1
25.058,0.5,0.6387933603100793,1
25.092,0.5,1.1525746101322807,1
25.125,0.5,0.8062151690491156,1
25.158,0.5,0.5624208268573705,1
25.192,0.5,0.4191391799020893,1
25.225,0.5,0.252225315362458,1
25.259,0.5,0.17820315451321603,1
25.292,0.5,0.1933871802153005,1
25.325,0.5,0.09109394038739922,1
25.359,0.5,0.21184975750878196,1
25.392,0.5,0.36582601597040776,1
25.425,0.5,0.24839288182123645,1
25.459,0.5,0.34885865646581243,1
25.492,0.5,0.34585835268387877,1
25.526,0.5,0.38351116941248253,1
25.559,0.5,0.8451884522636066,1
25.592,0.5,0.46964482517225103,1
25.626,0.5,0.9416727953574422,1
25.659,0.5,0.445816029831876,1
26.026,0.5,0.7193016012725781,1
26.059,0.5,0.7618039189913758,1
26.093,0.5,0.8038680627013945,1
26.126,0.5,0.4692083058226529,1
26.159,0.5,0.5100090280681641,1
26.193,0.5,0.5151839452505085,1
26.226,0.5,0.46495415184354044,1
26.26,0.5,0.5325796960689818,1
26.293,0.5,1.269448783343481,1
26.326,0.5,1.287559989901223,1
26.36,0.5,1.537145051007876,1
26.393,0.5,1.7954423867808982,1
26.426,0.5,1.6162138379192104,1
26.46,0.5,0.7320250965856973,1
26.493,0.5,0.8916320596637373,1
26.527,0.5,0.637342398995826,1
26.56,0.5,0.6123455626539266,1
26.593,0.5,0.678064544263458,1
26.627,0.5,0.4985061144851206,1
26.66,0.5,0.4692083058226461,1
26.693,0.5,0.4402030742945253,1
26.727,0.5,0.4037310307874573,1
26.76,0.5,0.41931297333057227,1
26.793,0.5,0.4743215113948419,1
26.827,0.5,0.3277605548644576,1
26.86,1.0,0.8530160202986681,2
26.894,1.0,0.7492002612379185,2
26.927,0.5,0.6344529667568222,1
26.96,0.5,1.211920904923792,1
26.994,0.5,0.9397823738285432,1
27.027,0.5,0.6285078513017643,1
27.06,0.5,0.8356624472532185,1
27.094,0.5,0.6865737116650481,1
27.127,0.5,0.4609617106387286,1
27.16,0.5,0.44581602983183266,1
27.194,0.5,0.4395779215357895,1
27.227,0.5,0.5136123603785808,1
27.261,0.5,0.3371789523254441,1
27.294,0.5,0.192043932275648,1
27.327,0.5,0.20400361122724095,1
27.361,0.5,0.20349011941043324,1
27.394,0.5,1.0880989571515651,1
27.427,0.5,1.3118493897527568,1
27.461,0.5,0.7294417191059314,1
27.494,0.5,0.5757436982996206,1
27.528,0.5,0.528135501202891,1
27.561,0.5,0.5995640279496147,1
27.594,0.5,1.035803546186663,1
27.628,0.5,0.7853331895391488,1
27.661,0.5,0.44559529845285384,1
27.694,0.5,0.3561395054470845,1
27.728,0.5,0.29235588594404255,1
27.761,0.5,0.20244198133678457,1
27.794,0.5,0.5921106125180884,1
27.828,0.5,0.7213736036334061,1
27.861,0.5,1.0619678674387765,1
27.895,0.5,0.4395779215357895,1
27.928,0.5,0.2735205761873805,1
27.961,0.5,0.4353908839870922,1
27.995,0.5,0.23155066984568046,1
28.028,0.5,1.187925451754581,1
28.061,0.5,0.6584868287466586,1
28.095,0.5,0.2745421879765044,1
28.128,0.5,0.14676352186752273,1
28.161,0.5,0.12316641922479209,1
28.195,0.5,0.41687812760411785,1
28.228,0.5,0.20651260189949971,1
28.428,0.5,0.7151596739930141,1
28.462,0.5,0.4752084120352558,1
28.495,0.5,0.2916973125110465,1
28.529,0.5,0.22002000971814,1
28.562,0.5,0.40236357841455317,1
28.595,0.5,0.694476311693661,1
28.629,0.5,0.6555211097289061,1
28.662,0.5,0.9987431109298892,1
33.567,0.5,1.3284936928022604,1
33.6,0.5,1.6568875101994618,1
33.634,0.5,1.7821398661224852,1
33.667,0.5,1.9585392963957717,1
33.7,0.5,2.509979282337601,1
33.734,0.5,2.47574565452398,1
33.767,0.5,1.6943187982544712,1
33.8,0.5,1.0202189286630619,1
33.834,0.5,0.7130833773353376,1
33.867,0.5,0.571568735118764,1
33.901,0.5,0.49539857646625973,1
33.934,0.5,0.3760290610113008,1
33.967,0.5,0.6404604658102352,1
34.001,0.5,0.5281355012029051,1
34.034,0.5,0.5399813043927261,1
34.067,0.5,0.5242737842021886,1
34.101,0.5,0.4953985764663757,1
34.134,0.5,0.6640230983343441,1
34.168,0.5,0.6348286945370623,1
34.201,0.5,0.6947929926705764,1
34.234,0.5,0.5726432586168576,1
34.268,0.5,0.5668058985832733,1
34.301,0.5,0.47614459482616267,1
34.334,0.5,0.4303165903131873,1
34.368,0.5,0.4003701077544643,1
34.401,0.5,0.4771347136214487,1
34.434,0.5,0.41269919953548523,1
34.468,0.5,0.2213206221407244,1
34.501,0.5,1.2919041947369698,1
34.535,0.5,0.9460996719535492,1
34.568,0.5,1.9242677960739116,1
34.601,0.5,2.1078660385549606,1
34.635,0.5,2.065495958812701,1
34.668,0.5,1.8058865905526977,1
34.701,0.5,1.0962280579748216,1
34.735,0.5,0.6229059889014578,1
34.768,0.5,0.3363004204832774,1
34.801,0.5,0.408509144491401,1
34.835,0.5,0.21868834915119215,1
34.868,0.5,0.09109394038740147,1
34.902,0.5,0.1768294136931917,1
34.935,0.5,0.2682775433534365,1
34.968,0.5,0.7333452877116494,1
35.002,0.5,1.2651371888307632,1
35.035,0.5,0.6693033017102313,1
35.068,0.5,1.217389832721994,1
35.102,0.5,2.6687535816058676,1
35.135,0.5,1.5065191300096614,1
35.169,0.5,1.357079438240268,1
35.202,0.5,0.6985124795864441,1
35.235,0.5,0.48702293599469115,1
35.269,0.5,0.1974591934614561,1
35.302,0.5,0.34629851943458595,1
35.335,0.5,0.3292310848426598,1
35.369,0.5,0.3231903331969592,1
35.402,0.5,0.24617642405057436,1
35.435,0.5,0.10150277599478807,1
35.502,0.5,0.17460217265011052,1
35.536,0.5,0.2296114051090702,1
35.569,0.5,0.1821977832030932,1
35.602,0.5,0.15883318095929252,1
35.636,0.5,0.2390877549657331,1
35.669,0.5,0.6360771478592049,1
35.702,0.5,0.4817330085820325,1
35.736,0.5,0.21303187842761015,1
35.769,0.5,0.10974369494754409,1
35.802,0.5,0.36949925767436737,1
35.836,0.5,0.18654898991437252,1
35.869,0.5,0.8940853584951611,1
35.903,0.5,0.9252779001144084,1
35.936,0.5,0.2949321907249216,1
35.969,0.5,0.6730237785451978,1
36.003,0.5,0.3296004227124865,1
36.036,0.5,0.14317026604584934,1
36.069,0.5,0.41214515966476817,1
36.103,0.5,0.3360370454412934,1
36.136,0.5,0.16815021024162402,1
36.17,0.5,0.08800800388726536,1
36.203,0.5,0.05748051120207087,1
36.236,0.5,0.28179377268820094,1
36.37,0.5,0.2719668086044052,1
37.938,0.5,1.6365427245541306,1
37.971,0.5,0.1635247568067791,1
38.005,0.5,1.6636936242746128,1
38.105,0.5,1.057702500560207,1
38.138,0.5,0.8774490928872218,1
38.172,0.5,0.8944754329716779,1
38.205,0.5,0.8985285722420767,1
38.238,0.5,0.8250050705242972,1
38.272,0.5,0.8516417666259051,1
38.305,0.5,0.8774490928872215,1
38.338,0.5,0.8200224480032792,1
38.372,0.5,0.8118143705602412,1
38.405,0.5,0.6744283471876588,1
38.438,0.5,0.795871596350258,1
38.472,0.5,0.5630471617230076,1
38.505,0.5,0.49014078038728315,1
38.539,0.5,0.6639618664223212,1
38.572,0.5,0.4528984646125992,1
38.605,0.5,0.6327351316880081,1
38.639,0.5,0.5745462449974439,1
38.672,0.5,1.4893639530726819,1
38.705,0.5,1.8574260199963728,1
38.739,0.5,1.2480409239891803,1
38.772,0.5,0.9180162505225911,1
38.805,0.5,0.5307955799550744,1
38.839,0.5,0.33889212091990006,1
38.872,0.5,0.34827363376910986,1
38.906,0.5,0.3128322032894599,1
38.939,0.5,0.1551805721913061,1
38.972,0.5,0.16320288898179816,1
39.006,1.0,0.11522160470346263,2
39.039,1.0,0.5618776528560281,2
39.072,1.0,0.5769662954873702,2
39.106,1.0,0.36986188867180253,2
39.139,1.0,0.9218871951895495,2
39.173,1.0,0.6474292209722757,2
39.206,1.0,0.5833050419469408,2
39.239,0.5,0.3881351652576767,1
39.273,1.0,0.5999977416953285,2
39.306,1.0,0.5923920588874235,2
39.339,1.0,0.5938878968450947,2
39.373,1.0,0.7530036454462149,2
39.406,1.0,0.7663957360264968,2
39.439,1.0,0.8471817087108733,2
39.473,1.0,0.8518682808039149,2
39.506,1.0,0.7466240847086205,2
39.54,1.0,0.6248541219937371,2
39.573,1.0,0.5843945727450811,2
39.606,1.0,0.7251535986899311,2
39.64,1.0,0.7639699815929188,2
39.673,1.0,0.4632862224027937,2
39.706,1.0,0.9313908428725743,2
39.74,1.0,0.8035417981888255,2
39.773,1.0,0.5173465611518412,2
39.806,1.0,0.2460080621093096,2
39.84,1.0,0.3209554317224287,2
39.873,1.0,0.3088458773756383,2
39.907,1.0,0.27992353583671253,2
39.94,1.0,0.3281320243475269,2
39.973,1.0,0.18131616582088086,2
40.007,1.0,0.21609016252714525,2
40.04,1.0,0.47128680171348064,2
40.073,1.0,0.39594611010790554,2
40.107,1.0,0.5388591673559142,2
40.14,1.0,0.5074773470840304,2
40.174,1.0,0.306110114817211,2
40.207,1.0,0.3815214969901931,2
40.24,1.0,0.23416306901901118,2
40.274,1.0,0.8789311677290296,2
40.307,1.0,0.6541114347453778,2
40.34,1.0,0.39842891584897266,2
40.374,1.0,0.3489446089909753,2
40.407,1.0,0.34632901733215493,2
40.44,1.0,0.17606063788700488,2
40.474,1.0,0.21900430846890984,2
40.507,1.0,0.14139789001225195,2
40.541,1.0,0.23468408700344942,2
40.574,1.0,0.24452393055133792,2
40.607,1.0,0.28352967556283415,2
40.641,1.0,0.4671682756841032,2
40.674,1.0,0.6395007678426551,2
40.707,1.0,0.5071032534911348,2
40.741,1.0,0.47351012727396447,2
40.774,1.0,0.34636173845446494,2
40.807,1.0,0.27441749119163644,2
40.841,1.0,0.33289515157521377,2
40.874,1.0,0.35964027871061266,2
40.908,1.0,0.12853344993131147,2
40.941,1.0,0.12558634002613556,2
40.974,1.0,0.08595526082346538,2
41.008,1.0,0.1924936556289022,2
41.041,1.0,0.19771006802339913,2
41.074,1.0,0.19018087883484858,2
41.108,1.0,0.16102812451128862,2
41.141,1.0,0.09251552859984838,2
41.175,1.0,0.13787901163450744,2
41.208,1.0,0.17992568961700206,2
41.241,1.0,0.11662284282108759,2
41.275,1.0,0.1256630461507957,2
41.308,1.0,0.14784026254838573,2
41.341,1.0,0.13668238210407674,2
41.375,1.0,0.13134617554741065,2
41.408,1.0,0.1404827854817406,2
41.441,1.0,0.14548870755777496,2
41.475,1.0,0.05940105150440535,2
41.508,1.0,0.24066545909561524,2
41.542,1.0,0.11066031107038007,2
41.575,1.0,0.14423033495425724,2
41.608,1.0,0.21506918583217777,2
41.642,1.0,0.19216441131318795,2
41.675,1.0,0.16617243661154396,2
41.708,1.0,0.11513145850334279,2
41.742,1.0,0.1252776494341046,2
41.775,1.0,0.03297366565820992,2
41.808,1.0,0.05640768036092453,2
41.842,1.0,0.06689495725268732,2
41.875,1.0,0.05215965162724038,2
41.909,1.0,0.07003239276229345,2
41.942,1.0,0.10255815396784722,2
41.975,1.0,0.06507202803513924,2
42.009,1.0,0.0888940226806809,2
42.042,1.0,0.25520532727053974,2
42.075,1.0,0.0692419752742941,2
42.109,1.0,0.1981841028222377,2
42.142,1.0,0.03036629720051778,2
42.176,1.0,0.08434946792596316,2
42.209,1.0,0.17332498804862284,2
42.242,1.0,0.7870861780242219,2
42.276,1.0,0.2939240095410673,2
42.309,1.0,0.13607076817680808,2
42.342,1.0,0.7817905911857319,2
42.376,1.0,0.2991868063845785,2
42.409,1.0,0.1683849443275433,2
42.442,1.0,0.4495728187133733,2
42.476,1.0,0.6633943561722866,2
42.509,1.0,0.28580586895462157,2
42.543,1.0,0.17928312484791178,2
42.576,1.0,0.45900812526129214,2
42.609,1.0,0.5101115136350732,2
42.643,1.0,0.11913679813014473,2
42.676,1.0,0.5916104725590082,2
42.709,1.0,0.38773900479701234,2
42.743,1.0,0.11916856484634816,2
42.776,1.0,0.061123001873645014,2
42.809,1.0,0.13305799553396852,2
42.843,1.0,0.19239399901130572,2
42.876,1.0,0.03286890883536738,2
42.91,1.0,0.033747827484334976,2
42.943,1.0,0.032790827340827985,2
42.976,1.0,0.030366297200511053,2
43.01,1.0,0.03192806698241927,2
43.043,1.5,0.17611064847711747,3
43.076,1.0,0.08259620474004828,2
43.11,1.0,0.09960875058496538,2
43.143,1.0,0.17562395847602763,2
43.177,1.0,0.11927346951215054,2
43.21,1.0,0.18081293655129205,2
43.243,1.0,0.15629617153359962,2
43.277,1.0,0.23904823878241058,2
43.31,1.0,0.08111768519790777,2
43.343,1.0,0.2691679563886233,2
43.377,1.0,0.19263029910905588,2
43.41,1.0,0.20827305687414327,2
43.443,1.0,0.28579815110026535,2
43.477,1.0,0.18810332976396224,2
43.51,1.0,0.0915627279406605,2
43.544,1.0,0.19824247919378646,2
43.577,1.0,0.24492790364251213,2
43.61,1.0,0.215345446983565,2
43.644,1.0,0.15484160339082087,2
43.677,1.0,0.2356582878567003,2
43.71,1.0,0.2739381337662924,2
43.744,1.0,0.12832117531053344,2
43.777,1.0,0.15400072519172853,2
43.81,1.0,0.2357458081062849,2
43.844,1.0,0.14542131886829354,2
43.877,1.0,0.15198764899161382,2
43.911,1.0,0.21900430846890823,2
43.944,1.0,0.2924101571719286,2
43.977,1.0,0.1586782079416906,2
44.011,1.0,0.24882354588316863,2
44.044,1.0,0.164473140883653,2
44.077,1.0,0.09488865257397283,2
44.111,1.0,0.14731709316949615,2
44.144,1.0,0.1552906651412516,2
44.178,1.0,0.22910950706539426,2
44.211,1.0,0.3963968079103618,2
44.244,1.0,0.3202500176551729,2
44.278,1.0,0.3471765317943172,2
44.311,1.0,0.40227493305396095,2
44.344,1.0,0.6034770105222208,2
44.378,1.0,0.4160639780434342,2
44.411,1.0,0.3970624109627148,2
44.444,1.0,0.279250310732412,2
44.478,1.0,0.2536747743411318,2
44.511,1.0,0.15583237922564516,2
44.545,1.0,0.19837410033465222,2
44.578,1.0,0.30462484207094764,2
44.611,1.0,0.13375804145935324,2
44.645,1.0,0.17094113649747433,2
44.678,1.0,0.13791187113528897,2
44.711,1.0,0.2937714855942145,2
44.745,1.0,0.027894953965719706,2
44.778,1.0,0.15338483466465247,2
44.811,1.0,0.20775045830631045,2
44.845,1.0,0.1244860158528468,2
44.878,1.0,0.15699857496456313,2
44.912,1.0,0.14760831082683393,2
44.945,1.0,0.34977177110798086,2
44.978,1.0,0.31868128710732346,2
45.012,1.0,0.4656920557945493,2
45.045,1.0,0.3471196503689913,2
45.078,1.0,0.29636835392328287,2
45.112,1.0,0.14859881103124584,2
45.145,1.0,0.3852204412795167,2
45.179,1.0,0.3836655301961614,2
45.212,1.0,0.4912601513309285,2
45.245,1.0,0.573812345829564,2
45.279,1.0,0.5116651250875792,2
45.312,1.0,0.37188052382700226,2
45.345,1.0,0.49983166912310606,2
45.379,1.0,0.7967713131769687,2
45.412,1.0,0.6370195932663905,2
45.445,1.0,1.3725836442640589,2
45.479,1.0,0.8710686554568476,2
45.512,1.0,0.4342441364228873,2
45.546,0.5,0.5762629736659183,1
45.579,0.5,0.3086723592553367,1
45.612,0.5,0.20344280538450354,1
45.646,0.5,0.20349011941044154,1
45.679,0.5,0.04554697019370377,1
45.712,0.5,0.1240649748310286,1
45.746,0.5,0.15061643771510863,1
45.779,0.5,0.3674619574849527,1
45.812,0.5,0.28632162930848465,1
45.846,0.5,0.20956958995104957,1
45.879,0.5,0.26003449536467144,1
45.913,0.5,0.16320461582277201,1
45.946,0.5,0.4170917363347716,1
45.979,0.5,1.2246785585979163,1
46.013,0.5,0.7122298795566233,1
46.046,0.5,0.5701511107770546,1
46.079,0.5,0.5752592934224771,1
46.113,0.5,0.5259475807375784,1
46.146,0.5,0.40060550158896135,1
46.18,0.5,0.5349704226244101,1
46.213,0.5,0.30667432676053724,1
46.246,1.0,0.2522253153624434,2
46.28,1.0,0.28388059253144676,2
46.313,1.0,0.16380499770772092,2
46.346,1.0,0.10561295763633285,2
46.38,1.0,0.09129655065795525,2
46.413,1.0,0.04670470066388672,2
46.446,1.0,0.16383013664986507,2
46.48,1.0,0.0635066908894529,2
46.513,1.0,0.13322959496577624,2
46.547,1.0,0.081152923572619,2
46.58,1.0,0.05223773312176802,2
46.613,1.0,0.09767774518411611,2
46.647,1.0,0.25143666870716447,2
46.68,1.0,0.4704848610486949,2
46.713,1.0,0.3924360124808755,2
46.747,1.0,0.3860581163483006,2
46.78,1.0,0.46671482794625396,2
46.813,1.0,0.6445517372213291,2
46.847,1.0,0.4344217734482052,2
46.88,1.0,0.5675643054793942,2
46.914,0.5,0.5203727134420071,1
46.947,0.5,0.28179377268814604,1
46.98,1.0,0.4250065367773388,2
47.014,1.0,0.2500855832725468,2
47.047,1.0,0.3593546763099829,2
47.08,1.0,0.2000581419554408,2
47.114,1.0,0.14450622830673718,2
47.147,1.0,0.1610332837028537,2
47.181,1.0,0.1470749415462781,2
47.214,1.0,0.25610704230246295,2
47.247,1.0,0.28192749523062144,2
47.281,1.0,0.28794363116590693,2
47.314,1.0,0.23912738253420046,2
47.347,1.0,0.45949297878632767,2
47.381,1.0,0.06497981353880973,2
47.414,1.0,0.23008702808249903,2
47.447,1.0,0.5139801014895085,2
47.481,1.0,0.27905064276961217,2
47.514,1.0,0.13773450750101268,2
47.548,1.0,0.3274598242636051,2
47.581,1.0,0.15063710431621302,2
47.614,1.0,0.22639005576943888,2
47.648,1.0,0.19402770978875647,2
47.681,1.0,0.09462412409947216,2
47.714,1.0,0.05545955561481415,2
47.748,1.0,0.17174280780778492,2
47.781,1.0,0.1466100683320678,2
47.814,1.0,0.1651833859860174,2
47.848,1.0,0.20868758737280985,2
47.881,1.0,0.1620134500747672,2
47.915,1.0,0.2221947469729575,2
47.948,1.0,0.17608924088105826,2
47.981,1.0,0.17385871777938328,2
48.015,1.0,0.07069219932199892,2
48.048,1.0,0.1284509874417743,2
48.081,1.0,0.056982962719767036,2
48.115,1.0,0.060290769119188216,2
48.148,1.0,0.0742156860024258,2
48.182,1.0,0.10529078418510243,2
48.215,1.0,0.1288817751316168,2
48.248,1.0,0.14629416631927622,2
48.282,1.0,0.15542575500807482,2
48.315,1.0,0.14217787590287606,2
48.348,1.0,0.1452803706711986,2
48.382,1.0,0.19087756488728744,2
48.415,1.0,0.09242887272032341,2
48.448,1.0,0.13332907913170583,2
48.482,1.0,0.15977390882070822,2
48.515,1.0,0.2501147118058655,2
48.549,1.0,0.208027652178729,2
48.582,1.0,0.07764533257062717,2
48.615,1.0,0.11149430151012138,2
48.649,1.0,0.25180991452377244,2
48.682,1.0,0.03286890883535321,2
48.715,1.0,0.16120233942084516,2
48.749,1.0,0.10329576369461861,2
48.782,1.0,0.04473642500104297,2
48.815,1.0,0.1119215832536185,2
48.849,1.0,0.18787215083518516,2
48.882,1.0,0.10343492886432401,2
48.916,1.0,0.45315774777404827,2
48.949,1.0,0.3450451476171824,2
48.982,1.0,0.18428782892696036,2
49.016,1.0,0.24770740256197588,2
49.049,1.0,0.2943866764152174,2
49.082,1.0,0.127099834951344,2
49.116,1.0,0.14014068796865847,2
49.149,1.0,0.06893748958309104,2
49.183,1.0,0.10021935092182621,2
49.216,1.0,0.05456736178256725,2
49.249,1.5,0.14735824530873048,3
49.283,1.5,0.16325191484441368,3
49.316,1.0,0.0885858138029447,2
49.349,1.0,0.28815824724011974,2
49.383,1.0,0.13787901163447974,2
49.416,1.0,0.06215385098630369,2
49.449,1.0,0.09356556431680575,2
49.483,1.0,0.46397127849182546,2
49.516,1.5,0.20331695640892022,3
49.55,1.5,0.176214114285378,3
49.583,1.5,0.09708335127084478,3
49.616,1.5,0.21788556869905865,3
49.65,1.0,0.13299443239214098,2
49.683,1.0,0.12741943217623017,2
49.716,1.5,0.23505166803253505,3
49.75,1.0,0.06385613396480098,2
49.783,1.5,0.23449458464934558,3
49.816,1.0,0.3485551010855949,2
49.85,1.0,0.12201576996116217,2
49.883,1.5,0.17220211310695163,3
49.917,1.5,0.1377982601441183,3
49.95,2.0,0.3743231829503073,4
49.983,1.5,0.17694412929138617,3
50.017,1.5,0.19859396665910437,3
50.05,1.0,0.16172837310929067,2
50.083,1.0,0.2346308559306991,2
50.117,1.0,0.27201145102759966,2
50.15,1.0,0.19258559416184218,2
50.184,1.0,0.07147497657073229,2
50.217,1.0,0.05946436556373198,2
50.25,0.5,0.1551805721913061,1
50.284,1.0,0.7047976787945769,2
50.317,0.5,0.34827363376909726,1
50.35,0.5,0.4080072224544886,1
50.384,0.5,0.21868834915118507,1
50.417,0.5,0.08622076680312292,1
50.45,0.5,0.06120108336817094,1
50.484,0.5,0.027894953965719706,1
50.517,1.0,0.22193187574081585,2
50.551,1.0,0.12215620028032304,2
50.584,1.0,0.09098918356453457,2
50.617,1.0,0.1370594400352261,2
50.651,1.0,0.1419340505514273,2
50.684,1.0,0.03894043616241167,2
50.717,1.0,0.28355832919479645,2
50.751,1.0,0.05915887536585038,2
50.784,1.0,0.19267786963474684,2
50.817,1.0,0.21955180985928147,2
50.851,1.0,0.7752892319446948,2
50.884,1.0,0.3878739131273198,2
50.918,1.0,0.07010817774227827,2
50.951,1.0,0.08236196025647516,2
50.984,1.0,0.09181687378457423,2
51.018,1.0,0.13947476982858714,2
51.051,1.0,0.05092282131229104,2
51.084,0.5,0.04048839626735928,1
51.118,0.5,0.019800350501472802,1
51.151,0.5,0.020244198133676276,1
51.251,0.5,0.045337456547988784,1
51.285,0.5,0.019648780541504166,1
51.318,0.5,0.02024419813366955,1
51.351,0.5,0.04048839626735255,1
51.385,0.5,0.019648780541510695,1
51.451,0.5,0.02024419813366955,1
51.485,0.5,0.027894953965724344,1
51.518,0.5,0.020400361122728132,1
51.652,0.5,0.027894953965719706,1
51.685,0.5,0.04048839626734582,1
51.718,0.5,0.020244198133683004,1
51.752,0.5,0.027894953965710508,1
51.785,0.5,0.020244198133687365,1
51.818,0.5,0.028740255601047322,1
51.852,0.5,0.019648780541517228,1
51.885,0.5,0.02024419813366282,1
51.919,0.5,0.019648780541497636,1
51.952,0.5,0.020400361122721405,1
51.985,0.5,0.02024419813366282,1
52.019,0.5,0.019800350501466273,1
52.052,0.5,0.04533745654799104,1
52.119,0.5,0.027894953965710508,1
52.219,0.5,0.06073259440103556,1
52.252,0.5,0.06406732986958652,1
52.286,0.5,0.019800350501466273,1
52.319,0.5,0.020244198133676276,1
52.352,0.5,0.020244198133673907,1
52.386,0.5,0.019800350501462134,1
52.419,0.5,0.02874025560104873,1
52.452,0.5,0.08097679253469837,1
52.486,0.5,0.019648780541517228,1
52.553,0.5,0.027894953965719706,1
52.586,0.5,0.020244198133683004,1
52.619,0.5,0.028740255601047322,1
52.653,0.5,0.027894953965710508,1
52.686,0.5,0.020400361122728132,1
52.719,0.5,0.028740255601033066,1
52.753,0.5,0.019800350501466273,1
52.786,0.5,0.020244198133683004,1
52.819,0.5,0.08407510512081445,1
52.853,0.5,0.04400400194362099,1
52.886,0.5,0.10399132611191228,1
52.953,0.5,0.08407510512081774,1
52.986,0.5,0.020400361122725797,1
53.02,0.5,0.01964878054150659,1
53.053,0.5,0.04554697019370755,1
53.12,0.5,0.03929756108301486,1
53.153,0.5,0.028740255601033066,1
53.187,0.5,0.027894953965719706,1
53.253,0.5,0.10150277599477461,1
53.287,0.5,0.027894953965719706,1
53.32,0.5,0.045546970193703726,1
53.353,0.5,0.04048839626734582,1
53.387,0.5,0.019648780541504166,1
53.42,0.5,0.04533745654796998,1
53.453,0.5,0.028740255601037806,1
53.487,0.5,0.02789495396571511,1
53.52,0.5,0.028740255601037844,1
53.554,0.5,0.019648780541517228,1
53.587,0.5,0.020400361122721405,1
53.62,0.5,0.02874025560104873,1
53.654,0.5,0.08105089208808493,1
53.687,0.5,0.04533745654798277,1
53.72,0.5,0.028740255601047322,1
53.754,0.5,0.027894953965724344,1
53.787,0.5,0.057480511202075646,1
53.82,0.5,0.028740255601047322,1
53.854,0.5,0.07859512216603626,1
53.887,0.5,0.04048839626734582,1
53.954,0.5,0.045546970193691715,1
53.987,0.5,0.06073259440102883,1
54.021,0.5,0.04420735342330375,1
54.054,0.5,0.020400361122728132,1
54.087,0.5,0.020400361122721405,1
54.121,0.5,0.039297561083034456,1
54.154,0.5,0.1619535850694102,1
54.188,0.5,0.11954387748288187,1
54.221,0.5,0.10325630094977538,1
54.254,0.5,0.04048839626736601,1
54.288,0.5,0.019800350501466273,1
54.321,0.5,0.04533745654796998,1
54.354,0.5,0.020400361122721405,1
54.388,0.5,0.06256644065789571,1
54.421,0.5,0.020400361122721405,1
54.454,0.5,0.22361866930350943,1
54.488,0.5,0.10592487875440262,1
54.521,0.5,0.04533745654797602,1
54.555,0.5,0.019648780541517228,1
54.588,0.5,0.06406732986957801,1
54.621,0.5,0.02024419813366955,1
54.655,0.5,0.03929756108302139,1
54.721,0.5,0.02874025560104403,1
54.755,0.5,0.21613658595656923,1
54.788,0.5,0.02874025560104873,1
54.821,0.5,0.04533745654796998,1
54.855,0.5,0.20043870184364604,1
54.888,0.5,0.04533745654797299,1
54.922,0.5,0.08105089208810186,1
54.955,0.5,0.1619535850694102,1
54.988,0.5,0.04048839626735928,1
55.022,0.5,0.062182996638126244,1
55.088,0.5,0.20244198133676278,1
55.122,0.5,0.13895937586803897,1
55.155,0.5,0.12146518880205093,1
55.189,0.5,0.019648780541517228,1
55.255,0.5,0.18333632192790641,1
55.289,0.5,0.09824390270755348,1
55.322,0.5,0.1619535850694102,1
55.355,0.5,0.06073259440104191,1
55.389,0.5,0.03929756108301318,1
55.422,0.5,0.020400361122732524,1
55.455,0.5,0.028740255601047322,1
55.489,0.5,0.019648780541497636,1
55.522,0.5,0.020244198133683004,1
55.589,0.5,0.020244198133683004,1
55.656,0.5,0.03929756108301486,1
55.689,0.5,0.020244198133683004,1
55.756,0.5,0.019648780541517228,1
55.822,0.5,0.028740255601047322,1
55.856,0.5,0.062182996638130345,1
55.889,0.5,0.2050056120008195,1
55.923,0.5,0.5940105150440665,1
55.956,0.5,0.7754780095940177,1
55.989,0.5,0.2040036112272849,1
56.023,0.5,0.43605063064684246,1
56.056,0.5,0.14676352186756175,1
56.089,0.5,0.4492642861210448,1
56.123,0.5,0.09900175250734441,1
56.156,0.5,0.1543603671644383,1
56.19,0.5,0.15061643771509917,1
56.223,0.5,0.0644623934050874,1
56.256,0.5,0.020400361122728132,1
56.29,0.5,0.039600701002939075,1
56.323,0.5,0.06120108336817094,1
56.356,0.5,0.028740255601037844,1
56.39,0.5,0.039600701002932545,1
56.423,0.5,0.08407510512081774,1
56.456,0.5,0.18360325010451284,1
56.49,0.5,0.07122347384747743,1
56.523,0.5,0.04080072224544281,1
56.557,0.5,0.05940105150441188,1
56.59,0.5,0.12892478681019182,1
56.623,0.5,0.12406497483107522,1
56.657,0.5,1.326768985849295,1
56.69,0.5,0.08160144449089235,1
56.723,0.5,0.20400361122724095,1
56.757,0.5,0.5742101645426002,1
56.79,0.5,0.6123455626538675,1
56.823,0.5,0.2652046945954052,1
56.857,0.5,1.0098178755749105,1
56.89,0.5,0.32640577796358955,1
56.924,0.5,0.9306164735690454,1
56.957,0.5,0.5100090280681024,1
56.99,0.5,0.5916104725590015,1
57.024,0.5,0.31923360033400294,1
57.057,0.5,0.8978441470885526,1
57.09,0.5,0.14280252785907002,1
57.124,0.5,0.7130833773354738,1
57.157,0.5,0.2244039723500174,1
57.191,0.5,0.35640630902637066,1
57.224,0.5,0.12240216673637497,1
57.257,0.5,0.9384166116453124,1
57.291,0.5,0.5745462449975705,1
57.324,0.5,0.4488079446999382,1
57.357,0.5,0.5715687351186272,1
57.391,0.5,0.5349704226244032,1
57.424,0.5,0.36776411101934153,1
57.491,0.5,0.019800350501472802,1
57.524,0.5,0.10974369494754786,1
57.558,0.5,0.08841470684661336,1
57.591,0.5,0.02874025560102355,1
57.624,0.5,0.10150277599477461,1
57.658,0.5,0.027894953965715143,1
57.691,0.5,0.2244039723499691,1
57.724,0.5,0.9384166116455077,1
57.758,0.5,0.4162713485796537,1
57.791,0.5,0.16416395125654593,1
57.824,0.5,0.05748051120208513,1
57.858,0.5,0.01980035050145974,1
57.891,0.5,0.2050056120008195,1
57.925,0.5,0.21868834915118449,1
57.958,0.5,0.20400361122724095,1
57.991,0.5,0.1366409105811022,1
58.025,0.5,0.19897603517728113,1
58.058,0.5,0.24480433347268377,1
58.091,0.5,0.08160144449089908,1
58.125,0.5,0.04420735342329504,1
58.158,0.5,0.04554697019369475,1
58.192,0.5,0.027894953965705908,1
58.225,0.5,0.02024419813366282,1
58.292,0.5,0.027894953965705908,1
58.325,0.5,0.020400361122721405,1
58.358,0.5,0.040800722245458325,1
58.392,0.5,0.2581534045747458,1
58.425,0.5,0.3066743267605974,1
58.458,0.5,0.2652046945954186,1
58.492,0.5,0.34565989721518403,1
58.525,0.5,0.20400361122724095,1
58.559,0.5,0.3807966936096818,1
58.592,0.5,0.18801453050560335,1
58.625,0.5,0.10399132611191358,1
58.659,0.5,0.039600701002932545,1
58.692,0.5,0.1644536728993326,1
58.725,0.5,0.23856735681071978,1
58.759,0.5,0.15961680016699822,1
58.792,0.5,0.2652046945954119,1
58.825,0.5,0.16445367289933174,1
58.859,0.5,0.37825355117992504,1
58.892,0.5,0.20400361122724095,1
58.926,0.5,0.17928312484791106,1
58.959,0.5,0.028740255601033066,1
58.992,0.5,0.10399132611193597,1
59.026,0.5,0.06256644065788053,1
59.059,0.5,0.020400361122725797,1
59.092,0.5,0.020400361122721405,1
59.126,0.5,0.019800350501472802,1
59.159,0.5,0.06446239340509802,1
59.193,0.5,0.04420735342330085,1
59.226,0.5,0.06120108336817094,1
59.259,0.5,0.045546970193697744,1
59.293,0.5,0.039600701002932545,1
59.326,0.5,0.028740255601037844,1
59.359,0.5,0.05748051120208513,1
59.393,0.5,0.027894953965710508,1
59.426,0.5,0.12316641922479096,1
59.459,0.5,0.1300172476823305,1
59.493,0.5,0.08800800388726242,1
59.526,0.5,0.05748051120208513,1
59.56,0.5,0.4523555073064632,1
59.593,0.5,0.7493130865928737,1
59.626,1.0,1.220446752196898,2
59.66,1.0,1.9245216258544522,2
59.693,0.5,1.3095409116022723,1
59.726,0.5,1.0675393348422395,1
59.76,0.5,1.8033773494572465,1
59.793,0.5,1.3057071679445404,1
59.826,0.5,0.8565865073781513,1
59.86,0.5,0.8791558430715986,1
59.893,0.5,0.6337059488014034,1
59.927,0.5,0.5040947592456576,1
59.96,0.5,0.5772323205645483,1
59.993,0.5,0.28861616028227505,1
60.027,1.0,0.7309673600910429,2
60.06,1.0,0.6561368175347425,2
60.093,0.5,0.06120108336817767,1
60.127,1.0,1.4435141503935291,2
60.16,1.0,0.9557794637492696,2
60.194,1.0,0.4886461533762479,2
60.227,1.0,0.5369929223886475,2
60.26,1.0,0.124067606045611,2
60.294,1.0,0.21980857089195954,2
60.327,1.0,0.3582297972287718,2
60.36,1.0,0.19072262202689672,2
60.394,1.0,0.12165083103207192,2
60.427,1.0,0.14643457541443317,2
60.46,1.0,0.31234375418539073,2
60.494,1.0,0.7626283957649067,2
60.527,1.0,0.7262395960200638,2
60.561,1.0,0.5139128429096842,2
60.594,1.0,0.8584059497248009,2
60.627,1.0,0.840258412823415,2
60.661,1.0,0.48561270709829024,2
60.694,1.0,0.254371233633832,2
60.727,1.0,0.33344534560681216,2
60.761,1.0,0.2333192020839054,2
60.794,1.0,0.2005730788147319,2
60.827,1.0,0.10200180561361712,2
60.861,1.0,0.1972983601498237,2
60.894,1.0,0.0751027222015525,2
60.928,1.0,0.10492731662155516,2
60.961,1.0,0.18804222316310032,2
60.994,1.0,0.18804222316309951,2
61.028,1.0,0.22563951486524128,2
61.061,1.0,0.29045764562619286,2
61.094,1.0,0.22375731382842068,2
61.128,1.0,0.289962915690326,2
61.161,1.0,0.39342651789650407,2
61.195,1.0,0.4961297427993301,2
61.228,1.0,0.3231624450145009,2
61.261,1.0,0.3849386615795598,2
61.295,1.0,0.31502345800950005,2
61.328,1.0,0.18711674363996816,2
61.361,1.0,0.051875588930413205,2
61.395,1.0,0.08949219014522236,2
61.428,1.0,0.03477048892325215,2
61.461,1.0,0.5413389426365987,2
61.495,1.0,0.32207442900456185,2
61.528,1.0,0.32378329434282244,2
61.562,1.0,0.22858592927620827,2
61.595,1.0,0.40805789724195707,2
61.628,1.0,0.1669522318389107,2
61.662,1.0,0.5158354012451338,2
61.695,1.5,0.2633886244452051,3
61.728,1.0,0.0764026152160441,2
61.762,1.5,0.4424549864899479,3
61.828,0.5,0.020244198133683004,1
61.862,0.5,0.019648780541517228,1
61.895,0.5,0.020244198133683004,1
62.029,0.5,0.01964878054151312,1
62.062,0.5,0.12316641922482413,1
62.095,0.5,0.04533745654796998,1
62.129,0.5,0.06218299663812416,1
62.162,0.5,0.02024419813366955,1
62.196,0.5,0.019800350501466273,1
62.262,0.5,0.020244198133676276,1
62.329,0.5,0.02024419813366955,1
62.429,0.5,0.06406732986956525,1
62.462,0.5,0.028740255601042545,1
62.629,0.5,0.020400361122721405,1
62.763,0.5,0.019648780541517228,1
62.863,0.5,0.039297561083034456,1
62.896,0.5,0.02024419813366955,1
63.03,0.5,0.019648780541510695,1
63.063,0.5,0.020244198133676276,1
63.13,0.5,0.019800350501462134,1
63.263,0.5,0.02024419813366955,1
63.297,0.5,0.019648780541517228,1
63.33,0.5,0.028740255601042545,1
63.363,0.5,0.028740255601042545,1
63.397,0.5,0.027894953965724344,1
63.463,0.5,0.090674913095949,1
63.497,0.5,0.019648780541510695,1
63.53,0.5,0.045337456547982,1
63.564,0.5,0.019800350501472802,1
63.597,0.5,0.028740255601033066,1
63.63,0.5,0.045546970193703726,1
63.664,0.5,0.12041600498307845,1
63.697,0.5,0.14280252785907002,1
63.73,0.5,0.24563995856763515,1
63.764,0.5,0.1782031545131788,1
63.797,0.5,0.10399132611193466,1
63.83,0.5,0.04048839626735255,1
63.864,0.5,0.044207353423297895,1
63.897,0.5,0.10200180561362047,1
63.931,0.5,0.0836848618971454,1
63.964,0.5,0.08407510512081445,1
63.997,0.5,0.06446239340509802,1
64.031,0.5,0.01964878054151312,1
64.064,0.5,0.08097679253473325,1
64.097,0.5,0.020244198133683004,1
64.131,0.5,0.027894953965718512,1
64.164,0.5,0.020400361122721405,1
64.198,0.5,0.019648780541521332,1
64.231,0.5,0.020244198133683004,1
64.264,0.5,0.02024419813366955,1
64.298,0.5,0.06256644065787643,1
64.331,0.5,0.08160144449089908,1
64.364,0.5,0.04080072224544281,1
64.398,0.5,0.05940105150442429,1
64.431,0.5,0.028740255601033066,1
64.464,0.5,0.07338176093375952,1
64.498,0.5,0.10093275769684451,1
64.531,0.5,0.08407510512082098,1
64.565,0.5,0.12041600498310792,1
64.598,0.5,0.12406497483103966,1
64.631,0.5,0.12406497483104187,1
64.665,0.5,0.11880210300878587,1
64.698,0.5,0.1442303349543227,1
64.731,0.5,0.2006673724803072,1
64.765,0.5,0.15933559974893258,1
64.798,0.5,0.10399132611191228,1
64.831,0.5,0.1484313720048516,1
64.865,0.5,0.01980035050147694,1
64.898,0.5,0.06446239340509163,1
64.932,0.5,0.06256644065788264,1
64.965,0.5,0.17503785566221305,1
64.998,0.5,0.1641639512565172,1
65.032,0.5,0.24108720882656137,1
65.065,0.5,0.2182694471302678,1
65.098,0.5,0.35398928914625477,1
65.132,0.5,0.19748293991331756,1
65.165,0.5,0.32390717013882714,1
65.199,0.5,0.3109149831906837,1
65.232,0.5,0.28861616028226894,1
65.265,0.5,0.16323338644643873,1
65.299,0.5,0.18576899610185713,1
65.332,0.5,0.09067491309598204,1
65.365,0.5,0.04533745654798801,1
65.399,0.5,0.10592487875437687,1
65.432,0.5,0.14676352186753205,1
65.465,0.5,0.1484313720048451,1
65.499,0.5,0.12041600498311003,1
65.532,0.5,0.10399132611191489,1
65.566,0.5,0.055789907931423195,1
65.599,0.5,0.18360325010451284,1
65.632,0.5,0.19338718021529622,1
65.666,0.5,0.2575969210595929,1
65.699,0.5,0.4600807105037875,1
65.732,0.5,0.2194873898951007,1
65.766,0.5,0.2581534045747458,1
65.799,0.5,0.2682775433534212,1
65.832,0.5,0.3677641110194996,1
65.866,0.5,0.4360506306468292,1
65.899,0.5,0.31074506231360133,1
65.933,0.5,0.47885040050091243,1
65.966,0.5,0.46920830582286166,1
65.999,0.5,0.4125025352621486,1
66.033,0.5,0.27720490702050254,1
66.066,0.5,0.15518057219130701,1
66.099,0.5,0.23742633696470583,1
66.133,0.5,0.17928312484794207,1
66.166,0.5,0.14633040638814512,1
66.2,0.5,0.09900175250732374,1
66.233,0.5,0.10325630094975975,1
66.266,0.5,0.08407510512081445,1
66.3,0.5,0.05894634162453788,1
66.333,0.5,0.04080072224544954,1
66.366,0.5,0.11871316848235292,1
66.4,0.5,0.1824846913730602,1
66.433,0.5,0.2652046945954186,1
66.466,0.5,0.08622076680316484,1
66.5,0.5,0.1876993219736334,1
66.533,0.5,0.23856735681072205,1
66.567,0.5,0.13998826627916136,1
66.6,0.5,0.17413681688455726,1
66.633,0.5,0.26597623501643514,1
66.667,0.5,0.299593760453661,1
66.7,0.5,0.2884606699085126,1
66.733,0.5,0.4013347449606136,1
66.767,1.0,0.5325633069179179,2
66.8,1.0,0.586724818596455,2
66.834,1.0,0.1975298515232107,2
66.867,1.0,0.13290183254489138,2
66.9,1.0,0.1595337731905346,2
66.934,1.0,0.19978232204181962,2
66.967,1.0,0.16921497301964333,2
67.0,1.0,0.1874184635426957,2
67.034,1.0,0.13680770352631932,2
67.067,1.0,0.28802145704365006,2
67.1,1.0,0.39336843320418063,2
67.134,1.0,0.5119469758222406,2
67.167,1.0,0.5916540726791983,2
67.201,1.0,0.6241518661378107,2
67.234,1.0,0.7526543927500804,2
67.267,1.0,0.6553847688442168,2
67.301,1.0,0.4824371215855722,2
67.334,1.0,0.37203330600671636,2
67.367,1.0,0.28673833952068506,2
67.401,1.0,0.1917558538726877,2
67.434,1.0,0.5612401519326045,2
67.467,1.0,0.4818347999907956,2
67.501,1.0,0.22941657076907343,2
67.534,1.0,0.1758767301730717,2
67.568,1.0,0.2200044856460291,2
67.601,1.0,0.24209886346966447,2
67.634,1.0,0.18092121542113782,2
67.668,1.0,0.23897440273493487,2
67.701,1.0,0.5165486877252706,2
67.734,1.0,0.7205559444877075,2
67.768,1.0,0.7132334142947001,2
67.801,1.0,0.572081800602091,2
67.835,1.0,0.5122025319280843,2
67.868,1.0,0.22871894342863425,2
67.901,1.0,0.22054554515230387,2
67.935,1.0,0.18206945235479444,2
67.968,1.0,0.2229788619723187,2
68.001,1.0,0.18019185155080752,2
68.035,1.0,0.10650957387169359,2
68.068,1.0,0.6334084840020424,2
68.101,1.0,0.1466892298547658,2
68.135,1.0,0.26595597783247416,2
68.168,1.0,0.057480511202078005,2
68.202,1.5,0.38471911122522,3
68.235,1.5,0.6803299463739432,3
68.268,2.0,0.6576956908430314,4
68.302,2.0,0.757164619086169,4
68.335,2.0,0.7693142571718494,4
68.368,2.0,0.4735420001397726,4
68.402,2.0,0.5389005944465421,4
68.435,2.0,0.8248519167233342,4
68.468,2.0,0.5811599250120129,4
68.502,2.0,0.46891232325354537,4
68.535,2.0,0.47221324470486503,4
68.569,1.5,0.17313858848614405,3
68.602,1.5,0.8464103826683154,3
68.635,1.5,0.6624544771716315,3
68.669,1.5,0.39195650954388706,3
68.702,1.5,0.33569063051933606,3
68.735,1.5,0.358040268306753,3
68.769,1.5,0.3476759547518726,3
68.802,1.5,0.5715764803547604,3
68.836,1.5,0.8760403019138602,3
68.869,1.5,0.6968577554205925,3
68.902,1.5,0.5905480123899312,3
68.936,1.5,0.47197495083942037,3
68.969,2.5,0.6653236500766608,5
69.002,2.0,0.46179014204882207,4
69.036,2.0,0.5432395242823507,4
69.069,2.0,0.5816343203775463,4
69.102,2.0,0.49324420783656153,4
69.136,1.5,0.7318172795490231,3
69.169,1.5,0.8135287496782743,3
69.203,1.0,0.5666474876022924,2
69.236,1.0,0.5000950961467049,2
69.269,1.0,0.892965760808746,2
69.303,1.0,1.1488018604816657,2
69.336,1.0,0.5858598347428381,2
69.369,1.5,0.7826204453781114,3
69.403,1.0,0.672058539282845,2
69.436,1.0,0.40351758775952895,2
69.469,1.5,1.3810197603098509,3
69.503,1.5,0.9361716673456968,3
69.536,1.5,1.1843824599342037,3
69.57,2.0,0.596812088960636,4
69.603,1.5,0.45673747340586474,3
69.636,1.5,0.6300262312695576,3
69.67,1.5,0.7591269902195524,3
69.703,1.5,0.6709768319766769,3
69.736,1.0,0.3083665640179584,2
69.77,1.0,0.18625190659484897,2
69.803,1.5,1.3405652658023997,3
69.837,1.0,0.2795939735970434,2
69.87,1.0,0.5913212557720338,2
69.903,1.0,0.6251897723511326,2
69.937,1.0,0.23317463770116817,2
69.97,1.0,0.1473582453087398,2
70.003,1.0,0.44869617759011793,2
70.037,1.0,0.306905432772699,2
70.07,1.5,0.2902167968234205,3
70.103,1.0,0.4196405262665474,2
70.137,1.5,0.9914412016729989,3
70.17,1.0,0.7783648323975179,2
70.204,1.5,0.4900424176087695,3
70.237,1.0,0.5135843744647783,2
70.27,1.5,0.6664956891479722,3
70.304,1.5,1.1729494231806765,3
70.337,1.5,0.2625043119680238,3
70.37,1.5,0.49886168239237755,3
70.404,1.5,0.7682540209642296,3
70.437,1.5,0.9026964470633462,3
70.47,1.5,0.9851960560765195,3
70.504,1.5,0.5650725460412976,3
70.537,1.5,0.9926775472085488,3
70.571,1.5,0.674041854138964,3
70.604,1.5,0.7813363058771392,3
70.637,1.5,0.8734946364271208,3
70.671,1.0,0.4231711834890012,2
70.704,1.0,1.5266307582911787,2
70.737,1.0,0.5510842962517772,2
70.771,0.5,0.47800679924681955,1
70.804,1.0,0.47440569494658813,2
70.838,1.0,0.09900175250735857,2
70.871,0.5,0.4200809953667127,1
70.904,0.5,0.2244039723499691,1
70.938,1.0,0.36805756483184937,2
70.971,0.5,0.7230030267965741,1
71.004,1.0,0.578282203965135,2
71.071,1.0,0.33216137434081305,2
71.104,0.5,0.47649954287782076,1
71.138,1.0,2.1768711242924748,2
71.171,0.5,0.3103611443825939,1
71.205,1.0,0.044004001943633075,2
71.238,1.0,0.2249151390859445,2
71.271,1.0,1.0626940784849879,2
71.305,1.0,0.44949340249067987,2
71.338,1.5,0.5781613392122894,3
71.371,0.5,0.288460669908506,1
71.405,0.5,0.3174143472684644,1
71.438,1.0,0.4560450803427665,2
71.471,1.0,0.6097872962464154,2
71.505,1.5,0.5474902173515018,3
71.538,1.5,0.46583160517485006,3
71.572,1.5,0.2633413355757282,3
71.605,1.5,0.2948690470456448,3
71.638,1.5,0.2754610770990426,3
71.672,1.5,0.43078191093535995,3
71.705,1.0,0.21576464367726747,2
71.738,1.5,1.0003470420085525,3
71.772,1.5,0.5615836703614215,3
71.805,1.5,0.40368561161967503,3
71.839,1.5,0.2577858392070558,3
71.872,1.0,0.16447314088362258,2
71.905,1.0,0.18361341645370502,2
71.939,1.0,0.8127016582082032,2
71.972,1.0,0.7152018410128391,2
72.005,1.0,0.37099392476897713,2
72.039,1.0,0.31477980110474035,2
72.072,1.0,0.6044225744886313,2
72.105,1.0,0.4539461870908953,2
72.139,1.0,0.2890016408579881,2
72.172,1.0,0.3703726574546122,2
72.206,1.0,0.18599076954678873,2
72.239,1.0,0.32641867420776494,2
72.272,1.0,0.4011736056785248,2
72.306,1.0,0.2019026567569842,2
72.339,1.0,0.17694341080976042,2
72.372,1.0,0.10104499500213537,2
72.406,1.0,0.3364889676753415,2
72.439,1.0,0.23658830836083805,2
72.472,1.0,0.29114188516501693,2
72.506,1.0,0.24858454965188514,2
72.539,1.0,0.3321233738742202,2
72.573,1.0,0.3609447003149745,2
72.606,1.0,0.4462051642680471,2
72.639,1.0,0.4331683659011667,2
72.673,1.0,0.4757799800040967,2
72.706,1.0,0.6375330811805784,2
72.739,1.0,0.38594434651931764,2
72.773,1.0,0.3203948601549277,2
72.806,1.0,1.034329369362478,2
72.84,1.0,0.5032260039108225,2
72.873,1.0,0.6339116261382773,2
72.906,1.0,0.30701453741333073,2
72.94,1.0,0.11724324067749835,2
72.973,1.0,0.30506843890656715,2
73.006,1.0,0.15609283814215968,2
73.04,1.0,0.171686013593018,2
73.073,1.0,0.10212201653484078,2
73.106,1.0,0.3339580474228644,2
73.14,1.0,0.2606467043351398,2
73.173,1.0,0.27491175768709314,2
73.207,1.0,0.6581067884968956,2
73.24,1.0,0.6219194157850969,2
73.273,1.0,0.5413079832521374,2
73.307,1.0,0.3532417985484404,2
73.34,1.0,0.3734322733555898,2
73.373,0.5,0.16320288898179816,1
73.407,0.5,0.0792014020058947,1
73.44,0.5,0.20066737248031333,1
73.473,0.5,1.696668828139095,1
73.507,1.0,0.5328659091448024,2
73.54,1.0,0.2419022267505586,2
73.574,0.5,0.4492976187174421,1
73.607,0.5,0.1996367399731766,1
73.64,1.0,0.1598469395350629,2
73.674,0.5,0.18639558132633827,1
73.707,0.5,0.09971022961364352,1
73.74,1.0,0.406960332444652,2
73.774,0.5,1.281002120937154,1
73.807,1.0,0.9421315610482427,2
73.841,0.5,0.292355885944128,1
73.874,0.5,0.2639640734052595,1
73.907,0.5,0.35613950544704615,1
73.941,0.5,0.12619321098577885,1
73.974,0.5,0.06406732986958015,1
74.007,0.5,0.2280273076601624,1
74.041,0.5,0.16320461582280135,1
74.074,0.5,0.26047348638697493,1
75.776,0.5,1.1867358354586746,1
75.809,0.5,1.1922300817702358,1
75.843,0.5,1.2580642796347918,1
75.876,0.5,0.801622216439875,1
75.909,0.5,0.6886426793862693,1
75.943,0.5,0.7957853966981505,1
75.976,0.5,1.0579476108098964,1
76.009,0.5,0.975156915007939,1
76.043,0.5,0.9314458219267491,1
76.076,0.5,0.939289650344833,1
76.109,0.5,0.8209656059339961,1
76.143,0.5,0.4426412442814482,1
76.176,0.5,0.3612757770178356,1
76.21,0.5,0.31680560802357227,1
76.243,0.5,0.46964482517222095,1
76.276,0.5,0.5534838986755707,1
76.31,0.5,0.9023005614124454,1
76.343,0.5,0.5116136422568103,1
76.376,0.5,1.3676028809368757,1
76.41,0.5,1.319526144071776,1
76.443,0.5,1.0635569796885151,1
80.647,0.5,1.5525406610303336,1
80.681,0.5,1.8613366589874363,1
80.714,0.5,1.313291003758863,1
80.747,0.5,1.4350392840057418,1
80.781,0.5,1.4519548135805127,1
80.814,0.5,1.2688661734829434,1
80.848,0.5,1.346423834099608,1
80.881,0.5,2.182932513022133,1
80.914,0.5,0.8809451310835092,1
80.948,0.5,1.148588406189737,1
80.981,0.5,0.8793153763429895,1
81.014,0.5,1.0562511610292789,1
81.048,0.5,1.0721036830700994,1
81.081,0.5,1.7078105505655437,1
81.114,0.5,0.6282028421533105,1
81.148,0.5,0.8624530586338396,1
81.215,0.5,1.0256655451310617,1
81.248,0.5,0.9925197986483526,1
81.281,0.5,1.1968616929060458,1
81.381,0.5,1.0638636255215923,1
81.415,0.5,1.0891965210736168,1
81.448,0.5,0.8793153763433682,1
81.481,0.5,0.7979287050493236,1
81.515,0.5,0.8325426971593197,1
81.548,0.5,0.7754780095940113,1
81.582,0.5,0.9488620462052275,1
81.615,0.5,0.7369198757027289,1
81.648,0.5,0.6353206807091133,1
81.682,0.5,1.3290225029015181,1
81.715,0.5,1.4021313008573801,1
81.748,0.5,0.9497276862114333,1
81.782,0.5,0.6834566336073716,1
81.815,0.5,1.060818778381661,1
81.849,0.5,0.7922577122036345,1
81.882,0.5,0.9692324476686469,1
81.915,0.5,0.6983231582591425,1
81.949,0.5,0.4658844995589128,1
81.982,0.5,0.6984086906004578,1
82.015,0.5,1.018764942929411,1
82.049,0.5,1.1720336892109091,1
82.082,0.5,1.2441702268711219,1
82.115,0.5,1.224111326795373,1
82.149,0.5,1.4501805037584898,1
82.182,0.5,1.3361170768226207,1
82.216,0.5,0.6779679948929188,1
82.249,0.5,0.4389747797902014,1
82.282,0.5,0.4125025352621506,1
82.316,0.5,0.4336975820898372,1
82.349,0.5,0.6353206807090931,1
82.382,0.5,0.42888563187001266,1
82.416,0.5,0.3072284430583633,1
82.449,0.5,0.24812994966208815,1
82.482,0.5,0.5726432586168728,1
82.516,0.5,0.6015200189662738,1
82.549,0.5,1.008900571707957,1
82.583,0.5,0.5583818935353797,1
82.616,0.5,0.7688079584349318,1
82.649,0.5,2.7724918838570285,1
82.683,0.5,0.4933952159359716,1
82.716,0.5,1.627738171407709,1
82.749,0.5,0.3395883143097961,1
82.783,0.5,0.4425253449584451,1
82.816,0.5,0.4855211127127133,1
82.85,0.5,0.46862648757908426,1
82.883,0.5,0.2522253153624499,1
82.916,0.5,0.2886161602822646,1
82.95,0.5,0.18248469137306939,1
82.983,0.5,0.2935270437350585,1
83.016,0.5,0.551070424021349,1
83.05,0.5,0.39822551692796115,1
83.083,0.5,0.4293292270427725,1
83.116,0.5,0.5845488580898652,1
83.15,0.5,0.814312779727049,1
83.183,0.5,1.1024743631083602,1
83.217,0.5,0.9842331669077868,1
83.25,0.5,0.890978297809864,1
83.283,0.5,0.5526509618014533,1
83.317,0.5,0.22961140510911698,1
83.35,0.5,0.19338718021528986,1
83.383,0.5,0.1741368168845502,1
83.417,0.5,0.159335599748939,1
83.45,0.5,0.020244198133676276,1
83.483,0.5,0.02024419813366955,1
83.517,0.5,0.019648780541521332,1
83.55,0.5,0.10913472356513702,1
83.584,0.5,0.7073560994942307,1
83.617,0.5,0.5902631184031006,1
83.65,0.5,0.48757088960196904,1
83.684,0.5,0.39297561083028953,1
83.717,0.5,0.8512346981773047,1
110.577,0.5,1.2813465973915494,1
110.611,0.5,0.9083588637422632,1
110.644,0.5,1.019275760707798,1
110.677,0.5,1.4427488984957142,1
110.711,0.5,0.9169936475020165,1
110.744,0.5,0.3907102295804749,1
110.777,0.5,0.33200780097866794,1
110.811,0.5,0.33660595852490854,1
110.844,0.5,0.20965648666536732,1
110.878,0.5,0.10093275769684451,1
110.911,0.5,0.20066737248030375,1
110.944,0.5,0.0731652031940651,1
110.978,0.5,1.1403171014106128,1
111.011,0.5,2.2688181249810384,1
111.044,0.5,2.416045985356362,1
111.078,0.5,1.1480267925303627,1
111.111,0.5,0.33769269289065,1
111.144,0.5,0.12240216673635534,1
111.178,0.5,0.15840280401177634,1
111.211,0.5,0.2244039723499691,1
111.245,0.5,0.13262206026987192,1
111.278,0.5,0.04533745654796395,1
111.311,0.5,0.04533745654796395,1
111.345,0.5,0.10093275769688669,1
111.378,0.5,0.1586132416892158,1
111.411,0.5,0.10974369494755035,1
111.445,0.5,0.2755158255636808,1
111.478,0.5,0.10974369494755035,1
111.545,0.5,0.16416395125650216,1
111.578,0.5,0.1484313720048516,1
111.612,0.5,0.3506500188703499,1
111.645,0.5,0.28740255601039716,1
111.678,0.5,0.3677641110193352,1
111.712,0.5,0.2408320099661173,1
111.745,0.5,0.20066737248030989,1
111.778,0.5,0.3500757113244394,1
111.812,0.5,0.4037310307875417,1
111.845,0.5,0.4257037534080917,1
111.879,0.5,0.39649416965336404,1
111.912,0.5,0.48960866694538774,1
111.945,0.5,0.46964482517241,1
111.979,0.5,0.5148091130380873,1
112.012,0.5,0.4696448251722213,1
112.145,0.5,0.5972857609916802,1
112.179,0.5,0.8714369662917091,1
115.282,0.5,0.8774490928872215,1
115.315,0.5,0.8386168229720307,1
115.349,0.5,0.9108161230673822,1
115.382,0.5,1.040615351861416,1
115.415,0.5,1.0047294288194921,1
115.449,0.5,1.2883719626378989,1
115.482,0.5,0.9200229802815932,1
115.549,0.5,1.9588531487073828,1
115.582,0.5,1.2649843891587793,1
115.616,0.5,1.089019277580561,1
115.649,0.5,1.081219139504389,1
115.682,0.5,0.9182394370650868,1
115.716,0.5,1.4664111694773334,1
116.416,0.5,1.0576285195590471,1
116.45,0.5,0.670694189376924,1
116.483,0.5,0.3495507643951934,1
116.517,0.5,0.3978661808097703,1
116.55,0.5,0.08622076680311343,1
116.583,0.5,0.028740255601047322,1
116.617,0.5,0.04420735342328871,1
116.65,0.5,0.08407510512082098,1
116.683,0.5,0.18471594681298642,1
116.717,0.5,0.08368486189716749,1
116.75,0.5,0.5997059835980181,1
116.783,0.5,1.1951043588727572,1
116.817,0.5,1.2968195157399705,1
116.85,0.5,1.074686551157874,1
116.884,0.5,0.9895960699194424,1
116.917,0.5,0.9824653874187367,1
116.95,0.5,0.6151220446305414,1
116.984,0.5,0.46248485044035736,1
117.017,0.5,0.3119739783357407,1
117.05,0.5,0.18471594681298642,1
117.117,0.5,0.06406732986958015,1
117.15,0.5,0.04533745654797902,1
117.184,0.5,0.11480570255455849,1
117.217,0.5,0.6910182557217682,1
117.251,0.5,1.2785513567181392,1
117.284,0.5,1.762308247634092,1
117.317,0.5,1.8798477859067344,1
117.351,0.5,0.9069547971604368,1
117.384,0.5,1.280496888903871,1
117.417,0.5,0.7097206898338808,1
117.451,0.5,0.4167018968357504,1
117.484,0.5,0.15861324168921584,1
117.518,0.5,0.044004001943620565,1
117.551,0.5,0.6744283471876722,1
117.584,0.5,0.9200229802815991,1
117.618,0.5,0.3564063090265131,1
117.651,0.5,0.2720698036499544,1
117.684,0.5,1.9472881654531815,1
117.718,0.5,2.5154249426231448,1
117.751,0.5,2.372872100316184,1
117.784,0.5,2.2569346615508614,1
117.818,0.5,1.3895937586806577,1
117.851,0.5,1.4547501033047536,1
117.885,0.5,0.7777725942273058,1
117.918,0.5,0.23094308201931785,1
117.951,0.5,0.14676352186759525,1
117.985,0.5,0.17682941369316643,1
118.018,0.5,0.30867235925533004,1
118.051,0.5,0.30121515521508047,1
118.085,0.5,0.2779004049170884,1
118.118,0.5,0.6133774653166839,1
118.151,0.5,0.43191601489261855,1
118.185,0.5,0.2210367671164493,1
118.218,0.5,0.4600807105037744,1
118.252,0.5,0.437376698302468,1
118.285,0.5,0.5916104725590082,1
118.318,0.5,0.5104106545410722,1
118.352,0.5,0.4003701077543826,1
118.385,0.5,2.6053644714519146,1
118.418,0.5,0.4023635784145436,1
118.452,0.5,0.1195438774829175,1
118.485,0.5,0.1880145305056136,1
118.552,0.5,1.4693839290548196,1
118.619,0.5,1.1128482644993944,1
118.652,0.5,1.2036213062407175,1
118.685,0.5,0.550809750313552,1
118.752,0.5,0.3014381718134285,1
118.819,0.5,0.31148611087381206,1
118.852,0.5,0.2244039723499691,1
119.086,0.5,0.9092497739575732,1
119.119,0.5,0.7559486062913509,1
119.152,0.5,0.1366409105811022,1
119.186,0.5,0.386230849639006,1
119.219,0.5,0.3043474581806296,1
119.253,0.5,0.21973447455711112,1
119.286,0.5,0.19220198960873192,1
119.319,1.0,1.416169596179824,2
119.353,1.0,2.1621075536198413,2
119.386,0.5,2.179967308216287,1
119.419,0.5,2.7417794844436143,1
119.453,0.5,2.5195672951407686,1
119.486,0.5,1.5379935484464853,1
119.52,0.5,0.8231264854476854,1
119.553,0.5,0.20880708932542316,1
119.586,0.5,0.22802730766016785,1
119.62,0.5,0.5148091130380807,1
119.653,0.5,0.14843137200484877,1
119.686,1.0,2.0723565764297325,2
119.72,1.0,1.014829375508123,2
119.753,1.0,1.4854030210505538,2
119.786,1.0,0.7118288016298283,2
119.82,1.0,0.38658201948836374,2
119.853,1.0,1.4932502872727067,2
119.887,1.5,0.8988492308297915,3
119.92,1.0,0.5312407932381727,2
119.953,1.0,0.768884486769116,2
119.987,1.0,0.6160740674223194,2
120.02,1.0,0.5076638729934598,2
120.053,1.0,0.4418997198281516,2
120.087,1.0,0.6427428334633677,2
120.12,1.0,1.2469276389536352,2
120.153,1.0,1.068122416314233,2
120.187,1.0,1.044419227304645,2
120.22,1.0,0.7109605889228909,2
120.254,1.0,0.6719248863880813,2
120.287,1.0,0.9241076899961147,2
120.32,1.0,1.062356618234213,2
120.354,1.0,0.9965944156909174,2
120.387,1.0,0.7762375298711497,2
120.42,1.0,0.8885176962325569,2
120.454,0.5,0.08160230791140466,1
120.487,1.0,1.0411377534480022,2
120.521,1.0,0.7340647773744383,2
120.554,1.0,0.673896429181564,2
120.587,1.0,0.8617140257714012,2
120.621,1.0,0.9750649161376292,2
120.654,1.0,1.618180929422042,2
120.687,1.0,1.8048272561940697,2
120.721,1.0,1.488694320581675,2
120.754,1.0,1.1368697327740669,2
120.787,1.0,0.8632547386671914,2
120.821,1.0,0.8730504572580051,2
120.854,1.0,1.0989200732422628,2
120.888,1.0,0.4858503617599612,2
120.921,1.0,0.928439617626461,2
120.954,1.0,0.7446131809797528,2
120.988,1.0,0.9424429996471987,2
121.021,1.0,0.9080551940999186,2
121.054,1.0,0.5830815421874186,2
121.088,1.0,0.7623851756774133,2
121.121,1.0,0.7559285831614012,2
121.188,0.5,0.15840280401171666,1
121.221,0.5,0.3270329638524171,1
121.255,0.5,0.5148091130382895,1
121.288,0.5,0.43269100486275613,1
121.321,0.5,0.4492642861210448,1
121.355,0.5,0.5325796960689201,1
121.388,0.5,0.3336409534859344,1
121.421,0.5,0.7165908854403475,1
121.455,0.5,0.6387768149989234,1
121.488,0.5,0.5995640279496167,1
121.522,0.5,0.5349704226242853,1
121.555,0.5,0.6947929926705696,1
121.588,0.5,0.3876068613319207,1
121.622,0.5,0.45184931314520044,1
121.655,0.5,0.6924184060052364,1
121.688,0.5,0.7346919645274067,1
121.722,0.5,0.5950506412854774,1
121.755,0.5,0.6531253747253449,1
121.788,0.5,0.28846066990850405,1
121.822,0.5,0.6150675385424587,1
121.855,0.5,1.1859886364949492,1
121.922,0.5,1.1153212357096876,1
121.955,0.5,1.6178467371324001,1
121.989,0.5,0.7524133190556656,1
122.055,0.5,1.4790261813975003,1
122.089,0.5,0.8712154220648156,1
122.122,1.0,1.6818860355829646,2
122.155,1.0,1.406391248939339,2
122.189,1.0,1.0692189270795491,2
122.222,0.5,0.7974989609808313,1
122.256,0.5,0.9668498549689728,1
122.289,0.5,0.953455064162931,1
122.322,0.5,1.1372590032353609,1
122.356,0.5,0.7122347384749628,1
122.389,0.5,0.8519499348352975,1
122.422,0.5,0.4284075835772033,1
122.456,0.5,0.6734985967577304,1
122.489,0.5,0.3066743267605314,1
122.523,0.5,0.12041600498311003,1
122.556,0.5,0.1281346597391709,1
122.589,0.5,0.18219778320307975,1
122.623,0.5,0.4130991917624514,1
122.656,0.5,0.8350697972712225,1
122.689,0.5,0.619537805698787,1
122.723,1.0,0.6654163253846411,2
122.756,1.0,0.36353038782162306,2
122.789,1.0,0.5219452801169063,2
122.823,0.5,0.3488586564658901,1
122.856,0.5,0.19963673997317388,1
122.89,0.5,0.2779187517360199,1
122.923,0.5,0.06120108336817767,1
122.956,0.5,0.10325630094974789,1
122.99,1.0,0.2064345660113397,2
123.023,1.0,0.3596562468738709,2
123.056,1.0,0.20259814432580114,2
123.09,1.0,0.13080602298488164,2
123.123,0.5,0.028740255601047322,1
123.156,1.0,0.20110646619612482,2
123.19,1.0,0.21283745822184325,2
123.223,1.0,0.32244280634102684,2
123.257,1.0,0.19673065242664742,2
123.29,1.0,0.20561788402660375,2
123.323,1.0,0.3899384968370851,2
123.357,1.0,0.31134969152500036,2
123.39,1.0,0.24999896955585535,2
123.423,1.0,0.25565776449932465,2
123.457,1.0,0.4890895267312397,2
123.49,1.0,0.4202059536852633,2
123.524,1.0,0.5587195690308667,2
123.557,1.0,0.5116181430784668,2
123.59,1.0,0.37449849386044226,2
123.624,1.0,0.3713108568327803,2
123.657,1.0,0.6257037948660402,2
123.69,0.5,0.1874736089524551,1
123.724,1.0,0.3168518115607671,2
123.757,1.0,0.31825085735856984,2
123.79,1.0,0.27684830126422855,2
123.824,1.0,0.2629907997847249,2
123.857,1.0,0.2714689723052422,2
123.891,0.5,0.12041600498306616,1
123.924,0.5,0.12892478681019817,1
123.957,0.5,0.057480511202090884,1
123.991,0.5,0.23760420601757826,1
124.024,0.5,0.18801453050560335,1
124.057,0.5,0.18471594681298642,1
124.091,0.5,0.25105458569150696,1
124.124,0.5,0.2828616482181844,1
124.157,0.5,0.6620455358035915,1
124.191,0.5,0.40554206999043685,1
124.224,0.5,0.5958313175557053,1
124.258,0.5,0.08841470684662013,1
124.291,0.5,0.20500561200082082,1
124.324,0.5,0.496785763642465,1
124.358,0.5,0.6864418725389728,1
124.391,0.5,0.5103368883283389,1
124.424,0.5,0.501016672130702,1
124.458,0.5,0.5240995013224927,1
124.491,1.0,0.30282367719497494,2
124.525,0.5,0.2779004049169596,1
124.558,0.5,0.10974369494755411,1
124.591,0.5,0.05748051120209562,1
124.625,0.5,0.09900175250733026,1
124.658,0.5,0.6540659277048195,1
124.691,0.5,0.3643757615495938,1
124.725,0.5,0.3762066595279835,1
124.758,0.5,0.25866230040934984,1
124.791,0.5,0.18360325010451284,1
124.825,0.5,0.2745421879764405,1
124.858,0.5,0.46308110149329446,1
124.892,0.5,0.33460159606871986,1
124.925,0.5,0.6948288134914619,1
124.958,0.5,0.4962598993241763,1
124.992,0.5,0.5474540741191919,1
125.025,0.5,0.3520837203430934,1
125.058,0.5,0.4963722373076468,1
125.092,0.5,0.40482433232504855,1
125.125,0.5,0.5535288641859111,1
125.158,0.5,0.5805801205087161,1
125.192,0.5,0.4896312035487983,1
125.225,0.5,0.2890556607481655,1
125.259,0.5,0.19526467775997886,1
125.292,0.5,0.08407510512083405,1
125.325,0.5,0.12146518880205093,1
125.359,0.5,0.2004387018436969,1
125.392,0.5,0.36776411101932777,1
125.425,0.5,0.742156860024258,1
125.459,0.5,0.7456115744964918,1
125.492,0.5,0.9020730144674247,1
125.526,0.5,0.3802309982534391,1
125.559,0.5,0.26631852404688794,1
125.592,0.5,0.41753489863561943,1
125.626,0.5,0.20349011941038758,1
125.659,0.5,0.3165383958782156,1
125.692,0.5,0.48467538244055536,1
125.726,0.5,0.5662629728864147,1
125.759,0.5,0.32646677289287745,1
125.792,0.5,0.46291269807238716,1
125.826,0.5,0.35665425285314173,1
125.859,0.5,0.10399132611190569,1
125.893,0.5,0.15840280401171014,1
125.926,0.5,0.11496102240416552,1
126.026,0.5,0.5456736178256762,1
126.059,0.5,0.5726810641833878,1
126.093,0.5,0.8210254635918638,1
126.126,0.5,0.749313086592884,1
126.159,1.0,0.6933206512185701,2
126.193,1.0,0.40622898631303994,2
126.226,1.0,0.3385215368623782,2
126.26,0.5,0.6150675385424526,1
126.293,0.5,0.632411194804451,1
126.326,0.5,0.22531526882252173,1
126.36,0.5,0.09900175250732374,1
126.393,0.5,0.04533745654797902,1
126.426,0.5,0.10325630094974655,1
126.46,0.5,0.15961680016704455,1
126.493,0.5,0.08097679253471184,1
126.527,0.5,0.2315506698456646,1
126.56,1.0,0.37018872253230384,2
126.593,0.5,0.9889149848470106,1
126.627,1.0,1.234518011385278,2
126.66,1.0,0.8447202570732903,2
126.693,1.0,0.826512739741502,2
126.727,1.0,0.6185501145408048,2
126.76,1.0,0.6157914475849502,2
126.793,0.5,0.71689188478577,1
126.827,0.5,0.4324895543808223,1
126.86,0.5,1.2657062519456688,1
126.894,1.0,1.8419317261944061,2
126.927,1.0,1.3250465307759707,2
126.96,1.0,0.6780607425283034,2
126.994,1.0,0.8281051062969071,2
127.027,1.5,0.6446473073557407,3
127.06,1.5,0.8560500344256994,3
127.094,1.0,0.5664595252174418,2
127.127,1.0,0.7939081071302725,2
127.16,0.5,0.825426208157553,1
127.194,1.0,1.2649647598242082,2
127.227,0.5,1.6465727168794022,1
127.261,1.0,1.7488602089716676,2
127.294,1.0,1.5797188782030334,2
127.327,1.0,1.760765447501924,2
127.361,0.5,0.9372529751577711,1
127.394,1.0,0.4820958197594726,2
127.427,1.0,0.4887980022060239,2
127.461,1.0,0.4777634496277202,2
127.494,1.0,0.6456441731179279,2
127.528,1.0,0.55928474053204,2
127.561,1.0,0.5150337278721878,2
127.594,1.0,0.294315245536308,2
127.628,1.0,0.5476788148455937,2
127.661,1.0,0.7330308620696973,2
127.694,1.0,0.5617635715287396,2
127.728,1.0,1.2630162666557918,2
127.761,1.0,0.7484001085164742,2
127.794,1.0,0.7780957433718663,2
127.828,1.0,0.9181373764698172,2
127.861,1.0,1.145519637734068,2
127.895,1.0,0.8976292862168898,2
127.928,1.0,1.4129446106499965,2
127.961,1.0,1.0516447150047972,2
127.995,1.0,0.8579047660308448,2
128.028,1.0,0.6683088297545658,2
128.061,1.0,0.726259309178562,2
128.095,1.0,0.7411437301779025,2
128.128,1.0,0.9286969622217083,2
128.161,1.0,0.8170092051577592,2
128.195,0.5,0.2779004049170753,1
128.228,0.5,0.24812994966197358,1
128.262,0.5,0.04400400194362725,1
128.295,0.5,0.06073259440105498,1
128.328,0.5,0.02024419813367429,1
128.362,0.5,0.6020800249155385,1
128.395,0.5,0.3086723592551913,1
128.428,0.5,0.6022316462006457,1
128.462,0.5,0.38202501407050415,1
128.495,0.5,0.5607295623025511,1
128.529,0.5,0.4469761466587299,1
128.562,0.5,1.3669611309166148,1
128.595,1.0,0.7865003371223686,2
128.629,1.0,0.38528869854650843,2
128.662,1.0,0.4263708169232408,2
128.695,1.0,0.5786232661236633,2
128.729,1.0,0.89394339579812,2
128.762,1.0,0.4323223866212688,2
128.795,0.5,0.1551805721913703,1
128.829,1.0,0.756718038093338,2
128.862,1.0,0.27099971346533586,2
128.896,0.5,0.5904531880901699,1
128.929,1.0,0.8250050705239439,2
128.962,1.0,1.2070320868810787,2
128.996,1.0,0.4865157335608955,2
129.029,1.5,0.4384956212686963,3
129.062,1.0,0.1467337031049677,2
129.096,1.0,0.47804199413079634,2
129.129,0.5,1.2749973678501285,1
129.162,1.0,0.6469201238180758,2
129.196,0.5,1.8691062710928428,1
129.229,1.0,0.6498469725844536,2
129.263,0.5,0.5245000987367904,1
129.296,0.5,0.30967085798770744,1
129.329,0.5,0.14370127800514146,1
129.363,0.5,0.08368486189715825,1
129.463,0.5,0.8921406602300654,1
129.496,1.0,0.3019787079270282,2
129.53,0.5,0.31145299445080304,1
129.563,1.0,0.335309888880633,2
129.596,0.5,0.31653839587808746,1
129.63,1.5,0.2687370114027805,3
129.663,1.0,0.12311607028388419,2
129.696,1.0,0.1960066018560524,2
129.73,0.5,1.1391483418469226,1
129.763,0.5,1.5142424487039983,1
129.796,0.5,1.3839924820987495,1
129.83,0.5,0.8841951243674139,1
129.863,0.5,0.6195378056987818,1
129.897,0.5,1.1728586601657907,1
129.93,0.5,0.8086739095710945,1
129.963,0.5,0.3492043453003738,1
129.997,0.5,0.38245733243100327,1
130.03,0.5,0.25866230040948024,1
130.063,1.0,0.5899892427803806,2
130.097,1.0,0.8932763740821348,2
130.13,1.0,0.97757307969934,2
130.163,1.0,1.297179372552791,2
130.197,1.0,0.8658713545111012,2
130.23,1.0,1.023226303089171,2
130.264,1.0,1.0304585234336612,2
130.297,1.0,0.9313010315862241,2
130.33,1.0,0.8238336584415054,2
130.364,0.5,0.6435777898219299,1
130.397,0.5,0.35943013090429593,1
130.43,1.0,0.7817218907626373,2
130.464,1.0,0.2754170922392962,2
130.497,1.0,0.4868960656867648,2
130.531,1.0,0.40428810265398457,2
130.564,1.0,0.5507067830946732,2
130.597,1.0,0.6896416503786504,2
130.631,1.0,1.3653286911923006,2
130.664,0.5,2.223175413057361,1
130.697,0.5,1.8333632192783438,1
130.731,0.5,1.3361170768229935,1
130.764,0.5,1.2364865483765664,1
130.797,0.5,1.6956977956110975,1
130.831,0.5,0.5114531691336344,1
130.864,0.5,0.49002701385321806,1
130.898,0.5,0.6278829681383202,1
130.964,0.5,1.028713130346331,1
131.031,0.5,0.545876977148776,1
131.064,0.5,2.2507102520023192,1
131.098,0.5,0.9425667381826957,1
131.131,0.5,0.5370744013021311,1
131.164,0.5,0.5224104506538795,1
131.198,0.5,0.3388921209196891,1
131.231,0.5,0.5916104725592495,1
131.265,0.5,0.322242865655871,1
131.298,0.5,0.49336101869775945,1
131.365,0.5,0.8741706982587579,1
131.398,0.5,0.9384166116457233,1
131.431,0.5,1.0812191395039237,1
131.498,0.5,0.15203265455864584,1
131.565,0.5,0.15203265455858794,1
131.698,0.5,1.604572764697817,1
131.732,0.5,1.485026287610444,1
134.801,0.5,0.5522958367333896,1
134.868,0.5,0.3677641110194869,1
134.902,0.5,0.9504168240707103,1
134.935,0.5,0.7817940935803926,1
134.968,0.5,0.1360123696440016,1
135.002,0.5,0.7942045575037748,1
135.035,0.5,0.4359934616434437,1
135.068,0.5,0.5916104725587467,1
135.102,0.5,0.43605063064701854,1
135.135,0.5,0.5508097503137891,1
135.169,0.5,0.9142791354395368,1
135.202,0.5,1.9701130708336887,1
135.235,0.5,2.3168790868013787,1
135.269,0.5,2.5498057950523596,1
135.302,0.5,1.0650047163706702,1
135.335,0.5,0.7185063900256787,1
135.369,0.5,0.539508700896525,1
135.402,0.5,0.5541478404391942,1
135.435,0.5,0.6150168360021963,1
135.469,0.5,0.6188222457945572,1
135.502,0.5,0.5441396072996841,1
135.536,0.5,0.47524788139102947,1
135.569,0.5,0.4186279791209974,1
135.602,0.5,1.0010173458450793,1
135.636,0.5,0.8434041934990587,1
135.669,0.5,1.1365327864613424,1
135.702,0.5,1.9614281540055025,1
135.736,0.5,1.5491777370241029,1
135.769,0.5,2.039754582868961,1
135.802,0.5,1.0845045401953135,1
135.836,0.5,0.48525755974326057,1
135.869,0.5,0.41001122400181556,1
135.903,0.5,0.4445273152292174,1
135.936,0.5,0.5033413021567471,1
135.969,0.5,0.43599346164344527,1
136.003,0.5,0.2834029492916959,1
136.036,0.5,0.25222531536235104,1
136.069,0.5,0.425703753408275,1
136.103,0.5,0.45920711416593796,1
136.136,0.5,0.49002701385363956,1
136.17,0.5,0.47421421741728376,1
136.203,0.5,0.6327178169516604,1
136.236,0.5,0.8856671710379367,1
136.27,0.5,1.2752794117620336,1
136.303,0.5,0.5884978124662614,1
136.336,0.5,0.908782391201,1
136.37,0.5,0.3624376152563765,1
136.403,0.5,1.762308247634851,1
136.436,0.5,0.9736468900020397,1
136.47,0.5,1.3090061958151722,1
136.503,0.5,1.2566314916669614,1
136.537,0.5,0.5864293300824076,1
136.57,0.5,0.2483928818213396,1
136.603,0.5,0.22668728273977937,1
136.637,0.5,0.35150758777772523,1
136.67,0.5,0.3372252444312893,1
136.703,0.5,0.3372252444310111,1
136.737,0.5,0.23762394069552453,1
136.77,0.5,0.3006910048223383,1
136.87,0.5,0.4548168183908748,1
136.904,0.5,0.26913620890752693,1
136.937,0.5,0.15518057219123665,1
136.97,0.5,0.1091347235651815,1
137.004,0.5,0.3974397006179317,1
137.037,0.5,0.4870229359944886,1
147.147,0.5,1.3669741066331003,1
147.181,0.5,0.9308238799331177,1
147.214,0.5,1.0218244873105526,1
147.247,0.5,0.7979287050489866,1
147.281,0.5,0.733666177495811,1
147.314,0.5,0.6556305175745749,1
147.347,0.5,0.6190306805363337,1
147.381,0.5,0.48799832432662105,1
147.414,0.5,0.47485267392959557,1
147.447,0.5,0.5541478404387169,1
147.481,0.5,0.3371789523255138,1
147.514,0.5,0.36437576154943085,1
147.548,0.5,0.34172831680369975,1
147.581,0.5,0.35613443955516166,1
147.614,0.5,1.2662796394466957,1
147.648,0.5,0.49656618219056536,1
147.681,0.5,1.3502232519040354,1
147.714,0.5,0.4609617106388875,1
147.748,0.5,0.13262206026992734,1
147.781,0.5,1.65552653808805,1
147.814,0.5,0.46964482517242295,1
147.848,0.5,0.0710132854530236,1
147.881,0.5,0.23193038566494734,1
147.915,0.5,0.25759692105959986,1
147.948,0.5,0.1224021667362959,1
147.981,0.5,0.4295107981377242,1
148.015,0.5,1.001902000845258,1
148.048,0.5,1.2382045313871244,1
148.081,0.5,1.1755368471447514,1
148.115,0.5,1.7311669533724359,1
148.148,0.5,1.6299099745491017,1
148.182,0.5,2.909704259291475,1
148.215,0.5,1.39699863232927,1
148.248,0.5,0.8991153668226747,1
148.282,0.5,0.3917739933846302,1
148.315,0.5,0.749313086593186,1
148.348,0.5,0.15518057219125167,1
148.382,0.5,0.055789907931441875,1
148.415,0.5,0.08350697972716051,1
148.448,0.5,0.07338176093373905,1
148.482,0.5,0.06256644065790468,1
148.515,0.5,0.0644623934051237,1
148.549,0.5,0.1812188076280417,1
148.582,0.5,0.05748051120210514,1
148.615,0.5,0.7085469346783578,1
148.649,0.5,0.4168781276041985,1
148.682,0.5,0.5683040598722114,1
148.715,0.5,0.34475547713948157,1
148.749,0.5,0.7881927478412802,1
148.782,0.5,1.033259975751153,1
148.815,0.5,0.9719356298339928,1
148.849,0.5,0.37385154285283473,1
148.882,0.5,0.7717101570317626,1
148.916,0.5,0.982638537714394,1
148.949,0.5,0.9853313537979013,1
148.982,0.5,0.5206961822590886,1
149.016,0.5,0.1399882662791669,1
149.049,0.5,0.10974369494750556,1
149.082,0.5,0.3097689028493876,1
149.116,0.5,0.16803945320363056,1
149.149,0.5,0.13601236964398958,1
149.183,0.5,0.08841470684661432,1
149.216,0.5,0.057480511202050895,1
149.249,0.5,0.028740255601059698,1
149.283,0.5,0.3754212803416796,1
149.316,0.5,0.6683699465698688,1
149.349,0.5,0.8120773765638661,1
149.383,0.5,0.7098458539789514,1
149.416,0.5,0.6073259440105431,1
149.449,0.5,0.5870817458763458,1
149.483,0.5,0.23578536649817108,1
149.516,0.5,0.5560293680964773,1
149.55,0.5,0.2130398563590907,1
149.583,0.5,0.04048839626736999,1
149.616,0.5,0.2899513303783389,1
149.65,0.5,0.1937650711504934,1
149.683,0.5,0.10974369494759512,1
149.716,0.5,0.22668728273978841,1
149.75,0.5,0.6011257831525352,1
149.783,0.5,0.23742633696480125,1
149.816,0.5,0.18747360895237,1
149.85,0.5,0.11954387748291756,1
149.883,0.5,0.599705983597765,1
149.917,0.5,0.39177399338495345,1
149.95,0.5,0.32033664934802797,1
150.751,0.5,1.4644443238348628,1
150.784,0.5,1.340519799187539,1
150.817,0.5,1.2892025472937134,1
150.851,0.5,1.58597667861413,1
150.884,0.5,1.1971665870593216,1
150.918,0.5,0.7922032518038532,1
150.951,0.5,0.9044500494961245,1
150.984,0.5,1.322859394912266,1
151.051,0.5,1.4144155746374465,1
151.084,0.5,1.727825964880234,1
151.118,0.5,1.1530469032659598,1
151.151,0.5,0.7199820331915368,1
151.185,0.5,0.5766474679518598,1
151.218,0.5,0.7480197890685456,1
151.251,0.5,0.4100112240014624,1
151.285,0.5,0.30945147396316763,1
151.318,0.5,0.3320078009785382,1
151.351,0.5,0.21285187670414132,1
151.385,0.5,0.2476634899241088,1
151.418,0.5,1.073136424396791,1
151.451,0.5,0.891678670469727,1
151.485,0.5,1.0443928131794509,1
151.518,0.5,0.9321264999045552,1
151.552,0.5,1.1010440900646343,1
151.585,0.5,0.632853125972564,1
151.618,0.5,1.299637659591027,1
151.652,0.5,1.2435609896076354,1
151.685,0.5,1.0287269067332017,1
151.718,0.5,0.5510704240215843,1
151.752,0.5,0.2018655153936021,1
151.785,0.5,0.2277348509685927,1
151.818,0.5,0.26490536166495576,1
151.852,0.5,0.2186883491512225,1
151.885,0.5,0.2541090808077384,1
151.919,0.5,0.4055420699902613,1
151.952,0.5,0.5258657487994267,1
151.985,0.5,0.4060111039789531,1
152.019,0.5,1.6017157201124923,1
152.052,0.5,0.9816249253518011,1
152.085,0.5,0.27328182116207467,1
152.119,1.0,0.9982628081706006,2
152.152,0.5,0.8170646601671031,1
152.186,0.5,1.0774978079632687,1
152.219,0.5,0.1750378556622939,1
152.252,0.5,0.5279281468103041,1
152.286,0.5,0.36391935855487717,1
152.352,0.5,0.06511837159674318,1
152.386,0.5,0.09824390270756748,1
152.419,0.5,0.5526509618012068,1
152.452,0.5,0.12316641922483625,1
152.486,0.5,0.4201568164800446,1
152.519,0.5,1.0574536445271838,1
152.553,0.5,0.8311659884880693,1
152.586,0.5,0.4618861640384174,1
152.619,0.5,0.6467049941419137,1
152.653,0.5,0.4191391799021769,1
152.686,0.5,0.6133774653164262,1
152.719,0.5,0.31197397833586593,1
152.753,0.5,0.19897603517733442,1
152.786,0.5,0.36269965238365176,1
152.819,0.5,0.05748051120209562,1
152.853,0.5,0.19476539093665424,1
176.91,0.5,0.0607325944010482,1
176.944,0.5,0.11522160470349793,1
177.044,0.5,0.024144517054040592,1
177.077,0.5,0.10150277599483441,1
177.144,0.5,0.11052732966490234,1
177.444,0.5,0.41305340516917183,1
177.477,0.5,0.28846066990836844,1
177.511,0.5,0.2384152539038898,1
177.544,0.5,0.2244039723498859,1
177.578,0.5,0.25740455651914795,1
177.611,0.5,0.304347458180629,1
177.644,0.5,0.3669088046686693,1
177.678,0.5,0.16901514579974763,1
177.711,0.5,0.14843137200478765,1
177.744,0.5,0.10200180561367113,1
177.778,0.5,0.04420735342330714,1
177.811,0.5,0.04080072224542524,1
177.845,0.5,0.15871520513599022,1
177.878,0.5,0.06073259440106166,1
177.911,0.5,0.08622076680308577,1
177.945,0.5,0.09851740023024463,1
177.978,0.5,0.04533745654795947,1
178.011,0.5,0.028740255601059698,1
178.045,0.5,0.07920140200588163,1
178.078,0.5,0.040800722245438695,1
178.111,0.5,0.061201083368197295,1
178.145,0.5,0.08841470684654626,1
178.178,0.5,0.16815021024171112,1
178.212,0.5,0.12041600498308858,1
178.245,0.5,0.06120108336815804,1
178.278,0.5,0.12240216673639459,1
178.312,0.5,0.08841470684654626,1
178.345,0.5,0.16320288898186844,1
178.378,0.5,0.3060054168409865,1
178.412,0.5,0.06256644065785028,1
178.445,0.5,0.10150277599482367,1
178.478,0.5,0.38408786455111915,1
178.512,0.5,0.15394814634544404,1
178.579,0.5,0.288131486832774,1
178.612,0.5,0.11496102240421026,1
178.645,0.5,0.10200180561358328,1
178.679,0.5,0.18576899610193123,1
178.712,0.5,0.15883318095933277,1
178.745,0.5,0.2838647899744986,1
178.779,0.5,0.07122347384750681,1
178.812,0.5,0.1017214026922025,1
178.846,0.5,0.11522160470349793,1
178.879,0.5,0.028740255601059698,1
178.912,0.5,0.08160144449087739,1
178.946,0.5,0.08160230791139197,1
178.979,0.5,0.028740255601034943,1
179.012,0.5,0.028740255601050143,1
179.046,0.5,0.05940105150443082,1
179.079,0.5,0.12892478681014052,1
179.112,0.5,0.05748051120210984,1
179.146,0.5,0.01964878054150827,1
179.179,0.5,0.045337456547959495,1
179.213,0.5,0.15933559974900158,1
179.246,0.5,0.14423033495419182,1
179.279,0.5,0.45537801449289567,1
179.313,0.5,0.2567599343902272,1
179.346,0.5,0.27352057618726255,1
179.379,0.5,0.20118178920737034,1
179.413,0.5,0.158402804011657,1
179.446,0.5,0.1240649748310953,1
179.479,0.5,0.26003449536454903,1
179.513,0.5,0.5396755631523799,1
179.546,0.5,0.7559486062916836,1
179.58,0.5,0.6865811380037459,1
179.613,0.5,1.162721935009181,1
179.646,0.5,0.5759419882939165,1
179.68,0.5,0.4052544604402125,1
179.713,0.5,0.5298952744314029,1
179.746,0.5,0.5683040598717352,1
179.78,0.5,0.571189053276001,1
179.813,0.5,0.1833363219279887,1
179.847,0.5,0.0589463416244886,1
179.88,0.5,0.10325630094979235,1
179.913,0.5,0.08407510512078153,1
179.947,0.5,0.08841470684662017,1
179.98,0.5,0.3173621958359777,1
180.013,0.5,0.101502775994747,1
180.047,0.5,0.0278949539657209,1
180.08,0.5,0.25866230040923843,1
180.113,0.5,0.0731652031941041,1
180.147,0.5,0.31994308333293936,1
180.18,0.5,0.1091347235651038,1
180.214,0.5,0.2161365859566563,1
180.247,0.5,0.1281346597391094,1
180.28,0.5,0.0731652031940966,1
180.314,0.5,0.2197344745572006,1
180.347,0.5,0.12813465973908805,1
180.38,0.5,0.30639174189723767,1
180.414,0.5,0.1621017841762313,1
180.447,0.5,0.06073259440100941,1
180.48,0.5,0.04533745654799258,1
180.514,0.5,0.11789268324900333,1
180.547,0.5,0.22361866930360025,1
180.581,0.5,0.5363965217486273,1
180.614,0.5,0.38947826777699857,1
180.647,0.5,0.39320038683653397,1
180.681,0.5,0.4363353986046987,1
180.714,0.5,0.47583972506780686,1
180.747,0.5,0.44847130908684857,1
180.781,0.5,0.295396062351757,1
180.814,0.5,0.24293037760420647,1
180.848,0.5,0.39603601749240186,1
180.881,0.5,0.2449357117196989,1
180.914,0.5,0.06446239340512155,1
180.948,0.5,0.1440657434163933,1
180.981,0.5,0.5032700846263619,1
181.014,0.5,0.6962660701585826,1
181.048,0.5,0.19476539093683162,1
181.081,0.5,0.15518057219135528,1
181.114,0.5,1.1200661944583248,1
181.148,1.0,0.38079669360976887,2
181.181,0.5,0.028740255601015913,1
181.215,0.5,0.019648780541521332,1
181.248,0.5,0.14843137200492845,1
181.281,0.5,0.35584024819236276,1
181.315,0.5,0.13860245351031247,1
181.348,0.5,0.15518057219123926,1
181.381,0.5,0.10325630094979235,1
181.415,0.5,0.2390877549658373,1
181.448,0.5,0.19220198960866403,1
181.481,0.5,0.5571697168351636,1
181.515,0.5,0.5611080473348316,1
181.548,0.5,0.5317681889404104,1
181.582,0.5,0.352032015549094,1
181.615,0.5,0.7998874006519557,1
181.648,0.5,0.4186279791210225,1
181.682,0.5,0.55838189353535,1
181.715,0.5,0.7470810800206702,1
181.748,0.5,0.45177590806805645,1
181.782,0.5,0.7338407374796982,1
181.815,0.5,0.10325630094979235,1
181.849,0.5,0.1204160049831036,1
181.882,0.5,0.14843137200478768,1
181.915,0.5,0.020244198133691722,1
181.949,0.5,0.04420735342326438,1
181.982,0.5,0.06120108336818384,1
182.015,0.5,0.028740255601059698,1
182.049,0.5,0.01980035050146039,1
182.082,0.5,0.06446239340512577,1
182.115,0.5,0.040488396267335115,1
182.149,0.5,0.10093275769687776,1
182.182,0.5,0.18801453050569747,1
182.216,0.5,0.16901514579962315,1
182.249,0.5,0.10200180561365768,1
182.282,0.5,0.028740255601025465,1
182.316,0.5,0.08105089208811087,1
182.349,0.5,0.06406732986959707,1
182.382,0.5,0.028740255601034943,1
182.416,0.5,0.08105089208810139,1
182.449,0.5,0.02024419813366083,1
182.482,0.5,0.1281346597392112,1
182.516,0.5,0.17601600777454993,1
182.549,1.0,0.9624398604125145,2
182.583,1.0,0.6928576637370617,2
182.616,1.0,0.9416370082417909,2
182.649,1.0,0.6643041253029723,2
182.683,1.0,0.6486897750730343,2
182.716,1.5,0.5973532847151795,3
182.749,1.5,0.5644112348014122,3
182.783,1.5,0.5646715468031233,3
182.816,1.0,0.6336738727248723,2
182.85,1.0,0.6531750743348839,2
182.883,1.0,0.6007955936912933,2
182.916,1.0,0.800233406098811,2
182.95,1.0,1.1226901913960208,2
182.983,1.0,1.1023174338769948,2
183.016,1.0,0.8388009843788115,2
183.05,1.0,0.5843797486446123,2
183.083,1.0,0.45549883683203274,2
183.116,1.0,0.21448259719365736,2
183.15,1.0,0.27964965825988175,2
183.183,1.0,0.4647413547544979,2
183.217,1.0,0.23134303706962633,2
183.25,1.0,0.4212881955186457,2
183.283,1.0,0.3266302001500541,2
183.317,1.0,0.07936733493416413,2
183.35,1.0,0.16452396345451054,2
183.383,1.0,1.6121447208435535,2
183.417,1.0,0.9780733171418629,2
183.45,1.0,1.2615059243451179,2
183.483,1.0,1.9967586116928775,2
183.517,1.0,1.6408183848966953,2
183.55,1.0,0.6217904098607695,2
183.584,1.0,0.4396990220696306,2
183.617,1.0,0.6413547473666459,2
183.65,1.0,0.5359719738295767,2
183.684,1.0,1.0135645127613744,2
183.717,1.0,0.6903614051832154,2
183.75,1.0,0.5589340170166027,2
183.784,1.0,0.6951289507981848,2
183.817,1.0,0.8619120927012733,2
183.851,1.0,0.7600744113789777,2
183.884,1.0,0.9931618217791989,2
183.917,1.0,0.7828602847977775,2
183.951,1.0,0.780695071407562,2
183.984,1.0,0.7694241544026413,2
184.017,1.0,0.7270790663584209,2
184.051,1.0,0.556453256312522,2
184.084,1.0,0.4414322007022035,2
184.117,1.0,0.3185656750778962,2
184.151,1.0,0.2283614149040327,2
184.184,1.0,0.7656007567117807,2
184.218,1.0,0.40977007263744974,2
184.251,1.0,0.15512140910645764,2
184.284,1.0,0.43214959570463185,2
184.318,1.5,0.5671389070884986,3
184.351,1.5,0.7112012671582525,3
184.384,1.5,0.6604878475066374,3
184.418,1.5,0.7569323480866365,3
184.451,1.5,0.811718145710473,3
184.484,1.5,0.700573210488341,3
184.518,1.5,0.6741536522114843,3
184.551,1.5,0.6935955786014935,3
184.585,1.5,0.40347373264353226,3
184.618,1.5,0.4673061355951862,3
184.651,1.5,0.5774322205050564,3
184.685,1.5,0.5240172212081555,3
184.718,1.5,0.39301004498419667,3
184.751,1.5,0.5398698926664267,3
184.785,1.5,0.4837918538873918,3
184.818,1.5,0.41505290511222936,3
184.852,1.5,0.6845109206624674,3
184.885,1.5,0.7809708401120806,3
184.918,1.5,0.5835784716980758,3
184.952,1.5,0.5846899242041851,3
184.985,1.5,0.6564250818565639,3
185.018,1.0,0.40170073868528905,2
185.052,1.5,0.7783497961259118,3
185.085,1.0,0.6831639915606302,2
185.118,1.0,0.654613222082683,2
185.152,1.0,0.5533043486347371,2
185.185,1.0,0.49148663675152426,2
185.219,1.0,0.4286650908787011,2
185.252,0.5,0.6592766565643854,1
185.285,1.5,0.8988572713121762,3
185.319,1.5,0.40200876238947525,3
185.352,1.5,0.6637726055262428,3
185.385,1.5,0.717803268481266,3
185.419,1.5,0.7472152339102845,3
185.452,1.0,0.8282955175942446,2
185.485,1.0,0.8313301372382819,2
185.519,1.0,1.368800656909431,2
185.552,1.0,0.9315965589737147,2
185.586,1.0,0.5566639228199163,2
185.619,1.0,0.2323093292651323,2
185.652,1.0,0.6792570009866971,2
185.686,1.0,0.4125371063554763,2
185.719,1.0,0.4243137726392891,2
185.752,1.0,0.3789612430782972,2
185.786,1.0,0.3104481256121602,2
185.819,1.0,0.3797621208138144,2
185.853,1.0,0.39719080891769,2
185.886,1.0,0.24740562815748815,2
185.919,1.0,0.27140501418301965,2
185.953,1.0,0.1726871792699542,2
185.986,1.0,0.30737091417503676,2
186.019,1.0,0.28845011530435793,2
186.053,1.0,0.2970052575220888,2
186.086,1.0,0.2778740555444096,2
186.119,1.0,0.2967580038977446,2
186.153,1.0,0.226870989143043,2
186.186,1.0,0.24629212480600526,2
186.22,1.0,0.19082195858013795,2
186.253,1.0,0.22359814560289573,2
186.286,1.0,0.29733693130458344,2
186.32,1.0,0.21739984772592558,2
186.353,1.0,0.22855186562999796,2
186.386,1.0,0.2394692720085118,2
186.42,1.0,0.21598868746937883,2
186.453,1.0,0.26148586768773924,2
186.486,1.0,0.384884681897651,2
186.52,1.0,0.7853428114947585,2
186.553,1.0,0.5144524212368653,2
186.587,1.0,0.6092057551224294,2
186.62,1.0,0.4458237451381343,2
186.653,1.0,0.5222235489244829,2
186.687,1.0,0.2989545585303074,2
186.72,1.0,0.36801120400913145,2
186.753,1.0,0.36916358792893866,2
186.787,1.0,0.22413463382298704,2
186.82,1.0,0.2181311271814481,2
186.854,1.0,0.2684413170833529,2
186.887,1.0,0.3010262223872468,2
186.92,1.0,0.5320224308203378,2
186.954,1.0,0.7964154297213146,2
186.987,1.0,0.6150499416472704,2
187.02,1.0,0.4874466782557067,2
187.054,1.0,0.3813623824746237,2
187.087,1.0,0.39074158058948016,2
187.12,1.0,0.26478844414470726,2
187.154,1.0,0.2553400406175013,2
187.187,1.0,0.252619899239311,2
187.221,1.0,0.22501809786114976,2
187.254,1.0,0.20485660904888364,2
187.287,1.0,0.23043196093562643,2
187.321,1.0,0.17302900609356836,2
187.354,1.0,0.25555256450075825,2
187.387,1.0,0.2210867846828617,2
187.421,1.0,0.2528757467836883,2
187.454,1.0,0.295002715506473,2
187.487,1.0,0.3217936742925247,2
187.521,1.0,0.32797109148911935,2
187.554,1.0,0.4227221997750833,2
187.588,1.0,0.45550695717651846,2
187.621,1.0,0.2231235891419927,2
187.654,1.0,0.1880426315753252,2
187.688,1.0,0.045230697311811785,2
187.721,0.5,0.02024419813367429,1
187.754,0.5,0.020400361122736917,1
187.788,0.5,0.07859512216598044,1
187.821,0.5,0.06073259440106171,1
187.855,0.5,0.055789907931441875,1
187.921,0.5,0.020244198133678264,1
187.955,0.5,0.01980035050146039,1
187.988,0.5,0.06406732986960982,1
188.021,0.5,0.020400361122736917,1
188.088,0.5,0.14317026604590433,1
188.121,0.5,0.06073259440100941,1
188.155,0.5,0.039297561083029606,1
188.188,0.5,0.07338176093379482,1
188.222,0.5,0.027894953965706855,1
188.255,0.5,0.020244198133678264,1
188.288,0.5,0.020400361122719347,1
188.322,0.5,0.01980035050147694,1
188.355,0.5,0.028740255601059698,1
188.388,0.5,0.028740255601025392,1
188.422,0.5,0.027894953965730173,1
188.455,0.5,0.02024419813367429,1
188.488,0.5,0.06073259440104825,1
188.522,0.5,0.039297561083029606,1
188.555,0.5,0.02024419813366083,1
188.589,0.5,0.17601600777454993,1
188.622,0.5,0.15436036716436297,1
188.655,0.5,0.24563995856768137,1
188.689,0.5,0.15961680016704455,1
188.722,0.5,0.20965648666519324,1
188.755,0.5,0.05748051120210992,1
188.789,0.5,0.04400400194362142,1
188.822,0.5,0.020400361122719347,1
188.856,0.5,0.13895937586806248,1
188.889,0.5,0.07316520319404475,1
188.922,0.5,0.08622076680315051,1
188.956,0.5,0.027894953965730173,1
188.989,0.5,0.18471594681290168,1
189.022,0.5,0.12240216673640805,1
189.056,0.5,0.06256644065785029,1
189.089,0.5,0.020400361122723462,1
189.122,0.5,0.04554697019368416,1
189.156,0.5,0.03960070100295388,1
189.189,0.5,0.061201083368197295,1
189.223,0.5,0.05578990793139524,1
189.256,0.5,0.05748051120210984,1
189.289,0.5,0.020244198133691722,1
189.323,0.5,0.03929756108299676,1
189.356,0.5,0.06406732986960136,1
189.389,0.5,0.14843137200478768,1
189.423,0.5,0.04420735342330714,1
189.456,0.5,0.02874025560105022,1
189.489,0.5,0.02024419813366083,1
189.523,0.5,0.04400400194363896,1
189.556,0.5,0.028740255601034943,1
189.59,0.5,0.04400400194363896,1
189.623,0.5,0.1670139594543177,1
189.656,0.5,0.11828466323794032,1
189.69,0.5,0.044004001943633075,1
189.723,0.5,0.028740255601025392,1
189.756,0.5,0.06446239340512155,1
189.79,0.5,0.08800800388727203,1
189.823,0.5,0.0644623934050788,1
189.857,0.5,0.01964878054150827,1
189.89,0.5,0.020244198133678264,1
189.923,0.5,0.08407510512078153,1
189.957,0.5,0.04420735342330714,1
189.99,0.5,0.06446239340506604,1
190.023,0.5,0.16815021024169804,1
190.057,0.5,0.10651593921382979,1
190.09,0.5,0.06120108336814459,1
190.123,0.5,0.045546970193717305,1
190.157,0.5,0.03929756108299676,1
190.19,0.5,0.1017214026923198,1
190.224,0.5,0.11880210300882246,1
190.257,0.5,0.04554697019368416,1
190.29,0.5,0.061201083368197295,1
190.324,0.5,0.027894953965697654,1
190.357,0.5,0.04533745654799855,1
190.39,0.5,0.04080072224546038,1
190.424,0.5,0.027894953965706855,1
190.457,0.5,0.045546970193711324,1
190.49,0.5,0.04554697019370219,1
190.524,0.5,0.055789907931441875,1
190.557,0.5,0.045546970193711324,1
190.591,0.5,0.1420265709060472,1
190.624,0.5,0.02874025560106925,1
190.657,0.5,0.02024419813367429,1
190.691,0.5,0.04400400194363896,1
190.724,0.5,0.06406732986960136,1
190.757,0.5,0.028740255601035016,1
190.791,0.5,0.07859512216605921,1
190.824,0.5,0.028740255601025392,1
190.858,0.5,0.01964878054150827,1
190.891,0.5,0.10399132611196366,1
190.924,0.5,0.09109394038737428,1
190.958,0.5,0.0816023079114205,1
190.991,0.5,0.07338176093373162,1
191.024,0.5,0.02874025560106925,1
191.058,0.5,0.0278949539657209,1
191.091,0.5,0.07338176093373162,1
191.124,0.5,0.020400361122736917,1
191.158,0.5,0.05894634162453788,1
191.191,0.5,0.028740255601025392,1
191.225,0.5,0.01980035050147694,1
191.258,0.5,0.04533745654795344,1
191.291,0.5,0.0640673298696184,1
191.358,0.5,0.02024419813366083,1
191.391,0.5,0.0453374565480046,1
191.425,0.5,0.019648780541491846,1
191.458,0.5,0.04554697019374142,1
191.491,0.5,0.1750378556621322,1
191.525,0.5,0.05578990793145115,1
191.558,0.5,0.04048839626736999,1
191.592,0.5,0.15933559974887487,1
191.625,0.5,0.061201083368197295,1
191.658,0.5,0.16416395125656702,1
191.692,0.5,0.05578990793140444,1
191.725,0.5,0.05748051120210999,1
191.758,0.5,0.06406732986955893,1
191.792,0.5,0.21184975750885443,1
191.825,0.5,0.08350697972716051,1
191.859,0.5,0.03929756108299676,1
191.892,0.5,0.04080072224546038,1
191.925,0.5,0.04080072224542524,1
191.959,0.5,0.027894953965739443,1
191.992,0.5,0.23193038566494492,1
192.025,0.5,0.14843137200478768,1
192.059,0.5,0.15961680016702998,1
192.092,0.5,0.020400361122719347,1
192.125,0.5,0.020400361122736917,1
192.159,0.5,0.32730685488914285,1
192.192,0.5,0.19204393227555033,1
192.226,0.5,0.019648780541521332,1
192.259,0.5,0.02874025560105022,1
192.292,0.5,0.020400361122719347,1
192.326,0.5,0.0792014020058947,1
192.359,0.5,0.327032963852262,1
192.392,0.5,0.3060054168409865,1
192.426,0.5,0.0816023079114205,1
192.459,0.5,0.16320288898171442,1
192.492,0.5,0.08160144449093422,1
192.526,0.5,0.019648780541491846,1
192.559,0.5,0.020244198133691722,1
192.593,0.5,0.12041600498310147,1
192.626,0.5,0.06446239340506604,1
192.659,0.5,0.045546970193729365,1
192.693,0.5,0.055789907931404516,1
192.726,0.5,0.04080072224546038,1
192.759,0.5,0.02874025560105022,1
192.826,0.5,0.020400361122736917,1
192.86,0.5,0.03960070100290772,1
192.926,0.5,0.02874025560105022,1
192.96,0.5,0.01980035050146039,1
192.993,0.5,0.11871316848240296,1
193.026,0.5,0.028740255601025392,1
193.06,0.5,0.039600701002940816,1
193.126,0.5,0.04080072224542524,1
193.227,0.5,0.039600701002940816,1
193.26,0.5,0.020244198133691722,1
193.293,0.5,0.020400361122719347,1
193.327,0.5,0.039600701002940816,1
193.36,0.5,0.028740255601015913,1
193.393,0.5,0.09109394038742864,1
193.427,0.5,0.01964878054150827,1
193.493,0.5,0.020244198133691722,1
193.527,0.5,0.019648780541521332,1
193.56,0.5,0.020400361122719347,1
193.594,0.5,0.01980035050147694,1
193.66,0.5,0.020400361122736917,1
193.694,0.5,0.01980035050146388,1
193.727,0.5,0.0455469701936721,1
193.76,0.5,0.04080072224546038,1
193.794,0.5,0.06218299663808928,1
193.827,0.5,0.028740255601040664,1
193.861,0.5,0.03929756108301654,1
193.894,0.5,0.04080072224542524,1
193.927,0.5,0.045546970193711324,1
193.961,0.5,0.03929756108298369,1
193.994,0.5,0.020244198133691722,1
194.027,0.5,0.028740255601059698,1
194.061,0.5,0.06256644065785029,1
194.094,0.5,0.020244198133678264,1
194.127,0.5,0.04048839626732166,1
194.161,0.5,0.027894953965720972,1
194.194,0.5,0.10399132611195046,1
194.228,0.5,0.027894953965706855,1
194.261,0.5,0.08407510512085718,1
194.328,0.5,0.01964878054150827,1
194.361,0.5,0.06446239340512155,1
194.394,0.5,0.020400361122719347,1
194.428,0.5,0.0625664406579026,1
194.494,0.5,0.04080072224547383,1
194.528,0.5,0.01980035050147694,1
194.561,0.5,0.020400361122719347,1
194.595,0.5,0.01980035050147694,1
194.628,0.5,0.020400361122736917,1
194.661,0.5,0.040800722245438695,1
194.695,0.5,0.039600701002940816,1
194.728,0.5,0.02040036112270589,1
194.761,0.5,0.04080072224546038,1
194.795,0.5,0.01980035050146388,1
194.828,0.5,0.0455469701936721,1
194.862,0.5,0.0278949539657117,1
194.895,0.5,0.04554697019368416,1
194.928,0.5,0.02874025560105022,1
194.962,0.5,0.05578990793145115,1
194.995,0.5,0.020400361122719347,1
195.062,0.5,0.03960070100292078,1
195.095,0.5,0.028740255601059698,1
195.128,0.5,0.045546970193729365,1
195.162,0.5,0.019648780541504908,1
195.195,0.5,0.14170938693578822,1
195.229,0.5,0.0810508920880463,1
195.262,0.5,0.020244198133691722,1
195.295,0.5,0.16445367289939086,1
195.329,0.5,0.07122347384744726,1
195.362,0.5,0.07316520319410777,1
195.395,0.5,0.15883318095920637,1
195.429,0.5,0.0625664406579026,1
195.462,0.5,0.14317026604591765,1
195.495,0.5,0.14423033495419182,1
195.529,0.5,0.10651593921382246,1
195.562,0.5,0.08350697972708858,1
195.596,0.5,0.3802309982534537,1
195.629,0.5,0.13001724768237802,1
195.662,0.5,0.10122099066834452,1
195.696,0.5,0.27720490702061185,1
195.729,0.5,0.252225315362338,1
195.762,0.5,0.08407510512087026,1
195.796,0.5,0.3192336003340891,1
195.829,0.5,0.13001724768226605,1
195.863,0.5,0.2640677506015127,1
195.896,0.5,0.6404604658105264,1
195.929,0.5,0.17413681688447757,1
195.963,0.5,0.09872959673076598,1
195.996,0.5,0.06406732986954618,1
196.029,0.5,0.36720650020919726,1
196.063,0.5,0.1264062507466646,1
196.096,0.5,0.10974369494749682,1
196.129,0.5,0.10974369494760386,1
196.163,0.5,0.03929756108299676,1
196.196,0.5,0.10172140269229017,1
196.23,0.5,0.04420735342330714,1
196.263,0.5,0.045337456547959495,1
196.296,0.5,0.0862207668031696,1
196.33,0.5,0.044004001943584635,1
196.363,0.5,0.10913472356517524,1
196.396,0.5,0.028740255601059698,1
196.43,0.5,0.21868834915105506,1
196.463,0.5,0.07338176093379482,1
196.496,0.5,0.028740255601034943,1
196.53,0.5,0.04420735342330133,1
196.563,0.5,0.11496102240421029,1
196.597,0.5,0.059401051504368106,1
196.63,0.5,0.045546970193729365,1
196.663,0.5,0.10150277599471742,1
196.697,0.5,0.18121880762819606,1
196.73,0.5,0.16701395945430797,1
196.763,0.5,0.2437854448008968,1
196.797,0.5,0.3346156101650153,1
196.83,0.5,0.3867976827760057,1
196.864,0.5,0.1779440771653853,1
196.897,0.5,0.13664091058115801,1
196.93,0.5,0.14676352186746325,1
196.964,0.5,0.18639558132641962,1
196.997,0.5,0.18218788077471848,1
197.03,0.5,0.14423033495431606,1
197.064,0.5,0.15840280401177634,1
197.097,0.5,0.17413681688447757,1
197.13,0.5,0.22992204480842057,1
197.164,0.5,0.3417283168036869,1
197.197,0.5,0.14843137200478768,1
197.231,0.5,0.08800800388727792,1
197.264,0.5,0.10974369494749682,1
197.297,0.5,0.04048839626736999,1
197.331,0.5,0.6339158048806846,1
197.364,0.5,0.657814691597022,1
197.397,0.5,0.18801453050568723,1
197.431,0.5,0.06256644065785029,1
197.464,0.5,0.020244198133691722,1
197.497,0.5,0.2050056120007312,1
197.531,0.5,0.33660595852504266,1
197.564,0.5,0.2253152688225205,1
197.598,0.5,0.2384152539036915,1
197.631,0.5,0.1635247568068027,1
197.664,0.5,0.25222531536256826,1
197.698,0.5,0.24083200996600376,1
197.731,0.5,0.2128518767041375,1
197.764,0.5,0.18360325010443376,1
197.798,0.5,0.7732129394665274,1
197.831,0.5,0.2277348509685927,1
197.865,0.5,0.16901514579962315,1
197.898,0.5,0.6173447185109375,1
197.931,0.5,0.19963673997309617,1
197.965,0.5,0.2408320099662072,1
197.998,0.5,0.08622076680315059,1
198.031,0.5,0.12406497483098623,1
198.065,0.5,0.12041600498311648,1
198.098,0.5,0.11496102240412083,1
198.131,0.5,0.7754780095943181,1
198.165,0.5,0.2976544936205914,1
198.198,0.5,0.1484313720048006,1
198.232,0.5,0.044207353423318836,1
198.265,0.5,0.14633040638820072,1
198.298,0.5,0.13023674319344083,1
198.332,0.5,0.37859201915069285,1
198.365,0.5,0.3809019594955321,1
198.398,0.5,0.22440397235006573,1
198.432,0.5,0.2256395148652893,1
198.465,0.5,0.14843137200477471,1
198.498,0.5,0.2030055519896555,1
198.532,0.5,0.4293865717904746,1
198.565,0.5,0.5269517500165395,1
198.599,0.5,0.5583818935353981,1
198.632,0.5,0.6771009871644843,1
198.665,0.5,0.5317784898444842,1
198.699,0.5,0.25238642197144273,1
198.732,0.5,0.08622076680315059,1
198.765,0.5,0.020400361122723462,1
198.799,0.5,0.01980035050146039,1
198.832,0.5,0.061201083368197295,1
198.866,0.5,0.03960070100292078,1
198.899,0.5,0.045546970193717305,1
198.932,0.5,0.05748051120210984,1
198.966,0.5,0.07122347384742916,1
198.999,0.5,0.3643955664063282,1
199.032,0.5,0.08350697972708858,1
199.066,0.5,0.13895937586806248,1
199.099,0.5,0.020244198133691722,1
199.132,0.5,0.08350697972710164,1
199.166,0.5,0.01980035050147694,1
199.199,0.5,0.14317026604579433,1
199.233,0.5,0.08105089208811406,1
199.266,0.5,0.04048839626736999,1
199.299,0.5,0.4270815519861529,1
199.333,0.5,0.15719024433211842,1
199.366,0.5,0.08350697972707391,1
199.399,0.5,0.07316520319411528,1
199.433,0.5,0.0278949539657209,1
199.466,0.5,0.08097679253468369,1
199.499,0.5,0.020400361122723462,1
199.533,0.5,0.01980035050146388,1
199.566,0.5,0.04533745654794748,1
199.6,0.5,0.07101328545308297,1
199.633,0.5,0.045337456547959495,1
199.666,0.5,0.05748051120210992,1
199.7,0.5,0.04420735342330714,1
199.733,0.5,0.06446239340506604,1
199.766,0.5,0.04080072224547383,1
199.8,0.5,0.019648780541491846,1
199.833,0.5,0.32740417069554173,1
199.867,0.5,0.1394747698286232,1
199.9,0.5,0.06446239340506604,1
199.933,0.5,0.25626931947841386,1
199.967,0.5,0.1760160077744028,1
200.0,0.5,0.10974369494760883,1
200.033,0.5,0.23716646109891756,1
200.067,0.5,0.0836848618970929,1
200.1,0.5,0.18471594681306075,1
200.133,0.5,0.2040036112271531,1
200.167,0.5,0.312832203289533,1
200.2,0.5,0.5403940411228227,1
200.234,0.5,0.1375414637904821,1
200.267,0.5,0.5224104506538795,1
200.3,0.5,0.22992204480822256,1
200.334,0.5,0.34329056900215216,1
200.367,0.5,0.020244198133691722,1
200.4,0.5,0.04554697019367808,1
200.434,0.5,0.2562004241875487,1
200.467,0.5,0.02024419813366083,1
200.501,0.5,0.1059248787544187,1
200.534,0.5,0.1015027759948237,1
200.567,0.5,0.21149072890542517,1
200.601,0.5,0.5729024384502474,1
200.634,0.5,0.5193946735389926,1
200.667,0.5,0.504468512746908,1
200.701,0.5,0.20349011941047263,1
200.734,0.5,0.7794315600067135,1
200.767,0.5,0.14423033495432935,1
200.801,0.5,0.36969896068709834,1
200.834,0.5,0.21948738989500616,1
200.868,0.5,0.06218299663813304,1
200.901,0.5,0.10399132611187409,1
200.934,0.5,0.12406497483107982,1
200.968,0.5,0.08368486189718131,1
201.001,0.5,0.306674326760406,1
201.034,0.5,0.23247707592183556,1
201.068,0.5,0.29765449362035634,1
201.101,0.5,0.101721402692309,1
201.134,0.5,0.06406732986960136,1
201.168,0.5,0.31680560802330093,1
201.201,0.5,0.1880145305056843,1
201.235,0.5,0.1386024535101966,1
201.268,0.5,0.14423033495432935,1
201.301,0.5,0.10399132611196628,1
201.335,0.5,0.07122347384743637,1
201.368,0.5,0.04048839626736999,1
201.401,0.5,0.2266872827397854,1
201.435,0.5,0.08105089208811406,1
201.468,0.5,0.09109394038743471,1
201.502,0.5,0.20978346593662564,1
201.535,0.5,0.16352475680680764,1
201.568,0.5,0.07316520319403358,1
201.602,0.5,0.48963120354878986,1
201.635,0.5,0.1431702660459024,1
201.668,0.5,0.3107450623134618,1
201.702,0.5,0.30802801360546095,1
201.735,0.5,0.40619314499635617,1
201.768,0.5,0.20965648666536732,1
201.802,0.5,0.3456598972152548,1
201.835,0.5,0.36150151339813136,1
201.869,0.5,0.1621017841762408,1
201.902,0.5,0.057480511202090884,1
201.935,0.5,0.18360325010443376,1
201.969,0.5,0.21868834915123786,1
202.002,0.5,0.14633040638807468,1
202.035,0.5,0.16815021024171112,1
202.069,0.5,0.08368486189716286,1
202.102,0.5,0.10172140269220256,1
202.135,0.5,0.045546970193723384,1
202.169,0.5,0.07101328545304172,1
202.202,0.5,0.05748051120210037,1
202.236,0.5,0.1204160049831036,1
202.269,0.5,0.028740255601015986,1
202.302,0.5,0.08407510512084412,1
202.336,0.5,0.06256644065785438,1
202.369,0.5,0.1428025278591315,1
202.402,0.5,0.04080072224546038,1
202.436,0.5,0.11880210300873621,1
202.469,0.5,0.0453374565480045,1
202.503,0.5,0.044207353423307234,1
202.536,0.5,0.07338176093373162,1
202.569,0.5,0.14370127800526045,1
202.603,0.5,0.29235588594388806,1
202.636,0.5,0.2030055519896474,1
202.669,0.5,0.1543603671643683,1
202.703,0.5,0.06218299663814542,1
202.736,0.5,0.17503785566230173,1
202.769,0.5,0.46052087837534345,1
202.803,0.5,0.4069802388209515,1
202.836,0.5,0.38275770642099705,1
202.87,0.5,0.38432882262655205,1
202.903,0.5,0.2456399585676824,1
202.936,0.5,0.3270329638522628,1
202.97,0.5,0.33660595852505576,1
203.003,0.5,0.3270329638525445,1
203.036,0.5,0.2968627440095717,1
203.07,0.5,0.20659152738927852,1
203.103,0.5,0.16416395125643732,1
203.136,0.5,0.23742633696480125,1
203.17,0.5,0.18248469137313647,1
203.203,0.5,0.04080072224542524,1
203.237,0.5,0.01980035050147694,1
203.27,0.5,0.06446239340507026,1
203.303,0.5,0.19220198960881252,1
203.337,0.5,0.04400400194363896,1
203.37,0.5,0.08622076680306677,1
203.403,0.5,0.26827754335352744,1
203.437,0.5,0.4356077110320502,1
203.47,0.5,0.5097040289167432,1
203.504,0.5,0.3792187522399538,1
203.537,0.5,0.17460217265003775,1
203.57,0.5,0.1300172476823885,1
203.604,0.5,0.09851740023017018,1
203.637,0.5,0.07338176093380225,1
203.67,0.5,0.04048839626736999,1
203.704,0.5,0.0589463416244886,1
203.737,0.5,0.02874025560105022,1
203.77,0.5,0.02024419813367429,1
203.804,0.5,0.04400400194363896,1
203.837,0.5,0.06073259440104825,1
203.871,0.5,0.044004001943602176,1
203.904,0.5,0.1428025278591315,1
203.937,0.5,0.5712101114360072,1
203.971,0.5,0.15840280401177634,1
204.004,0.5,0.6181929507341795,1
204.037,0.5,0.8574033074430151,1
204.071,0.5,0.12436599327626191,1
204.104,0.5,0.1097436949475143,1
204.137,0.5,0.06406732986959707,1
204.171,0.5,0.5349704226245153,1
204.204,0.5,0.45063053764465416,1
204.238,0.5,0.7526698328414299,1
204.271,0.5,0.2863216293085597,1
204.304,0.5,0.6680153275916105,1
204.338,0.5,0.04420735342330714,1
204.371,0.5,0.04554697019367808,1
204.404,0.5,0.10172140269229821,1
204.438,0.5,0.23760420601767104,1
204.471,0.5,0.21614054066200664,1
204.505,0.5,0.13998826627916783,1
204.538,0.5,0.2253152688223277,1
204.571,0.5,0.18471594681306075,1
204.605,0.5,0.3238279842658464,1
204.638,0.5,0.14423033495417661,1
204.671,0.5,0.045546970193729365,1
204.705,0.5,0.07101328545303444,1
204.738,0.5,0.19963673997326256,1
204.771,0.5,0.08622076680316014,1
204.805,0.5,0.06256644065785029,1
204.838,0.5,0.04533745654799248,1
204.872,0.5,0.06218299663809344,1
204.905,0.5,0.02874025560105022,1
204.938,0.5,0.08097679253473998,1
204.972,0.5,0.15961680016690952,1
205.005,0.5,0.47713471362163234,1
205.038,0.5,0.7418617457087604,1
205.072,0.5,0.4395779215358952,1
205.105,0.5,0.71429957065085,1
205.138,0.5,0.5541478404387016,1
205.172,0.5,0.3388921209199854,1
205.205,0.5,0.4761445948259196,1
205.239,0.5,0.3264092316456249,1
205.272,0.5,0.06406732986960136,1
205.305,0.5,1.1222024762573117,1
205.339,0.5,0.08160230791140466,1
205.372,0.5,0.35613443955485535,1
205.405,0.5,0.15518057219137293,1
205.439,0.5,0.6336112160471445,1
205.472,0.5,0.6480937198116342,1
205.506,0.5,0.3388921209199724,1
205.572,0.5,0.14423033495419182,1
205.606,0.5,0.11157981586289302,1
205.639,0.5,0.36127577701768376,1
205.672,0.5,0.18134982619197004,1
205.706,0.5,0.2004387018436969,1
205.739,0.5,0.30967085798744637,1
205.772,0.5,0.5481629644877754,1
205.806,0.5,0.8450757289980776,1
205.839,0.5,0.3270329638525445,1
205.873,0.5,0.11789268324908882,1
205.906,0.5,0.6376575827115115,1
205.939,0.5,0.282861648218312,1
205.973,0.5,0.5378493745433646,1
206.006,0.5,0.08097679253473998,1
206.039,0.5,0.49637223730783625,1
206.073,0.5,0.7152188781725233,1
206.106,0.5,0.3621593328619496,1
206.139,0.5,0.37845534698687966,1
206.173,0.5,0.2502657626316309,1
206.206,0.5,0.1996367399732694,1
206.24,0.5,0.11157981586279982,1
206.273,0.5,0.16323338644650903,1
206.306,0.5,0.13601236964387847,1
206.34,0.5,0.11954387748291975,1
206.373,0.5,0.14633040638821188,1
206.406,0.5,0.040800722245438695,1
206.44,0.5,0.05894634162453788,1
206.473,0.5,0.028740255601025392,1
206.507,0.5,0.07101328545309381,1
206.54,0.5,0.06406732986959288,1
206.573,0.5,0.08097679253468369,1
206.607,0.5,0.3624376152563765,1
206.64,0.5,0.14633040638821188,1
206.707,0.5,0.01980035050146388,1
206.74,0.5,0.08622076680308588,1
206.773,0.5,0.06073259440106171,1
206.807,0.5,0.039600701002940816,1
206.84,0.5,0.1543603671643576,1
206.874,0.5,0.1261932109858285,1
206.907,0.5,0.04048839626732166,1
206.94,0.5,0.045337456548010566,1
206.974,0.5,0.09872959673074772,1
207.007,0.5,0.14170938693567964,1
207.04,0.5,0.1015027759948237,1
207.074,0.5,0.027894953965706855,1
207.107,0.5,0.1015027759948237,1
207.14,0.5,0.3270329638525579,1
207.174,0.5,0.05578990793139524,1
207.207,0.5,0.08622076680315059,1
207.241,0.5,0.07122347384743637,1
207.274,0.5,0.20066737248039015,1
207.307,0.5,0.16320288898186844,1
207.341,0.5,0.2574045565189328,1
207.374,0.5,0.30667432676065587,1
207.407,0.5,0.06406732986953341,1
207.441,0.5,0.1440657434165173,1
207.474,0.5,0.061201083368197295,1
207.508,0.5,0.04420735342326438,1
207.541,0.5,0.08407510512085394,1
207.574,0.5,0.07338176093372782,1
207.608,0.5,0.027894953965730173,1
207.641,0.5,0.30600541684097304,1
207.674,0.5,0.040488396267335115,1
207.708,0.5,0.08368486189716286,1
207.741,0.5,0.1428025278589816,1
207.774,0.5,0.08407510512085718,1
207.808,0.5,0.25105458569149774,1
207.841,0.5,0.07338176093373162,1
207.875,0.5,0.61445688611672,1
207.908,0.5,0.3086723592554563,1
207.941,0.5,0.3119739783356117,1
207.975,0.5,0.11880210300883552,1
208.008,0.5,0.02024419813367429,1
208.041,0.5,0.05748051120210992,1
208.075,0.5,0.01980035050146388,1
208.108,0.5,0.13601236964386043,1
208.141,0.5,0.040488396267383445,1
208.175,0.5,0.13754146379049517,1
208.208,0.5,0.07338176093379482,1
208.242,0.5,0.08800800388726625,1
208.275,0.5,0.10122099066834452,1
208.308,0.5,0.10325630094979235,1
208.342,0.5,0.09851740023018314,1
208.375,0.5,0.10913472356517524,1
208.408,0.5,0.1543603671645136,1
208.442,0.5,0.1584324044920418,1
208.475,0.5,0.1182846632380422,1
208.509,0.5,0.1440657434164877,1
208.542,0.5,0.18218788077473044,1
208.575,0.5,0.1187131684823914,1
208.609,0.5,0.17601600777438528,1
208.642,0.5,0.1670139594543177,1
208.675,0.5,0.045337456547959495,1
208.709,0.5,0.12619321098582653,1
208.742,0.5,0.11496102240421029,1
208.775,0.5,0.08350697972707553,1
208.809,0.5,0.04420735342330714,1
208.842,0.5,0.08097679253467023,1
208.876,0.5,0.08160230791140781,1
208.909,0.5,0.10172140269228942,1
208.976,0.5,0.04400400194363896,1
209.009,0.5,0.1431702660459024,1
209.042,0.5,0.04533745654794748,1
209.076,0.5,0.08841470684660403,1
209.109,0.5,0.06406732986954618,1
209.142,0.5,0.11871316848240296,1
209.176,0.5,0.0710132854531011,1
209.209,0.5,0.020400361122719347,1
209.243,0.5,0.10021935092183946,1
209.276,0.5,0.09109394038736224,1
209.309,0.5,0.04048839626736999,1
209.343,0.5,0.04420735342330133,1
209.376,0.5,0.2236186693034198,1
209.409,0.5,1.116584773479834,1
209.443,0.5,0.4272559250503306,1
209.476,0.5,0.6123455626541239,1
209.51,0.5,0.7349805663316262,1
209.543,0.5,0.24480433347257835,1
209.576,0.5,0.1836032501045919,1
209.61,0.5,0.06218299663808106,1
209.643,0.5,0.07338176093380604,1
209.676,0.5,0.17413681688461494,1
209.71,0.5,0.10093275769680873,1
209.743,0.5,0.10913472356517524,1
209.776,0.5,0.14423033495419182,1
209.81,0.5,0.1065159392138346,1
209.843,0.5,0.04533745654799855,1
209.877,0.5,0.039600701002933836,1
209.91,0.5,0.04533745654799248,1
209.943,0.5,0.02024419813366083,1
209.977,0.5,0.10651593921382979,1
210.01,0.5,0.16320288898186844,1
210.043,0.5,0.061201083368131126,1
210.077,0.5,0.12640625074665646,1
210.11,0.5,0.08407510512078478,1
210.143,0.5,0.1281346597391984,1
210.177,0.5,0.06218299663814542,1
210.21,0.5,0.22668728273979144,1
210.244,0.5,0.11480570255454615,1
210.277,0.5,0.05748051120210044,1
210.31,0.5,0.06406732986954189,1
210.344,0.5,0.01980035050147694,1
210.377,0.5,0.045337456547959495,1
210.41,0.5,0.04048839626736999,1
210.444,0.5,0.027894953965720972,1
210.477,0.5,0.028740255601034943,1
210.511,0.5,0.027894953965730173,1
210.544,0.5,0.020400361122719347,1
210.577,0.5,0.06406732986961411,1
210.611,0.5,0.01980035050147694,1
210.644,0.5,0.045337456547959495,1
210.677,0.5,0.02874025560105022,1
210.711,0.5,0.01980035050146039,1
210.744,0.5,0.020244198133678264,1
210.777,0.5,0.08350697972716051,1
210.811,0.5,0.019648780541491846,1
210.878,0.5,0.039297561083029606,1
210.911,0.5,0.028740255601025465,1
210.944,0.5,0.04533745654799855,1
210.978,0.5,0.02789495396569758,1
211.078,0.5,0.027894953965730173,1
211.111,0.5,0.020244198133678264,1
211.144,0.5,0.045337456547959495,1
211.178,0.5,0.04420735342330714,1
211.211,0.5,0.1017214026922214,1
211.245,0.5,0.08160230791140781,1
211.311,0.5,0.04554697019367808,1
211.345,0.5,0.0278949539657117,1
211.378,0.5,0.020400361122736917,1
211.411,0.5,0.13601236964387847,1
211.445,0.5,0.03929756108301654,1
211.478,0.5,0.028740255601025392,1
211.512,0.5,0.019648780541521332,1
211.545,0.5,0.04048839626736999,1
211.578,0.5,0.04533745654795344,1
211.612,0.5,0.06218299663814542,1
211.645,0.5,0.04048839626732166,1
211.678,0.5,0.12316641922485838,1
211.712,0.5,0.10021935092184205,1
211.745,0.5,0.02024419813367429,1
211.778,0.5,0.18219778320317168,1
211.812,0.5,0.10021935092175827,1
211.845,0.5,0.04533745654799248,1
211.879,0.5,0.15719024433211842,1
211.912,0.5,0.2645405384624666,1
211.945,0.5,0.16323338644650903,1
211.979,0.5,0.09851740023017527,1
212.012,0.5,0.2562693194784096,1
212.045,0.5,0.2586623004094612,1
212.079,0.5,0.11157981586280895,1
212.112,0.5,0.12892478681024735,1
212.145,0.5,0.16445367289926094,1
212.179,0.5,0.08160230791140466,1
212.212,0.5,1.3872245563458279,1
212.246,0.5,0.3564063090262086,1
212.279,0.5,0.14676352186758224,1
212.312,0.5,0.34827363376894727,1
212.346,0.5,0.05940105150441776,1
212.379,0.5,0.08407510512084412,1
212.412,0.5,0.028740255601025392,1
212.446,0.5,0.044004001943627295,1
212.479,0.5,0.028740255601034943,1
212.513,0.5,0.05940105150441776,1
212.546,0.5,0.04080072224547383,1
212.579,0.5,0.10200180561358328,1
212.613,0.5,0.03960070100295388,1
212.646,0.5,0.08160144449093422,1
212.679,0.5,0.0455469701936721,1
212.713,0.5,0.01964878054150827,1
212.746,0.5,0.040488396267335115,1
212.779,0.5,0.028740255601040664,1
212.813,0.5,0.20186551539376832,1
212.846,0.5,0.13664091058104638,1
212.88,0.5,0.0625664406579026,1
212.913,0.5,0.22531526882232644,1
212.946,0.5,0.3264057779637234,1
212.98,0.5,0.39600701002943434,1
213.013,0.5,0.3060054168407364,1
213.046,0.5,0.12406497483110858,1
213.08,0.5,0.04420735342326438,1
213.113,0.5,0.045546970193711324,1
213.146,0.5,0.028740255601059698,1
213.18,0.5,0.31680560802330093,1
213.213,0.5,0.10200180561365768,1
213.247,0.5,0.12513288131569225,1
213.28,0.5,0.02874025560105022,1
213.313,0.5,0.2040036112273288,1
213.347,0.5,0.0816023079113396,1
213.38,0.5,0.045546970193729365,1
213.413,0.5,0.14423033495420323,1
213.447,0.5,0.04420735342330133,1
213.48,0.5,0.08160144449094767,1
213.514,0.5,0.02789495396569758,1
213.547,0.5,0.020244198133691722,1
213.58,0.5,0.06120108336814459,1
213.614,0.5,0.05940105150441776,1
213.647,0.5,0.12240216673639459,1
213.68,0.5,0.12240216673628918,1
213.714,0.5,0.055789907931441944,1
213.747,0.5,0.2079826522237508,1
213.78,0.5,0.591956737270404,1
213.814,0.5,0.6166347783354733,1
213.847,0.5,0.2652046945952977,1
213.881,0.5,0.08160230791140781,1
213.947,0.5,0.06446239340508303,1
213.981,0.5,0.027894953965730173,1
214.014,0.5,0.14423033495417847,1
214.047,0.5,0.020244198133691722,1
214.114,0.5,0.6939076451441194,1
214.147,0.5,0.30867235925546965,1
214.181,0.5,0.09900175250727582,1
214.214,0.5,0.12406497483110639,1
214.248,0.5,0.04400400194363896,1
214.281,0.5,0.0835069797270853,1
214.314,0.5,0.04554697019374142,1
214.348,0.5,0.09851740023019102,1
214.381,0.5,0.06073259440104825,1
214.414,0.5,0.020244198133678264,1
214.448,0.5,0.16736972379419499,1
214.481,0.5,0.13664091058115801,1
214.515,0.5,0.10651593921383944,1
214.548,0.5,0.07338176093372419,1
214.615,0.5,0.06256644065785029,1
214.648,0.5,0.12240216673639459,1
214.681,0.5,0.12240216673630264,1
214.715,0.5,0.1386024535102994,1
214.748,0.5,0.02874025560105022,1
214.781,0.5,0.13601236964387242,1
214.815,0.5,0.06218299663813304,1
214.848,0.5,0.10150277599473627,1
214.882,0.5,0.06218299663814542,1
214.915,0.5,0.06406732986960136,1
214.948,0.5,0.13664091058103434,1
214.982,0.5,0.04420735342330714,1
215.015,0.5,0.13664091058115202,1
215.048,0.5,0.028740255601025465,1
215.082,0.5,0.1375414637905971,1
215.115,0.5,0.040488396267335115,1
215.148,0.5,0.06446239340512577,1
215.182,0.5,0.044207353423313035,1
215.215,0.5,0.04554697019368416,1
215.249,0.5,0.03960070100295388,1
215.282,0.5,0.04554697019369013,1
215.315,0.5,0.0906749130959971,1
215.349,0.5,0.08160230791140466,1
215.382,0.5,0.06406732986955464,1
215.415,0.5,0.14676352186758224,1
215.449,0.5,0.0792014020058285,1
215.482,0.5,0.045546970193717305,1
215.516,0.5,0.027894953965720972,1
215.549,0.5,0.08407510512076846,1
215.582,0.5,0.06120108336818384,1
215.616,0.5,0.05578990793139531,1
215.649,0.5,0.020244198133678264,1
215.682,0.5,0.06406732986961411,1
215.716,0.5,0.027894953965697654,1
215.749,0.5,0.045337456548010566,1
215.782,0.5,0.08160144449086393,1
215.816,0.5,0.2256395148652893,1
215.849,0.5,0.08407510512084412,1
215.883,0.5,0.01980035050146039,1
215.916,0.5,0.04080072224547383,1
215.949,0.5,0.020400361122719347,1
215.983,0.5,0.0625664406579026,1
216.016,0.5,0.0733817609337836,1
216.083,0.5,0.04420735342330133,1
216.116,0.5,0.0862207668030858,1
216.149,0.5,0.18471594681305928,1
216.183,0.5,0.07122347384750312,1
216.216,0.5,0.04048839626732166,1
216.25,0.5,0.039297561083029606,1
216.283,0.5,0.08097679253473998,1
216.316,0.5,0.028740255601034943,1
216.35,0.5,0.08160230791140781,1
216.383,0.5,0.11496102240410172,1
216.416,0.5,0.09067491309598506,1
216.45,0.5,0.09851740023026549,1
216.483,0.5,0.040488396267335115,1
216.55,0.5,0.05748051120204138,1
216.583,0.5,0.08407510512084088,1
216.617,0.5,0.04420735342330133,1
216.65,0.5,0.10399132611186351,1
216.683,0.5,0.10399132611195308,1
216.717,0.5,0.06256644065785029,1
216.75,0.5,0.09109394038744069,1
216.783,0.5,0.07338176093379482,1
216.817,0.5,0.02789495396569758,1
216.85,0.5,0.020244198133691722,1
216.884,0.5,0.10651593921382246,1
216.917,0.5,0.16815021024155322,1
216.95,0.5,0.2659762350165554,1
216.984,0.5,0.27790040491687,1
217.017,0.5,0.16416395125658378,1
217.05,0.5,0.14423033495419182,1
217.084,0.5,0.06256644065790669,1
217.117,0.5,0.028740255601040664,1
217.15,0.5,0.4006055015887888,1
217.184,0.5,0.2581534045748537,1
217.217,0.5,0.22802730766007628,1
217.251,0.5,0.5046637884844347,1
217.284,0.5,0.42888563187019735,1
217.317,0.5,0.4100112240014637,1
217.351,0.5,0.5181728418763331,1
217.384,0.5,0.3473964963354307,1
217.417,0.5,0.14280252785900852,1
217.451,0.5,0.05578990793145115,1
217.484,0.5,0.34656148548197685,1
217.518,0.5,0.07122347384749592,1
217.551,0.5,0.0906749130959971,1
217.584,0.5,0.08097679253467023,1
217.618,0.5,0.2750829275811942,1
217.651,0.5,0.2663185240467865,1
217.684,0.5,0.2034672714259643,1
217.718,0.5,0.19648780541513497,1
217.751,0.5,0.20651260189941736,1
217.784,0.5,0.18219778320315821,1
217.818,0.5,0.2757946172906735,1
217.851,0.5,0.2631745757378982,1
217.885,0.5,0.12436599327626191,1
217.918,0.5,0.16701395945417716,1
217.951,0.5,0.08407510512085394,1
217.985,0.5,0.10592487875433015,1
218.018,0.5,0.09067491309599103,1
218.051,0.5,0.11871316848240984,1
218.085,0.5,0.09872959673066518,1
218.118,0.5,0.20118178920737034,1
218.151,0.5,0.4372891889343286,1
218.185,0.5,0.3388921209199724,1
218.218,0.5,0.2838647899747383,1
218.252,0.5,0.18248469137299667,1
218.285,0.5,0.29686274400981805,1
218.318,0.5,0.12146518880200535,1
218.352,0.5,0.06256644065791497,1
218.385,0.5,0.10325630094979502,1
218.418,0.5,0.1187131684823076,1
218.452,0.5,0.17682941369323454,1
218.485,0.5,0.12406497483098845,1
218.519,0.5,0.08105089208811406,1
218.552,0.5,0.028740255601059698,1
218.585,0.5,0.24563995856748425,1
218.619,0.5,0.14406574341651374,1
218.652,0.5,0.061201083368197295,1
218.685,0.5,0.04533745654794143,1
218.719,0.5,0.11522160470347334,1
218.752,0.5,0.0862207668030858,1
218.785,0.5,0.2652046945955261,1
218.819,0.5,0.044207353423318836,1
218.852,0.5,0.14423033495417847,1
218.886,0.5,0.17928312484795647,1
218.919,0.5,0.7344130004177485,1
218.952,0.5,0.4761445948263723,1
218.986,0.5,0.027894953965720972,1
219.019,0.5,0.37219492449293606,1
219.052,0.5,0.19204393227572716,1
219.086,0.5,0.1440657434163933,1
219.119,0.5,0.18134982619197904,1
219.152,0.5,0.20066737248039015,1
219.186,0.5,0.24083200996601667,1
219.219,0.5,0.10200180561365768,1
219.253,0.5,0.13998826627916783,1
219.286,0.5,0.04080072224542524,1
219.319,0.5,0.10399132611196628,1
219.353,0.5,0.08841470684653457,1
219.386,0.5,0.05748051120210037,1
219.419,0.5,0.18360325010443376,1
219.453,0.5,0.06256644065790669,1
219.486,0.5,0.29199091745208156,1
219.52,0.5,0.055789907931404516,1
219.553,0.5,0.4159653044478335,1
219.586,0.5,0.20500561200073256,1
219.62,0.5,0.09900175250737164,1
219.653,0.5,0.028740255601050143,1
219.686,0.5,0.045337456547965456,1
219.72,0.5,0.03929756108301654,1
219.753,0.5,0.2682775433535367,1
219.786,0.5,0.18471594681291356,1
219.82,0.5,0.24108720882655393,1
219.853,0.5,0.07316520319404109,1
219.887,0.5,0.04420735342330714,1
219.92,0.5,0.061201083368197295,1
219.953,0.5,0.040488396267335115,1
219.987,0.5,0.0625664406579026,1
220.02,0.5,0.020400361122719347,1
220.053,0.5,0.04080072224546038,1
220.087,0.5,0.027894953965720972,1
220.12,0.5,0.04080072224542524,1
220.153,0.5,0.02874025560105022,1
220.187,0.5,0.01980035050146039,1
220.22,0.5,0.1428025278591315,1
220.254,0.5,0.05940105150441776,1
220.287,0.5,0.040800722245438695,1
220.32,0.5,0.1289247868102431,1
220.354,0.5,0.019648780541504908,1
220.387,0.5,0.22802730766025942,1
220.42,0.5,0.0731652031941041,1
220.454,0.5,0.03960070100292078,1
220.487,0.5,0.10200180561365768,1
220.521,0.5,0.20186551539377084,1
220.554,0.5,0.10974369494750179,1
220.587,0.5,0.09109394038745873,1
220.621,0.5,0.11480570255445018,1
220.654,0.5,0.11871316848240296,1
220.687,0.5,0.05748051120205797,1
220.721,0.5,0.06256644065790566,1
220.754,0.5,0.04048839626736999,1
220.787,0.5,0.07338176093373162,1
220.821,0.5,0.01964878054150827,1
220.888,0.5,0.14406574341651018,1
220.921,0.5,0.08407510512084412,1
220.954,0.5,0.10172140269222416,1
220.988,0.5,0.27790040491707624,1
221.021,0.5,0.11496102240421029,1
221.054,0.5,0.04554697019369013,1
221.088,0.5,0.08160230791141734,1
221.121,0.5,0.06120108336815804,1
221.188,0.5,0.14244694769499183,1
221.221,0.5,0.057480511202060415,1
221.255,0.5,0.07122347384749592,1
221.288,0.5,0.040488396267335115,1
221.321,0.5,0.045546970193723384,1
221.355,0.5,0.027894953965730173,1
221.388,0.5,0.06120108336815804,1
221.421,0.5,0.05748051120210992,1
221.455,0.5,0.01980035050146039,1
221.488,0.5,0.08407510512085718,1
221.522,0.5,0.11157981586288375,1
221.555,0.5,0.1281346597391019,1
221.588,0.5,0.05748051120210037,1
221.622,0.5,0.08105089208803364,1
221.655,0.5,0.05748051120210037,1
221.688,0.5,0.020400361122723462,1
221.722,0.5,0.027894953965706855,1
221.755,0.5,0.1149610224042008,1
221.788,0.5,0.13023674319343864,1
221.822,0.5,0.5088539670199228,1
221.855,0.5,0.08622076680316006,1
221.889,0.5,0.04420735342326438,1
221.922,0.5,0.20798265222391674,1
221.955,0.5,0.18218788077471848,1
221.989,0.5,0.15719024433211842,1
222.022,0.5,0.1724415336063202,1
222.055,0.5,0.1032563009497166,1
222.089,0.5,0.24315267626432632,1
222.122,0.5,0.25516844416406415,1
222.155,0.5,0.1015027759948237,1
222.189,0.5,0.1506164377151332,1
222.222,0.5,0.10172140269221337,1
222.256,0.5,0.06256644065790669,1
222.289,0.5,0.020244198133678264,1
222.322,0.5,0.020400361122719347,1
222.356,0.5,0.01964878054150827,1
222.389,0.5,0.02024419813367429,1
222.422,0.5,0.06446239340512155,1
222.456,0.5,0.044207353423313035,1
222.489,0.5,0.04080072224542524,1
222.523,0.5,0.04420735342330133,1
222.556,0.5,0.06446239340508303,1
222.589,0.5,0.04080072224546038,1
222.623,0.5,0.06256644065790669,1
222.656,0.5,0.020400361122719347,1
222.689,0.5,0.24480433347280264,1
222.723,0.5,0.03960070100292078,1
222.756,0.5,0.04080072224546038,1
222.789,1.0,0.1289247868102643,2
222.823,1.0,0.036051153694495616,2
222.856,0.5,0.10399132611195308,1
222.89,0.5,0.16320461582280293,1
222.923,0.5,0.10399132611187409,1
222.956,0.5,0.028740255601059698,1
222.99,0.5,0.04420735342327608,1
223.023,0.5,0.08407510512085394,1
223.056,0.5,0.04554697019369013,1
223.09,0.5,0.01980035050147694,1
223.123,0.5,0.16445367289940258,1
223.156,0.5,0.2856050557180036,1
223.19,0.5,0.06256644065791908,1
223.223,0.5,0.2040036112271531,1
223.257,0.5,0.2976544936206052,1
223.29,0.5,0.061201083368197295,1
223.323,0.5,0.10200180561358328,1
223.357,0.5,0.07920140200588163,1
223.39,0.5,0.028740255601050143,1
223.423,0.5,0.49336101869777266,1
223.457,0.5,0.1980035050147302,1
223.49,0.5,0.16445367289923463,1
223.524,0.5,0.0625664406579026,1
223.557,0.5,0.2050056120009091,1
223.59,0.5,0.20500561200073256,1
223.624,0.5,0.17820315451325328,1
223.657,0.5,0.3473964963351315,1
223.69,0.5,0.10172140269229017,1
223.724,0.5,0.10651593921382246,1
223.757,0.5,0.06120108336814459,1
223.79,0.5,0.045546970193723384,1
223.824,0.5,0.19703480046035335,1
223.857,0.5,0.0731652031940966,1
223.891,0.5,0.09900175250735858,1
223.924,0.5,0.06120108336815804,1
223.957,0.5,0.02874025560106925,1
223.991,0.5,0.019800350501447326,1
224.024,0.5,0.020244198133678264,1
224.057,0.5,0.02874025560105022,1
224.091,0.5,0.01980035050146039,1
224.191,0.5,0.044207353423313035,1
224.224,0.5,0.2863216293085588,1
224.258,0.5,0.30279827309039803,1
224.291,0.5,0.18471594681306075,1
224.324,0.5,0.1644536728992476,1
224.358,0.5,0.01964878054150827,1
224.391,0.5,0.04080072224546038,1
224.424,0.5,0.020400361122719347,1
224.458,0.5,0.039600701002940816,1
224.491,0.5,0.020400361122719347,1
224.525,0.5,0.03960070100295388,1
224.558,0.5,0.05748051120210037,1
224.625,0.5,0.2178038555161941,1
224.658,0.5,0.06446239340513432,1
224.691,0.5,0.028740255601025465,1
224.725,0.5,0.07920140200590776,1
224.758,0.5,0.08160144449085048,1
224.791,0.5,0.3677641110194996,1
224.825,0.5,0.08160230791140781,1
224.858,1.0,0.658966517649019,2
224.892,1.0,0.669434424975693,2
224.925,1.0,0.4112806491921229,2
224.958,1.0,0.2562502353017652,2
224.992,1.0,0.2523627308867543,2
225.025,1.0,0.24002512785271254,2
225.058,1.0,0.3494896316311976,2
225.092,1.0,0.25767516176510885,2
225.125,1.0,0.387774225817993,2
225.158,1.0,0.33119173556468057,2
225.192,1.0,0.5116868470084518,2
225.225,1.0,0.2657090796533226,2
225.259,1.0,0.43464086528574747,2
225.292,1.0,0.4418388249842656,2
225.325,1.0,0.5698044284308094,2
225.359,1.0,0.711663535436173,2
225.392,1.0,0.7063730386421386,2
225.425,1.0,0.5497129248343121,2
225.459,1.0,0.2646159522758763,2
225.492,1.0,0.30135167406995345,2
225.526,1.0,0.2805653787949661,2
225.559,1.0,0.16521931421084843,2
225.592,0.5,0.04080072224542524,1
225.626,1.0,0.2187586025420626,2
225.659,1.0,0.19588347820304508,2
225.692,1.0,0.16663544350899495,2
225.726,1.0,0.1313801663643588,2
225.759,1.0,0.08407510512085638,2
225.792,1.5,0.29866085046974195,3
225.826,0.5,0.09900175250735858,1
225.859,0.5,0.10399132611187671,1
225.893,0.5,0.09900175250735858,1
225.926,0.5,0.08160144449093422,1
225.959,0.5,0.08407510512078153,1
225.993,0.5,0.09900175250737164,1
226.026,0.5,0.04080072224542524,1
226.059,0.5,0.045546970193711324,1
226.093,0.5,0.01980035050147694,1
226.126,0.5,0.028740255601025465,1
226.159,0.5,0.04080072224547383,1
226.193,0.5,0.08841470684654627,1
226.226,0.5,0.1015027759948237,1
226.26,0.5,0.044207353423318836,1
226.293,0.5,0.020400361122719347,1
226.326,0.5,0.4326910048629291,1
226.36,0.5,0.1065159392137504,1
226.393,0.5,0.20344280538459117,1
226.426,0.5,0.28415202993612615,1
226.46,0.5,0.3816356695762434,1
226.493,0.5,0.3808875782379324,1
226.527,0.5,0.34839187660686405,1
226.56,0.5,0.28225028903995647,1
226.593,0.5,0.16323338644650903,1
226.627,0.5,0.18639558132625692,1
226.66,0.5,0.16815021024171112,1
226.693,0.5,0.24812994966197469,1
226.727,0.5,0.12513288131582576,1
226.76,0.5,0.12240216673640805,1
226.793,0.5,0.2652046945952977,1
226.827,0.5,0.17682941369324615,1
226.86,0.5,0.17503785566214317,1
226.894,0.5,0.07101328545309381,1
226.927,0.5,0.12240216673640805,1
226.96,0.5,0.14423033495417661,1
226.994,0.5,0.039297561083029606,1
227.027,0.5,0.2652046945955396,1
227.06,0.5,0.10974369494749682,1
227.094,0.5,0.027894953965720972,1
227.127,0.5,0.08407510512076846,1
227.16,0.5,0.2884606699086435,1
227.194,0.5,0.4003701077545499,1
227.227,0.5,0.16445367289926258,1
227.261,0.5,0.01980035050147694,1
227.294,0.5,0.04554697019367808,1
227.327,0.5,0.028740255601050143,1
227.361,0.5,0.12041600498311648,1
227.394,0.5,0.11871316848229604,1
227.427,0.5,0.08622076680316014,1
227.461,0.5,0.04400400194359629,1
227.494,0.5,0.028740255601059698,1
227.528,0.5,0.18248469137313647,1
227.561,0.5,0.08350697972707224,1
227.594,0.5,0.22802730766027504,1
227.628,0.5,0.1065159392138346,1
227.661,0.5,0.11496102240413031,1
227.694,0.5,0.07338176093379861,1
227.728,0.5,0.1204160049830008,1
227.761,0.5,0.04533745654799855,1
227.794,0.5,0.028740255601034943,1
227.828,0.5,0.34537435853990317,1
227.861,0.5,0.14843137200490256,1
227.895,0.5,0.06256644065786678,1
227.928,0.5,0.045546970193717305,1
227.961,0.5,0.10974369494749185,1
227.995,0.5,0.08160230791139512,1
228.028,0.5,0.14423033495431414,1
228.061,0.5,0.2253152688223277,1
228.095,0.5,0.01980035050147694,1
228.128,0.5,0.061201083368197295,1
228.228,0.5,0.2040036112271531,1
228.262,0.5,0.044207353423318836,1
228.295,0.5,0.36746195748510646,1
228.328,0.5,0.24563995856748425,1
228.362,0.5,0.16320461582279977,1
228.395,0.5,0.19204393227556885,1
228.428,0.5,0.10399132611196628,1
228.462,0.5,0.1386024535102994,1
228.495,0.5,0.13664091058104033,1
228.529,0.5,0.08841470684662017,1
228.562,0.5,0.12240216673628918,1
228.595,0.5,0.020400361122736917,1
228.629,0.5,0.027894953965730173,1
228.662,0.5,0.028740255601006435,1
228.695,0.5,0.020400361122736917,1
228.729,0.5,0.027894953965706855,1
228.795,0.5,0.020400361122736917,1
228.829,0.5,0.08841470684654046,1
228.862,0.5,0.028740255601059698,1
228.896,0.5,0.06256644065790669,1
228.929,0.5,0.020400361122719347,1
228.962,0.5,0.04080072224547383,1
228.996,0.5,0.03960070100292078,1
229.029,0.5,0.028740255601059698,1
229.062,0.5,0.028740255601034943,1
229.096,0.5,0.0625664406579026,1
229.129,0.5,0.020244198133691722,1
229.162,0.5,0.06120108336814459,1
229.196,0.5,0.01980035050147694,1
229.229,0.5,0.02024419813366083,1
229.263,0.5,0.05940105150441776,1
229.296,0.5,0.020244198133678264,1
229.363,0.5,0.0278949539657117,1
229.396,0.5,0.020400361122723462,1
229.429,0.5,0.10974369494750934,1
229.463,0.5,0.027894953965720972,1
229.496,0.5,0.020400361122719347,1
229.53,0.5,0.01980035050147694,1
229.563,0.5,0.04080072224547383,1
229.596,0.5,0.020400361122719347,1
229.63,0.5,0.027894953965720972,1
229.663,0.5,0.040800722245438695,1
229.696,0.5,0.045546970193729365,1
229.73,0.5,0.027894953965730173,1
229.763,0.5,0.020400361122719347,1
229.796,0.5,0.04533745654799248,1
229.83,0.5,0.03929756108299676,1
229.863,0.5,0.020400361122723462,1
229.897,0.5,0.01980035050147694,1
229.93,0.5,0.020400361122719347,1
230.03,0.5,0.07338176093379482,1
230.063,0.5,0.04533745654798653,1
230.097,0.5,0.06256644065784618,1
230.13,0.5,0.020400361122736917,1
230.163,0.5,0.040800722245438695,1
230.23,0.5,0.14423033495431606,1
230.264,0.5,0.06256644065785438,1
230.297,0.5,0.028740255601050143,1
230.364,0.5,0.01980035050146388,1
230.397,0.5,0.028740255601050143,1
230.43,0.5,0.06120108336814459,1
230.464,0.5,0.03960070100295388,1
230.497,0.5,0.028740255601025392,1
230.531,0.5,0.08160230791140781,1
230.564,0.5,0.020244198133691722,1
230.597,0.5,0.020400361122719347,1
230.631,0.5,0.0712234738474887,1
230.664,0.5,0.020244198133691722,1
230.697,0.5,0.02024419813366083,1
230.731,0.5,0.01964878054150827,1
230.764,0.5,0.04554697019368416,1
230.831,0.5,0.0278949539657209,1
230.864,0.5,0.028740255601034943,1
230.931,0.5,0.028740255601025465,1
230.964,0.5,0.0733817609337874,1
230.998,0.5,0.039600701002940816,1
231.031,0.5,0.10974369494750179,1
231.064,0.5,0.045546970193723384,1
231.098,0.5,0.027894953965706855,1
231.131,0.5,0.020400361122736917,1
231.164,0.5,0.028740255601059698,1
231.231,0.5,0.04533745654799855,1
231.265,0.5,0.019648780541521332,1
231.298,0.5,0.020244198133647372,1
231.331,0.5,0.028740255601059698,1
231.365,0.5,0.019648780541491846,1
231.398,0.5,0.020244198133678264,1
231.431,0.5,0.22440397234987244,1
231.465,0.5,0.09900175250735858,1
231.498,0.5,0.045546970193717305,1
231.532,0.5,0.01980035050146039,1
231.565,0.5,0.028740255601031186,1
231.665,0.5,0.04080072224546038,1
231.698,0.5,0.028740255601006435,1
231.732,0.5,0.0278949539657025,1
231.832,0.5,0.06218299663812065,1
231.865,0.5,0.02024419813367429,1
231.899,0.5,0.019648780541521332,1
231.932,0.5,0.06446239340512155,1
231.965,0.5,0.06446239340508303,1
231.999,0.5,0.06256644065788608,1
232.032,0.5,0.040800722245438695,1
232.065,0.5,0.06446239340512577,1
232.099,0.5,0.16320461582279663,1
232.132,0.5,0.028740255601025392,1
232.165,0.5,0.14423033495431606,1
232.199,0.5,0.03960070100292078,1
232.232,0.5,0.1281346597392027,1
232.266,0.5,0.08368486189717204,1
232.299,0.5,0.028740255601025465,1
232.399,0.5,0.020244198133678264,1
232.432,0.5,0.020400361122723462,1
232.499,0.5,0.04080072224547383,1
232.533,0.5,0.0278949539657117,1
232.566,0.5,0.04048839626734858,1
232.599,0.5,0.045546970193723384,1
232.633,0.5,0.06218299663809344,1
232.666,0.5,0.020244198133691722,1
232.699,0.5,0.040800722245438695,1
232.733,0.5,0.05940105150443082,1
232.766,0.5,0.02024419813366481,1
232.799,0.5,0.203442805384432,1
232.833,0.5,0.45710042749610186,1
232.866,0.5,0.1017214026922214,1
232.9,0.5,0.3174143472686101,1
232.933,0.5,0.10200180561365768,1
232.966,0.5,0.06446239340506604,1
233.0,0.5,0.1584028040117894,1
233.033,0.5,0.4359934616434478,1
233.066,0.5,0.14843137200478768,1
233.1,0.5,0.039600701002940816,1
233.133,0.5,0.06120108336815804,1
233.166,0.5,0.020400361122736917,1
233.2,0.5,0.12041600498311648,1
233.233,0.5,0.04554697019369013,1
233.267,0.5,0.09900175250737164,1
233.3,0.5,0.10200180561356982,1
233.333,0.5,0.045546970193711324,1
233.367,0.5,0.01980035050147694,1
233.4,0.5,0.1484313720047913,1
233.433,0.5,0.28386478997474307,1
233.467,0.5,0.0810508920880463,1
233.5,0.5,0.045546970193711324,1
233.534,0.5,0.1584028040117894,1
233.567,0.5,0.06446239340506604,1
233.6,0.5,0.020244198133691722,1
233.634,0.5,0.21868834915122484,1
233.667,0.5,0.12406497483098623,1
233.7,0.5,0.16320288898185498,1
233.734,0.5,0.1009327576968062,1
233.767,0.5,0.13664091058115202,1
233.8,0.5,0.14423033495419182,1
233.834,0.5,0.14202657090618406,1
233.867,0.5,0.10399132611195308,1
233.901,0.5,0.06218299663808106,1
233.934,0.5,0.08622076680315059,1
233.967,0.5,0.04554697019368416,1
234.001,0.5,0.07122347384748502,1
234.034,0.5,0.028740255601050143,1
234.067,0.5,0.13664091058103434,1
234.101,0.5,0.027894953965730173,1
234.134,0.5,0.13001724768239695,1
234.168,0.5,0.02789495396569758,1
234.201,0.5,0.040488396267383445,1
234.234,0.5,0.1632333864463534,1
234.268,0.5,0.13998826627916783,1
234.301,0.5,0.3959751505849767,1
234.334,0.5,0.36776411101918355,1
234.368,0.5,0.2603870273725256,1
234.401,0.5,0.12406497483097517,1
234.434,0.5,0.06406732986960982,1
234.468,0.5,0.24083200996620507,1
234.501,0.5,0.2050056120007312,1
234.568,0.5,0.057480511202060415,1
234.601,0.5,0.028740255601059698,1
234.635,0.5,0.15840280401177634,1
234.668,0.5,0.06120108336815804,1
234.701,0.5,0.04048839626736999,1
234.735,0.5,0.11522160470339038,1
234.768,0.5,0.14633040638823056,1
234.801,0.5,0.1281346597391984,1
234.835,0.5,0.4005609877841276,1
234.868,0.5,0.3103611443827406,1
234.902,0.5,0.1152216047034867,1
234.935,0.5,0.14633040638808217,1
234.968,0.5,0.045546970193717305,1
235.002,0.5,0.213031878427479,1
235.035,0.5,1.0272247207575644,1
235.068,0.5,0.3520837203429429,1
235.102,0.5,0.16988968343691718,1
235.135,0.5,0.028740255601040664,1
235.169,0.5,0.10021935092175827,1
235.202,0.5,0.10325630094980555,1
235.235,0.5,0.04554697019367808,1
235.269,0.5,0.04400400194363896,1
235.302,0.5,0.020244198133691722,1
235.335,0.5,0.16323338644636845,1
235.369,0.5,0.11480570255455291,1
235.402,0.5,0.020244198133678264,1
235.435,0.5,0.11828466323794032,1
235.469,0.5,0.01980035050147694,1
235.502,0.5,0.02024419813367429,1
235.536,0.5,0.08841470684662017,1
235.569,0.5,0.06406732986960136,1
235.602,0.5,0.040488396267335115,1
235.636,0.5,0.019648780541521332,1
235.669,0.5,0.06446239340506604,1
235.702,0.5,0.06446239340512155,1
235.736,0.5,0.04420735342330133,1
235.769,0.5,0.10974369494750934,1
235.836,0.5,0.6336112160465757,1
235.869,0.5,0.3264057779637369,1
235.903,0.5,0.06256644065790669,1
235.936,0.5,0.06446239340508303,1
236.003,0.5,0.03960070100296694,1
236.036,0.5,0.028740255601025392,1
236.069,0.5,0.04080072224546038,1
236.136,0.5,0.020400361122736917,1
236.17,0.5,0.17820315451326635,1
236.203,0.5,0.06120108336815804,1
236.236,0.5,0.07338176093379102,1
236.27,0.5,0.059401051504368106,1
236.303,0.5,0.06120108336821076,1
236.336,0.5,0.020400361122719347,1
236.37,0.5,0.12041600498310147,1
236.403,0.5,0.24480433347278918,1
236.436,0.5,0.32703296385227626,1
236.47,0.5,0.23841525390389082,1
236.503,0.5,0.1240649748310953,1
236.537,0.5,0.11880210300873621,1
236.57,0.5,0.3060054168409865,1
236.603,0.5,0.16815021024155,1
236.637,0.5,0.6097262879724744,1
236.67,0.5,0.2863216293085597,1
236.703,0.5,0.1039913261118609,1
236.737,0.5,0.11522160470349124,1
236.77,0.5,0.04554697019367808,1
236.803,0.5,0.04533745654799855,1
236.837,0.5,0.09872959673074772,1
236.87,0.5,0.08407510512078478,1
236.904,0.5,0.0278949539657117,1
236.937,0.5,0.02024419813367429,1
236.97,0.5,0.04048839626736999,1
237.004,0.5,0.019648780541521332,1
237.037,0.5,0.028740255601015913,1
237.07,0.5,0.02874025560105022,1
237.104,0.5,0.027894953965697654,1
237.137,0.5,0.045546970193717305,1
237.171,0.5,0.019648780541521332,1
237.204,0.5,0.020400361122719347,1
237.237,0.5,0.020244198133691722,1
237.271,0.5,0.027894953965730173,1
237.337,0.5,0.020400361122723462,1
237.371,0.5,0.03960070100292078,1
237.404,0.5,0.061201083368197295,1
237.437,0.5,0.08407510512078153,1
237.504,0.5,0.1240649748310953,1
237.538,0.5,0.01980035050146039,1
237.571,0.5,0.061201083368197295,1
237.604,0.5,0.16320288898171442,1
237.638,0.5,0.1009327576968931,1
237.704,0.5,0.06120108336814459,1
237.738,0.5,0.13860245351031247,1
237.771,0.5,0.08407510512082864,1
237.804,0.5,0.02024419813366083,1
237.838,0.5,0.44264124428162566,1
237.871,0.5,0.16445367289926094,1
237.905,0.5,0.08160230791140466,1
237.938,0.5,0.18471594681305928,1
237.971,0.5,0.04080072224542524,1
238.005,0.5,0.027894953965720972,1
238.071,0.5,0.028740255601059698,1
238.105,0.5,0.04420735342330714,1
238.138,0.5,0.10200180561356982,1
238.172,0.5,0.01964878054150827,1
238.205,0.5,0.18360325010443376,1
238.238,0.5,0.2659762350165688,1
238.272,0.5,0.06256644065790669,1
238.305,0.5,0.14280252785900852,1
238.338,0.5,0.020400361122736917,1
238.372,0.5,0.059401051504381165,1
238.405,0.5,0.06120108336821076,1
238.438,0.5,0.020400361122736917,1
238.472,0.5,0.11880210300873621,1
238.505,0.5,0.16320288898186844,1
238.539,0.5,0.25815340457482744,1
238.572,0.5,0.10399132611187671,1
238.605,0.5,0.16320288898185498,1
238.639,0.5,0.18248469137298393,1
238.672,0.5,0.06446239340513432,1
238.705,0.5,0.04080072224542524,1
238.739,0.5,0.01980035050146388,1
238.805,0.5,0.06120108336814459,1
238.839,0.5,0.08160230791141734,1
238.872,0.5,0.08160144449085048,1
238.906,0.5,0.01980035050147694,1
238.939,0.5,0.04080072224547383,1
238.972,0.5,0.040800722245438695,1
239.006,0.5,0.0278949539657117,1
239.039,0.5,0.13023674319354245,1
239.072,0.5,0.02024419813367429,1
239.106,0.5,0.04420735342330714,1
239.139,0.5,0.06120108336814459,1
239.173,1.0,0.7144511484563079,2
239.206,1.0,0.6437951152966753,2
239.239,1.0,0.593683719089159,2
239.273,1.0,0.6250776926358963,2
239.306,1.0,0.7071624232651929,2
239.339,1.0,0.6738373090089343,2
239.373,1.0,0.6744868408431502,2
239.406,1.0,0.8388507064362302,2
239.439,1.0,1.059173721545786,2
239.473,1.0,1.1194484637842868,2
239.506,1.0,1.0008980759412571,2
239.54,1.0,1.148801755057136,2
239.573,0.5,0.040488396267335115,1
239.606,1.0,0.9405549984859423,2
239.64,1.0,0.7907779931007157,2
239.673,1.0,0.6951226631926877,2
239.706,1.0,0.6366344753549145,2
239.74,1.0,0.5857800738357221,2
239.773,1.0,0.8081873883220752,2
239.806,1.0,0.8285877494440985,2
239.84,0.5,0.0278949539657209,1
239.873,0.5,0.020244198133691722,1
239.907,0.5,0.027894953965706855,1
239.94,1.0,0.9262512623996095,2
239.973,0.5,0.04080072224542524,1
240.04,0.5,0.045337456548010566,1
240.107,0.5,0.04420735342330133,1
240.14,1.0,1.273276412683944,2
240.174,1.0,1.0593187518279283,2
240.207,1.0,0.9425865588848846,2
240.24,1.0,1.0200180561357655,2
240.274,0.5,0.03960070100295388,1
240.307,0.5,0.028740255601050143,1
240.34,0.5,0.028740255601025465,1
240.374,0.5,0.055789907931441875,1
240.407,0.5,0.028740255601034943,1
240.44,0.5,0.020400361122736917,1
240.474,0.5,0.01980035050147694,1
240.507,0.5,0.02024419813367429,1
240.541,0.5,0.027894953965720972,1
240.574,0.5,0.02024419813366083,1
240.607,0.5,0.020244198133691722,1
240.641,0.5,0.04420735342330714,1
240.674,0.5,0.045337456547959495,1
240.741,0.5,0.019648780541504908,1
240.774,0.5,0.020400361122736917,1
240.807,0.5,0.020400361122736917,1
240.841,0.5,0.019800350501447326,1
240.874,0.5,0.04080072224547383,1
240.908,0.5,0.027894953965730173,1
240.941,0.5,0.028740255601034943,1
240.974,0.5,0.020400361122736917,1
241.008,0.5,0.027894953965706855,1
241.041,0.5,0.0906749130959971,1
241.074,0.5,0.02024419813366083,1
241.108,0.5,0.044207353423313035,1
241.175,0.5,0.03960070100292078,1
241.341,0.5,0.040800722245438695,1
241.408,0.5,0.020244198133678264,1
241.441,0.5,0.04554697019368416,1
241.475,0.5,0.01980035050147694,1
241.542,0.5,0.01980035050147694,1
241.575,0.5,0.020244198133678264,1
241.608,0.5,0.02024419813366083,1
241.642,0.5,0.027894953965720972,1
241.675,0.5,0.02024419813367429,1
241.708,0.5,0.020400361122736917,1
241.742,0.5,0.01980035050146388,1
241.775,0.5,0.028740255601025392,1
241.808,0.5,0.02874025560105022,1
241.842,0.5,0.10021935092177107,1
241.875,0.5,0.028740255601040664,1
241.909,0.5,0.019648780541521332,1
241.975,0.5,0.020400361122723462,1
242.009,0.5,0.04420735342330714,1
242.042,0.5,0.020400361122719347,1
242.075,0.5,0.020244198133691722,1
242.109,0.5,0.019648780541504908,1
242.142,0.5,0.020400361122736917,1
242.209,0.5,0.02040036112270589,1
242.242,0.5,0.10399132611196628,1
242.276,0.5,0.04420735342327608,1
242.342,0.5,0.020400361122719347,1
242.442,0.5,0.020400361122719347,1
242.476,0.5,0.03960070100295388,1
242.509,0.5,0.061201083368197295,1
242.543,0.5,0.01980035050146039,1
242.576,0.5,0.020400361122723462,1
242.643,0.5,0.4379650846053211,1
242.676,0.5,0.1551805721913624,1
242.709,0.5,0.06446239340507026,1
242.743,0.5,0.2476634899241203,1
242.776,0.5,0.20066737248022964,1
242.809,0.5,0.16445367289940258,1
242.876,0.5,0.28386478997449377,1
242.91,0.5,0.15933559974899672,1
242.943,0.5,0.08407510512078153,1
243.01,0.5,0.0278949539657209,1
243.043,0.5,0.12813465973910512,1
243.076,0.5,0.0731652031941041,1
243.11,0.5,0.04420735342328189,1
243.143,0.5,0.12240216673639459,1
243.177,0.5,0.039600701002940816,1
243.21,0.5,0.12240216673628918,1
243.243,0.5,0.061201083368197295,1
243.277,0.5,0.09900175250735858,1
243.31,0.5,0.06446239340508303,1
243.343,0.5,0.06446239340512577,1
243.377,0.5,0.09900175250728888,1
243.41,0.5,0.04080072224547383,1
243.443,0.5,0.5104106545408194,1
243.477,0.5,0.17928312484794207,1
243.51,0.5,0.061201083368197295,1
243.544,0.5,0.059401051504381165,1
243.577,0.5,0.020400361122736917,1
243.61,0.5,0.04554697019369013,1
243.644,0.5,0.01980035050147694,1
243.677,0.5,0.04080072224546038,1
243.777,0.5,0.020400361122750375,1
243.81,0.5,0.040800722245438695,1
243.844,0.5,0.01980035050146388,1
243.877,0.5,0.020400361122732805,1
243.911,0.5,0.16988968343689587,1
243.944,0.5,0.16815021024171112,1
243.977,0.5,0.04080072224542524,1
244.011,0.5,0.039600701002940816,1
244.044,0.5,0.02040036112270589,1
244.077,0.5,0.08407510512087026,1
244.111,0.5,0.044207353423318836,1
244.144,0.5,0.17503785566214317,1
244.178,0.5,0.13262206026992732,1
244.211,0.5,0.07338176093373162,1
244.244,0.5,0.1428025278591315,1
244.278,0.5,0.039600701002940816,1
244.311,0.5,0.02024419813367429,1
244.378,0.5,0.019648780541521332,1
244.444,0.5,0.020244198133691722,1
244.545,0.5,0.0278949539657209,1
244.578,1.0,0.9546891127014009,2
244.611,1.0,0.24161420296480263,2
244.645,1.0,0.5304603616742041,2
244.678,1.0,0.34205130015306684,2
244.711,1.0,0.387664493480397,2
244.745,1.0,0.38644126953856334,2
244.778,1.0,0.6846649504777125,2
244.811,1.0,0.5769228555720483,2
244.845,1.0,0.5728679539828048,2
244.878,1.0,0.9968500942612414,2
244.912,1.0,0.6192296237627449,2
244.945,1.0,0.7050833002734921,2
244.978,1.0,1.0133052745957647,2
245.012,1.0,0.4753412280734703,2
245.045,1.0,0.4010642336531649,2
245.078,1.0,0.3898110336988896,2
245.112,1.0,0.24501764800150816,2
245.145,1.0,0.42141390804798307,2
245.179,1.0,0.39028239340359483,2
245.212,1.0,0.36119097579477166,2
245.245,1.0,0.4198952871514261,2
245.279,1.0,0.40290372035954036,2
245.312,1.0,0.7221441310175152,2
245.345,1.0,0.9303551770548651,2
245.379,1.0,0.5037776343637707,2
245.412,1.0,0.8861466597088002,2
245.445,1.0,0.6414309974825307,2
245.479,1.0,0.456591415869943,2
245.512,1.0,0.48691739694378905,2
245.546,1.0,0.4255207835573228,2
245.579,1.0,0.5503502440353195,2
245.612,1.0,0.2862700174335442,2
245.646,1.0,0.05325796960691851,2
245.679,1.0,0.21445475280697224,2
245.712,1.0,0.1159651928324704,2
245.746,1.0,0.31938222104824004,2
245.779,1.0,0.24157844810312912,2
245.812,1.0,0.6174480430768504,2
245.846,1.0,0.9426990397677878,2
245.879,1.0,0.13447806292579312,2
245.913,1.0,0.12078268775401524,2
245.946,1.0,0.9282935988157601,2
245.979,1.0,1.0112155188591547,2
246.013,1.0,0.5522950162465272,2
246.046,0.5,0.02874025560105022,1
246.079,0.5,0.040488396267335115,1
246.113,0.5,0.07122347384750681,1
246.18,0.5,0.019800350501447326,1
246.213,0.5,0.028740255601059698,1
246.246,0.5,0.02024419813366083,1
246.28,0.5,0.11157981586289302,1
246.313,0.5,0.15883318095934135,1
246.346,0.5,0.12316641922473906,1
246.38,0.5,0.10021935092183946,1
246.413,0.5,0.1821977832030013,1
246.446,0.5,0.2902467015085454,1
246.48,0.5,0.2973802200766872,1
246.513,0.5,0.30366297200500664,1
246.547,0.5,0.2161365859566563,1
246.58,0.5,0.3264667728927369,1
246.613,0.5,0.21149072890561632,1
246.647,0.5,0.14202657090619134,1
246.68,0.5,0.1039913261118609,1
246.713,0.5,0.3165383958783397,1
246.747,0.5,0.37671942510273504,1
246.78,0.5,0.2456399585676824,1
246.813,0.5,0.3473964963354307,1
246.847,0.5,0.17928312484779363,1
246.914,0.5,0.2581534045748537,1
246.947,0.5,0.14423033495419182,1
246.98,0.5,0.613348653521326,1
247.014,0.5,0.1989760351771564,1
247.047,0.5,0.1240649748310953,1
247.114,0.5,0.17928312484794348,1
247.147,0.5,0.10974369494759889,1
247.181,0.5,0.08160230791133645,1
247.214,0.5,0.10399132611196366,1
247.247,0.5,0.040800722245438695,1
247.281,0.5,0.044004001943627295,1
247.314,0.5,0.020400361122736917,1
247.347,0.5,0.07338176093372419,1
247.381,0.5,0.01964878054150827,1
247.414,0.5,0.1240649748310953,1
247.447,0.5,0.10974369494749682,1
247.481,0.5,0.027894953965730173,1
247.514,0.5,0.04554697019368416,1
247.548,0.5,0.04420735342330714,1
247.581,0.5,0.10974369494758637,1
247.614,0.5,0.07338176093374284,1
247.648,0.5,0.06256644065790669,1
247.681,0.5,0.13023674319343026,1
247.714,0.5,0.02874025560105022,1
247.748,0.5,0.1593355997490016,1
247.781,0.5,0.04554697019367808,1
247.814,0.5,0.04080072224547383,1
247.848,0.5,0.11954387748281982,1
247.881,0.5,0.10974369494759134,1
247.915,0.5,0.05940105150441776,1
247.948,0.5,0.020400361122719347,1
247.981,0.5,0.1240649748310953,1
248.015,0.5,0.04420735342330714,1
248.048,0.5,0.08407510512078478,1
248.081,0.5,0.1933871802153859,1
248.115,0.5,0.14406574341638073,1
248.148,0.5,0.2682775433535367,1
248.182,0.5,0.13262206026992732,1
248.215,0.5,0.10200180561356982,1
248.248,0.5,0.08407510512084088,1
248.282,0.5,0.044004001943602176,1
248.315,0.5,0.0731652031940966,1
248.348,0.5,0.02024419813366083,1
248.382,0.5,0.05940105150441776,1
248.415,0.5,0.10200180561367113,1
248.448,0.5,0.10200180561356982,1
248.482,0.5,0.08160230791140466,1
248.515,0.5,0.8774490928875993,1
248.549,0.5,0.27720490702040623,1
248.582,0.5,0.1289247868102303,1
248.615,0.5,0.08407510512077253,1
248.649,0.5,0.10651593921381154,1
248.682,0.5,0.08407510512085394,1
248.715,0.5,0.10172140269221337,1
248.749,0.5,0.11880210300883552,1
248.782,0.5,0.11871316848230072,1
248.815,0.5,0.1750378556622778,1
248.849,0.5,0.17601600777454993,1
248.882,0.5,0.1833363219278308,1
248.916,0.5,0.1431288572636178,1
248.949,0.5,0.1746021726500299,1
248.982,0.5,0.08350697972716051,1
249.016,0.5,0.09872959673074772,1
249.049,0.5,0.2128518767039279,1
249.082,0.5,0.10974369494760386,1
249.116,0.5,0.0816023079113396,1
249.149,0.5,0.06120108336818384,1
249.183,0.5,0.12513288131582168,1
249.216,0.5,0.07338176093373162,1
249.249,0.5,0.04080072224546038,1
249.283,0.5,0.06256644065790669,1
249.316,0.5,0.04554697019367808,1
249.349,0.5,0.06406732986960136,1
249.383,0.5,0.09872959673067297,1
249.416,0.5,0.02874025560105022,1
249.449,0.5,0.04533745654795344,1
249.483,0.5,0.039297561083029606,1
249.516,0.5,0.15518057219136766,1
249.55,0.5,0.10592487875433015,1
249.583,0.5,0.1240649748310953,1
249.616,0.5,0.14280252785900852,1
249.65,0.5,0.0987295967307555,1
249.683,0.5,0.1442303349543027,1
249.716,0.5,0.08160144449087739,1
249.75,0.5,0.09851740023024466,1
249.783,0.5,0.10200180561367113,1
249.816,0.5,0.16416395125643224,1
249.85,0.5,0.15871520513598886,1
249.883,0.5,0.2040036112271531,1
249.917,0.5,0.0792014020058947,1
249.95,0.5,0.08407510512085394,1
249.983,0.5,0.1039913261118609,1
250.017,0.5,0.13860245351031247,1
250.05,0.5,0.16445367289926258,1
250.083,1.0,0.7234657161048121,2
250.117,1.0,0.6010827877439021,2
250.15,1.0,0.4279554156694674,2
250.184,1.0,0.47690595302447897,2
250.217,1.0,0.4873316685747572,2
250.25,1.0,0.5691611753964501,2
250.284,1.0,0.41735226383058743,2
250.317,1.0,0.8198064287732996,2
250.35,1.0,0.6601483768041914,2
250.384,1.5,0.4889721922171846,3
250.417,1.0,0.3871718430281595,2
250.45,1.0,0.19079296722685013,2
250.484,1.0,0.3046057832669572,2
250.517,1.0,0.5553586068515877,2
250.551,0.5,0.4439889522588261,1
250.584,0.5,0.06406732986955464,1
250.617,0.5,0.04080072224547383,1
250.651,1.0,0.7734756107638592,2
250.684,0.5,0.10200180561367113,1
250.717,1.0,0.8251510869754837,2
250.751,1.0,0.09440774815062068,2
250.784,1.0,0.5309657375452866,2
250.817,1.0,0.9366431980339128,2
250.851,1.0,0.5697946643376048,2
250.884,1.0,0.4817462700500213,2
250.918,1.0,0.43864270142017664,2
250.951,1.0,0.49880767392840125,2
250.984,1.0,0.4623094730983719,2
251.018,1.0,0.9611614463372891,2
251.051,1.0,0.5500633121446499,2
251.084,1.0,1.5186367578024973,2
251.118,1.0,1.2199724912445675,2
251.151,1.0,0.9640602735251873,2
251.185,1.0,0.3801610278136564,2
251.218,1.0,1.2890161402736902,2
251.251,1.0,1.3630689805482543,2
251.285,1.0,1.3102973404953637,2
251.318,1.0,1.0085212555899064,2
251.351,1.0,1.3413938993905132,2
251.385,1.0,1.8168394708245632,2
251.418,0.5,1.6409065798341003,1
251.451,0.5,0.6058364937619187,1
251.485,1.0,1.2554187547480313,2
251.518,0.5,0.7097206898341735,1
251.552,0.5,0.7663024411190839,1
251.585,0.5,0.8310143344492356,1
251.618,0.5,0.5672045312455104,1
251.652,0.5,1.434360979530561,1
251.685,0.5,0.46962149740743697,1
251.718,1.0,0.9382667423149419,2
251.752,1.0,1.0999196400823135,2
251.785,0.5,1.1426337051255446,1
251.818,1.0,0.999992564368996,2
251.852,1.0,0.8425240668309997,2
251.885,1.0,0.7166632206456093,2
251.919,0.5,0.04420735342327018,1
251.952,0.5,0.06446239340513855,1
251.985,0.5,0.057480511202060415,1
252.019,0.5,0.08368486189716286,1
252.052,0.5,0.12316641922484513,1
252.085,0.5,0.04533745654794748,1
252.119,0.5,0.3612480149493216,1
252.152,0.5,0.15518057219137293,1
252.186,0.5,0.28311797978997244,1
252.219,0.5,0.10974369494760386,1
252.252,0.5,0.3340279189083347,1
252.286,0.5,0.16210178417622492,1
252.319,0.5,0.04048839626736999,1
252.352,0.5,0.12316641922473906,1
252.386,0.5,0.04400400194363896,1
252.419,0.5,0.143170266045781,1
252.452,0.5,0.10172140269229821,1
252.486,0.5,0.04400400194363896,1
252.519,0.5,0.06406732986955893,1
252.553,0.5,0.11954387748290468,1
252.586,0.5,0.14170938693567964,1
252.619,0.5,0.18671028664725775,1
252.653,0.5,0.01980035050147694,1
252.686,0.5,0.09067491309590697,1
252.719,0.5,0.08350697972717355,1
252.753,0.5,0.3168648089843501,1
252.786,0.5,0.020400361122719347,1
252.819,0.5,0.04048839626736999,1
252.853,0.5,0.05578990793139524,1
252.886,0.5,0.04080072224547383,1
252.92,0.5,0.15961680016704294,1
253.02,1.0,0.3713972717038057,2
253.053,1.0,0.7677997363273732,2
253.086,0.5,0.08407510512076846,1
253.12,0.5,0.04400400194363896,1
253.153,0.5,0.04080072224546038,1
253.187,0.5,0.18174595990262582,1
253.22,0.5,0.057480511202119396,1
253.253,0.5,0.14746609536252106,1
253.287,0.5,0.04420735342327608,1
253.32,0.5,0.060732594401034797,1
253.353,0.5,0.04554697019367808,1
253.387,0.5,0.019648780541521332,1
253.42,0.5,0.045337456548010566,1
253.453,0.5,0.13001724768227652,1
253.487,0.5,0.05894634162455094,1
253.52,0.5,0.29266081277617173,1
253.554,0.5,0.06256644065790669,1
253.587,0.5,0.06406732986960136,1
253.62,0.5,0.040488396267335115,1
253.687,0.5,0.07316520319404109,1
253.72,0.5,0.5267443440543459,1
253.754,0.5,0.19648780541514801,1
253.787,0.5,0.08097679253467023,1
253.82,0.5,0.02874025560105022,1
253.854,0.5,0.09851740023018059,1
253.887,0.5,0.06446239340512155,1
253.921,0.5,0.04420735342330714,1
253.954,0.5,0.07338176093373162,1
253.987,0.5,0.045546970193717305,1
254.021,0.5,0.49756353620424665,1
254.054,0.5,0.18219778320301475,1
254.087,0.5,0.020400361122736917,1
254.121,0.5,0.06218299663809344,1
254.154,0.5,0.48970015933951205,1
254.188,0.5,0.193765071150502,1
254.221,0.5,0.13023674319343026,1
254.254,0.5,0.06406732986960136,1
254.288,0.5,0.027894953965706855,1
254.321,0.5,0.08160144449093422,1
254.354,0.5,0.028740255601025392,1
254.388,0.5,0.0278949539657209,1
254.421,0.5,0.05748051120210984,1
254.454,0.5,0.04533745654794748,1
254.488,0.5,0.01980035050146388,1
254.521,0.5,0.020400361122736917,1
254.555,0.5,0.058946341624501665,1
254.588,0.5,0.04533745654799855,1
254.621,0.5,0.06073259440100941,1
254.655,0.5,0.07122347384749592,1
254.688,0.5,0.020244198133691722,1
254.721,0.5,0.045337456547959495,1
254.755,0.5,0.09851740023025508,1
254.788,0.5,0.02024419813367429,1
254.821,0.5,0.06446239340512577,1
254.855,0.5,0.044004001943627295,1
254.888,0.5,0.04080072224542524,1
254.922,0.5,0.12041600498311437,1
254.955,0.5,0.10399132611186351,1
254.988,0.5,0.045546970193717305,1
255.022,0.5,0.044207353423313035,1
255.055,0.5,0.3674619574847818,1
255.088,0.5,0.14676352186759345,1
255.122,0.5,0.07122347384743637,1
255.155,0.5,0.045337456548010566,1
255.189,0.5,0.01964878054150827,1
255.222,0.5,0.045337456547959495,1
255.289,0.5,0.04420735342330714,1
255.322,0.5,0.045337456547971514,1
255.355,0.5,0.04533745654799855,1
255.389,0.5,0.019648780541504908,1
255.422,0.5,0.04533745654799855,1
255.455,0.5,0.060732594400995946,1
255.489,0.5,0.039297561083029606,1
255.556,0.5,0.02789495396568838,1
255.589,0.5,0.10200180561365768,1
255.622,0.5,0.0644623934050788,1
255.656,0.5,0.039297561083029606,1
255.722,0.5,0.057480511202060415,1
255.756,0.5,0.08800800388726625,1
255.789,0.5,0.09109394038745873,1
255.822,0.5,0.040488396267335115,1
255.856,0.5,0.03929756108301654,1
255.889,0.5,0.02040036112270589,1
255.923,0.5,0.019648780541521332,1
255.956,0.5,0.020244198133678264,1
255.989,0.5,0.02040036112270589,1
256.023,0.5,0.019648780541491846,1
256.056,0.5,0.045337456548031535,1
256.089,0.5,0.10122099066834452,1
256.123,0.5,0.08800800388726036,1
256.156,0.5,0.040488396267335115,1
256.19,0.5,0.039297561083029606,1
256.223,0.5,0.04048839626734858,1
256.256,0.5,0.1681502102418592,1
256.29,0.5,0.06256644065779798,1
256.323,0.5,0.02024419813370916,1
256.356,0.5,0.19338718021521933,1
256.39,0.5,0.04400400194364483,1
256.423,0.5,0.16815021024156307,1
256.456,0.5,0.16320288898172786,1
256.49,0.5,0.1009327576968931,1
256.523,0.5,0.06446239340507026,1
256.557,0.5,0.06256644065790669,1
256.59,0.5,0.028740255601074897,1
256.623,0.5,0.06120108336814459,1
256.657,0.5,0.0278949539657117,1
256.69,0.5,0.061201083368131126,1
256.723,0.5,0.16701395945417388,1
256.757,0.5,0.11522160470349124,1
256.79,0.5,0.10122099066834452,1
256.823,0.5,0.40156849218522506,1
256.857,0.5,0.1389593758678283,1
256.89,0.5,0.08350697972723242,1
256.957,0.5,0.06120108336814459,1
256.99,0.5,0.02024419813366083,1
257.024,0.5,0.027894953965730173,1
257.057,0.5,0.1032563009497166,1
257.09,0.5,0.09067491309606315,1
257.124,0.5,0.11954387748271769,1
257.157,0.5,0.09109394038751317,1
257.191,0.5,0.11522160470349793,1
257.224,0.5,0.09109394038735019,1
257.257,0.5,0.1821878807747124,1
257.291,0.5,0.19748293991340723,1
257.324,0.5,0.22773485096840862,1
257.357,0.5,0.09067491309590091,1
257.391,0.5,0.13947476982860474,1
257.424,0.5,0.09109394038751915,1
257.457,0.5,0.08407510512078478,1
257.491,0.5,0.14312885726360164,1
257.524,0.5,0.04554697019369013,1
257.558,0.5,0.039600701002940816,1
257.591,0.5,0.13601236964386043,1
257.624,0.5,0.14633040638808587,1
257.658,0.5,0.1857689961019313,1
257.691,0.5,0.14843137200505627,1
257.724,0.5,0.15861324168913293,1
257.758,0.5,0.29333594589579404,1
257.791,0.5,0.2244039723498859,1
257.824,0.5,0.2319303856647263,1
257.858,0.5,0.08841470684663767,1
257.891,0.5,0.028740255601015913,1
257.925,0.5,0.05894634162455094,1
257.958,0.5,0.06073259440098249,1
258.025,0.5,0.06218299663814542,1
258.058,0.5,0.06406732986955464,1
258.091,0.5,0.04554697019368416,1
258.125,0.5,0.039297561083029606,1
258.158,0.5,0.045337456547959495,1
258.192,0.5,0.11954387748291975,1
258.225,0.5,0.060732594400995946,1
258.258,0.5,0.02040036112275449,1
258.292,0.5,0.10592487875442358,1
258.325,0.5,0.08350697972708858,1
258.358,0.5,0.1431702660457791,1
258.392,0.5,0.11954387748291975,1
258.425,0.5,0.07316520319404475,1
258.458,0.5,0.08097679253467023,1
258.492,0.5,0.055789907931432674,1
258.525,0.5,0.06446239340518983,1
258.559,0.5,0.04420735342322742,1
258.592,0.5,0.0733817609338506,1
258.625,0.5,0.028740255601025465,1
258.659,0.5,0.07122347384749592,1
258.692,0.5,0.04554697019369013,1
258.725,0.5,0.028740255601015913,1
258.759,0.5,0.039600701002940816,1
258.792,0.5,0.04080072224550898,1
258.825,0.5,0.028740255601025465,1
258.859,0.5,0.027894953965730173,1
258.892,0.5,0.040488396267335115,1
258.926,0.5,0.05894634162453788,1
258.959,0.5,0.02024419813367429,1
258.992,0.5,0.040800722245438695,1
259.026,0.5,0.01980035050147694,1
259.059,0.5,0.06406732986955893,1
259.092,0.5,0.020244198133695702,1
259.159,0.5,0.040800722245438695,1
259.193,0.5,0.059401051504404695,1
259.226,0.5,0.020400361122719347,1
259.259,0.5,0.0455469701936721,1
259.293,0.5,0.05578990793145115,1
259.326,0.5,0.04554697019369013,1
259.359,0.5,0.04554697019375653,1
259.393,0.5,0.0278949539657117,1
259.426,0.5,0.02024419813367429,1
259.459,0.5,0.06446239340507026,1
259.493,0.5,0.05940105150443082,1
259.526,0.5,0.04554697019367808,1
259.56,0.5,0.019648780541521332,1
259.626,0.5,0.04048839626740486,1
259.66,0.5,0.027894953965674336,1
259.693,0.5,0.02040036112274103,1
259.726,0.5,0.02024419813366083,1
259.76,0.5,0.15843240449217585,1
259.793,0.5,0.08350697972708858,1
259.826,0.5,0.02040036112270589,1
259.86,0.5,0.19748293991340593,1
259.893,0.5,0.266318524047232,1
259.927,0.5,0.23578536649778342,1
259.96,0.5,0.08350697972722915,1
259.993,0.5,0.060732594400995946,1
260.027,0.5,0.027894953965720972,1
260.06,0.5,0.028740255601025465,1
260.093,0.5,0.02024419813366083,1
260.127,0.5,0.019648780541521332,1
260.16,0.5,0.20651260189942003,1
260.194,0.5,0.17794407716537375,1
260.227,0.5,0.14746609536264807,1
260.26,0.5,0.09067491309590091,1
260.294,0.5,0.027894953965730173,1
260.327,0.5,0.0835069797270853,1
260.36,0.5,0.3264667728927235,1
260.394,0.5,0.14312885726360525,1
260.427,0.5,0.16323338644637012,1
260.46,0.5,0.08350697972723573,1
260.494,0.5,0.0392975610829639,1
260.527,0.5,0.045546970193750556,1
260.561,0.5,0.0712234738474887,1
260.594,0.5,0.028740255601025392,1
260.627,0.5,0.028740255601025465,1
260.661,0.5,0.01980035050147694,1
260.694,0.5,0.10150277599473889,1
260.727,0.5,0.1681502102418527,1
260.761,0.5,0.3222428656553323,1
260.794,0.5,0.4126991995359249,1
260.827,0.5,0.4492642861208446,1
260.861,0.5,0.5401376665047948,1
260.894,0.5,0.4709519556017091,1
260.928,0.5,0.30945147396316186,1
260.961,0.5,0.2079826522237376,1
260.994,1.0,0.17413681688446495,2
261.028,1.0,0.1623058471452704,2
261.061,1.0,0.230612069048642,2
261.094,1.0,0.10680997705675974,2
261.128,0.5,0.08368486189715357,1
261.161,0.5,0.06406732986955893,1
261.195,0.5,0.01964878054150827,1
261.228,0.5,0.16416395125643732,1
261.261,0.5,0.23247707592164835,1
261.295,0.5,0.2210367671165417,1
261.328,0.5,0.1428025278592545,1
261.361,0.5,0.15883318095920637,1
261.395,1.0,0.148588596778784,2
261.428,0.5,0.07316520319404475,1
261.461,0.5,0.07338176093372419,1
261.495,0.5,0.0792014020058947,1
261.528,0.5,0.17503785566215097,1
261.562,0.5,0.08841470684662017,1
261.595,0.5,0.20300555198947254,1
261.628,0.5,0.14676352186772348,1
261.662,0.5,0.09851740023024466,1
261.695,0.5,0.16195358506934046,1
261.728,0.5,0.16195358506934046,1
261.762,0.5,0.1389593758680754,1
261.795,0.5,0.1833363219278308,1
261.828,0.5,0.32646677289329923,1
261.862,0.5,0.20527041334920193,1
261.895,0.5,0.39404694856600475,1
261.929,0.5,0.19748293991340723,1
261.962,0.5,0.27674194933767166,1
261.995,0.5,0.16416395125643732,1
262.029,0.5,0.2384152539038898,1
262.062,0.5,0.2735205761872627,1
262.095,0.5,0.4560546153201393,1
262.129,0.5,0.08800800388727203,1
262.162,0.5,0.24482466617137558,1
262.196,0.5,0.08368486189701374,1
262.229,0.5,0.11496102240430922,1
262.262,0.5,0.18134982619183798,1
262.296,0.5,0.06218299663812888,1
262.329,0.5,0.040488396267335115,1
262.362,0.5,0.0455469701936721,1
262.396,0.5,0.0278949539657209,1
262.429,0.5,0.09067491309606912,1
262.462,0.5,0.16416395125644903,1
262.496,0.5,0.0985174002302472,1
262.529,0.5,0.16320288898172786,1
262.563,0.5,0.31091498319069816,1
262.596,0.5,0.1302367431934219,1
262.629,0.5,0.15436036716438065,1
262.663,0.5,0.2241506384305643,1
262.696,0.5,0.21149072890543805,1
262.729,0.5,0.34955076439564614,1
262.763,0.5,0.24873198655255277,1
262.796,0.5,0.24633283844947584,1
262.829,0.5,0.246332838449475,1
262.863,0.5,0.2004387018436841,1
262.896,0.5,0.3296383282821993,1
262.93,0.5,0.27791875173613606,1
262.963,0.5,0.14633040638807834,1
262.996,0.5,0.13001724768249848,1
263.03,0.5,0.14406574341651374,1
263.063,0.5,0.33071484872804996,1
263.096,0.5,0.18801453050553846,1
263.13,0.5,0.1989760351773214,1
263.163,0.5,0.17460217265003775,1
263.197,0.5,0.09851740023026549,1
263.23,0.5,0.06446239340505326,1
263.263,0.5,0.08407510512093941,1
263.297,0.5,0.06256644065779798,1
263.33,0.5,0.0910939403875071,1
263.363,0.5,0.08407510512078478,1
263.397,0.5,0.10651593921382246,1
263.43,0.5,0.06073259440100941,1
263.463,0.5,0.17313155784618914,1
263.497,0.5,0.10021935092184205,1
263.53,0.5,0.08097679253480972,1
263.564,0.5,0.062182996638024915,1
263.63,0.5,0.06406732986954189,1
263.664,0.5,0.0278949539657209,1
263.697,0.5,0.06406732986955464,1
263.73,0.5,0.04554697019368416,1
263.764,0.5,0.027894953965730173,1
263.797,0.5,0.060732594400995946,1
263.83,0.5,0.028740255601074974,1
263.864,0.5,0.0278949539657117,1
263.897,0.5,0.028740255601025465,1
263.964,0.5,0.040488396267335115,1
264.031,0.5,0.0278949539657209,1
264.064,0.5,0.020400361122719347,1
264.097,0.5,0.02024419813370916,1
264.131,0.5,0.027894953965730173,1
264.164,0.5,0.028740255601015913,1
264.231,0.5,0.02024419813366083,1
264.264,0.5,0.028740255601015913,1
264.464,0.5,0.020400361122719347,1
264.498,0.5,0.20266570434532838,1
264.531,0.5,0.10913472356509374,1
264.565,0.5,0.04420735342330133,1
264.598,0.5,0.045337456547959495,1
264.631,0.5,0.020244198133695702,1
264.665,0.5,0.1539481463451951,1
264.698,0.5,0.10122099066850541,1
264.731,0.5,0.12813465973910512,1
264.765,0.5,0.06218299663812888,1
264.798,0.5,0.02024419813366083,1
264.831,0.5,0.02024419813366083,1
264.865,0.5,0.15843240449217422,1
264.898,0.5,0.06406732986954618,1
264.932,0.5,0.05894634162455094,1
264.965,0.5,0.12813465973932156,1
264.998,0.5,0.02024419813366083,1
265.032,0.5,0.0278949539657209,1
265.065,0.5,0.057480511202060415,1
265.098,0.5,0.02040036112270589,1
265.132,0.5,0.01964878054150827,1
265.165,0.5,0.040800722245438695,1
265.199,0.5,0.027894953965730173,1
265.232,0.5,0.028740255601025465,1
265.265,0.5,0.04048839626740486,1
265.299,0.5,0.01980035050146388,1
265.332,0.5,0.028740255601034943,1
265.365,0.5,0.05748051120205086,1
265.399,0.5,0.04400400194363896,1
265.465,0.5,0.04080072224549552,1
265.499,0.5,0.027894953965683537,1
265.532,0.5,0.02040036112275449,1
265.599,0.5,0.028740255601025465,1
265.632,0.5,0.028740255601015913,1
265.666,0.5,0.01964878054150827,1
265.766,0.5,0.01964878054150827,1
265.799,0.5,0.020244198133695702,1
265.832,0.5,0.02024419813367429,1
265.866,0.5,0.04420735342330714,1
265.899,0.5,0.02024419813367429,1
265.999,0.5,0.04533745654795344,1
266.033,0.5,0.04400400194362142,1
266.066,0.5,0.02040036112275449,1
266.133,0.5,0.027894953965720972,1
266.2,0.5,0.01964878054150827,1
266.233,0.5,0.04533745654795344,1
266.266,0.5,0.10325630094970076,1
266.3,0.5,0.019648780541521332,1
266.333,0.5,0.020400361122719347,1
266.366,0.5,0.020244198133695702,1
266.4,0.5,0.04420735342330714,1
266.433,0.5,0.028740255601034943,1
266.466,0.5,0.04080072224542524,1
266.5,0.5,0.06256644065791497,1
266.533,0.5,0.04080072224542524,1
266.567,0.5,0.044004001943650624,1
266.6,0.5,0.06446239340505748,1
266.633,0.5,0.04080072224550898,1
266.667,0.5,0.06256644065790669,1
266.7,0.5,0.028740255601025465,1
266.733,0.5,0.02024419813367429,1
266.767,0.5,0.027894953965720972,1
266.8,0.5,0.05748051120205086,1
266.834,0.5,0.07122347384749592,1
266.867,0.5,0.11828466323795182,1
266.9,0.5,0.12316641922496446,1
266.934,0.5,0.027894953965674336,1
266.967,0.5,0.04080072224550898,1
267.0,0.5,0.0455469701936721,1
267.034,0.5,0.01980035050146388,1
267.067,0.5,0.08097679253467023,1
267.1,0.5,0.04048839626734858,1
267.134,0.5,0.12640625074664621,1
267.167,0.5,0.057480511202159426,1
267.201,0.5,0.0621829966380373,1
267.234,0.5,0.1281346597393343,1
267.267,0.5,0.04533745654794748,1
267.301,0.5,0.0278949539657117,1
267.334,0.5,0.028740255601025465,1
267.367,0.5,0.08160144449086393,1
267.401,0.5,0.0625664406579026,1
267.434,0.5,0.0455469701936721,1
267.467,0.5,0.08160144449101796,1
267.501,0.5,0.04400400194364474,1
267.534,0.5,0.020400361122719347,1
267.568,0.5,0.027894953965730173,1
267.601,0.5,0.02024419813367429,1
267.634,0.5,0.020400361122719347,1
267.701,0.5,0.028740255601025465,1
267.768,0.5,0.01964878054150827,1
267.801,0.5,0.02040036112270589,1
267.835,0.5,0.027894953965720972,1
267.868,0.5,0.04554697019368416,1
267.901,0.5,0.04080072224542524,1
267.935,0.5,0.01980035050147694,1
267.968,0.5,0.028740255601025465,1
268.001,0.5,0.02024419813370916,1
268.035,0.5,0.04420735342322742,1
268.068,0.5,0.12813465973932156,1
268.101,0.5,0.04554697019368416,1
268.135,0.5,0.01980035050147694,1
268.168,0.5,0.05748051120204138,1
268.202,0.5,0.027894953965720972,1
268.235,0.5,0.08350697972707224,1
268.268,0.5,0.05748051120214987,1
268.302,0.5,0.044004001943565386,1
268.335,0.5,0.08097679253480972,1
268.368,0.5,0.020400361122719347,1
268.402,0.5,0.06218299663814542,1
268.468,0.5,0.028740255601034943,1
268.502,0.5,0.039297561083029606,1
268.535,0.5,0.02040036112270589,1
268.569,0.5,0.0278949539657209,1
268.602,0.5,0.04048839626740486,1
268.635,0.5,0.028740255601015913,1
268.669,0.5,0.18121880762818332,1
268.702,0.5,0.10122099066834452,1
268.735,0.5,0.04048839626732166,1
268.769,0.5,0.05894634162455094,1
268.802,0.5,0.02024419813367429,1
268.836,0.5,0.01980035050146388,1
268.869,0.5,0.02024419813367429,1
268.936,0.5,0.039297561083029606,1
268.969,0.5,0.02024419813367429,1
269.002,0.5,0.020400361122719347,1
269.069,0.5,0.028740255601034943,1
269.102,0.5,0.045337456548031535,1
269.136,0.5,0.19648780541480645,1
269.169,0.5,0.04533745654803759,1
269.203,0.5,0.039297561083042665,1
269.236,0.5,0.04080072224542524,1
269.269,0.5,0.10974369494750934,1
269.303,0.5,0.13262206026992152,1
269.336,0.5,0.08160144449086393,1
269.369,0.5,0.1437012780051272,1
269.403,0.5,0.13998826627916597,1
269.436,0.5,0.15436036716462884,1
269.469,0.5,0.27330003522947016,1
269.503,0.5,0.15416161681345494,1
269.536,0.5,0.07316520319403358,1
269.57,0.5,0.19376507115049546,1
269.603,0.5,0.1463304063880895,1
269.636,0.5,0.1874736089523708,1
269.67,0.5,0.09900175250735858,1
269.703,0.5,0.22773485096878884,1
269.736,0.5,0.17313155784618914,1
269.77,0.5,0.08800800388727792,1
269.803,0.5,0.2226861794703356,1
269.837,0.5,0.12436599327627847,1
269.87,0.5,0.30967085798745786,1
269.903,0.5,0.299421808286603,1
269.937,0.5,0.1980035050147302,1
269.97,0.5,0.2935270437349265,1
270.003,0.5,0.2551684441645155,1
270.037,0.5,0.10651593921382246,1
270.07,0.5,0.18360325010443376,1
270.103,1.0,0.44222034096224094,2
270.137,1.0,0.3567829729615415,2
270.17,1.0,0.42296433423006286,2
270.204,1.0,0.26291256386167977,2
270.237,1.0,0.2785264915001686,2
270.27,1.0,0.26300313682278265,2
270.304,1.0,0.2687867268089661,2
270.337,1.0,0.27664707886930867,2
270.37,1.0,0.4104338282390537,2
270.404,1.0,0.3114105595692708,2
270.437,1.0,0.292970505658031,2
270.47,0.5,0.028740255601034943,1
270.504,0.5,0.019648780541521332,1
270.537,0.5,0.028740255601084452,1
270.571,0.5,0.019800350501443836,1
270.604,0.5,0.08097679253480972,1
270.637,1.0,0.13601236964387847,2
270.671,1.0,1.2210690262297823,2
270.704,0.5,0.28634053209157345,1
270.737,0.5,0.4569036074018356,1
270.771,1.0,1.1395176623106253,2
270.804,1.0,0.4183387812632723,2
270.838,1.0,1.6561755117209827,2
270.871,1.0,0.6236247657593953,2
270.904,1.0,0.51147980466458,2
270.938,1.0,0.6267853010950637,2
270.971,1.0,0.6752040374607685,2
271.004,1.0,0.6538914340149559,2
271.038,1.0,0.6150953570505773,2
271.071,1.0,0.6238001804410019,2
271.104,1.0,0.6259472229203668,2
271.138,1.0,0.5753919477422212,2
271.171,1.0,0.6965090277107847,2
271.205,1.0,0.6486184642659802,2
271.238,1.0,0.7672690068975556,2
271.271,1.0,0.7545464333638641,2
271.305,1.0,1.0404712237915357,2
271.338,1.0,0.8792721793069793,2
271.371,1.0,0.8510525685084793,2
271.405,1.0,0.8677370190931077,2
271.438,1.0,0.6440444986162434,2
271.471,1.0,0.5464976573057695,2
271.505,1.0,0.5074600111897247,2
271.538,1.0,0.583842512012405,2
271.572,1.0,0.5700164229751609,2
271.605,1.0,0.5945732931075295,2
271.638,1.0,1.3855153087024368,2
271.672,1.0,0.8758656096915401,2
271.705,1.0,0.5041361335954646,2
271.738,1.0,0.4080072224543129,2
271.772,1.0,0.32460500710448037,2
271.805,1.0,0.18657791112114713,2
271.839,1.0,0.24617237725940389,2
271.872,1.0,0.4295050692958516,2
271.905,1.0,0.2661827501062577,2
271.939,1.0,0.23941889461846985,2
271.972,1.0,0.1811456344479005,2
272.005,1.0,0.37958640156544565,2
272.039,1.0,0.22858343522035365,2
272.072,1.0,0.24715214076602154,2
272.105,1.0,1.4105851724127838,2
272.139,1.0,0.7690722595932146,2
272.172,1.0,0.5932938979987474,2
272.206,1.0,0.4888066425633173,2
272.239,1.0,0.4486497644280725,2
272.272,0.5,0.26540288836424647,1
272.306,0.5,0.34839187660686405,1
272.339,0.5,0.3045083279842169,1
272.372,0.5,0.5759419882934056,1
272.406,0.5,0.2817100338170803,1
272.439,0.5,0.1017214026922214,1
272.472,0.5,0.5874360825454564,1
272.506,0.5,0.14312885726360525,1
272.539,0.5,0.20880708932534175,1
272.573,0.5,0.38163566957656514,1
272.606,0.5,0.25410908080751954,1
272.639,0.5,0.15861324168912197,1
272.673,0.5,0.3360789064075374,1
272.706,0.5,0.2902467015083011,1
272.739,0.5,0.3395883143102368,1
272.773,0.5,0.4974639731042738,1
272.806,0.5,0.3615015133987457,1
272.84,0.5,0.26526179889937923,1
272.873,0.5,0.19338718021520207,1
272.906,0.5,0.17413681688446966,1
272.94,0.5,0.18248469137313647,1
272.973,0.5,0.20118178920720603,1
273.006,0.5,0.20400361122750452,1
273.04,0.5,0.3612480149487026,1
273.073,0.5,0.7225515540366084,1
275.108,0.5,1.1853981600015884,1
275.142,0.5,0.9575681408282257,1
275.175,0.5,1.4083449443155889,1
275.209,0.5,1.5486694340862308,1
275.242,0.5,2.1633475148997974,1
275.275,0.5,1.941801336511204,1
275.309,0.5,1.1715880665583949,1
275.342,0.5,0.9921445461859069,1
275.375,0.5,0.5853216255523285,1
275.409,0.5,0.7448602904200318,1
275.442,0.5,0.16815021024155977,1
275.475,0.5,0.4560546153201459,1
275.509,0.5,0.43605063064702504,1
275.542,0.5,0.5308057767294088,1
275.576,0.5,0.5730545749124717,1
275.609,0.5,0.7475784230095711,1
275.642,0.5,0.9362670661651897,1
275.876,0.5,0.9917647645734217,1
275.909,0.5,0.2522253153623364,1
275.943,0.5,0.18174595990277775,1
275.976,0.5,0.20798265222373627,1
276.009,0.5,0.17460217265003533,1
276.376,0.5,0.5271774471495787,1
276.41,0.5,0.9437985981069522,1
276.443,0.5,0.41214515966529336,1
276.476,0.5,0.11828466323794032,1
276.51,0.5,0.3628192855864325,1
276.543,0.5,0.45546970193679615,1
276.577,0.5,0.23841525390390222,1
276.61,0.5,0.028740255601020726,1
276.643,0.5,0.057480511202145125,1
276.677,0.5,1.780842579760513,1
276.81,0.5,0.2754861566181414,1
334.401,0.5,1.2604009692014506,1
334.434,0.5,1.9817189140168674,1
334.468,0.5,0.5602548993716243,1
336.87,0.5,1.0964628857529397,1
336.904,0.5,0.8932884996316327,1
336.937,0.5,0.6700771364463458,1
336.97,0.5,0.35613950544689166,1
337.004,0.5,0.8278633024773455,1
337.037,0.5,1.2107458023351736,1
337.07,0.5,1.4994655343274588,1
337.104,0.5,2.0193634800142335,1
337.137,0.5,2.003648938975466,1
337.171,0.5,1.6741439869800518,1
337.204,0.5,1.1177481957097202,1
337.237,0.5,0.6327178169516559,1
337.271,0.5,0.3715001268206434,1
337.304,0.5,0.21285187670432082,1
337.337,0.5,0.19204393227555033,1
337.371,0.5,0.2652441205398605,1
337.404,0.5,0.4912799171349473,1
337.437,0.5,0.5752592934222355,1
337.471,0.5,0.584296172810465,1
337.504,0.5,0.8483344140691815,1
337.538,0.5,0.9596888404653809,1
337.571,0.5,0.8764130013118248,1
337.604,0.5,0.9973969115246943,1
337.638,0.5,1.8601728665310595,1
337.671,0.5,2.387554601357532,1
337.704,0.5,1.6979640388080441,1
337.738,0.5,1.496136066083654,1
337.771,0.5,0.6375744350606058,1
337.804,0.5,0.3022249139535541,1
337.838,0.5,0.08160230791125556,1
338.038,0.5,0.26439963104874276,1
338.071,0.5,1.3788665442842043,1
338.105,0.5,0.7726711967354324,1
338.138,0.5,0.42945284761355135,1
338.172,0.5,0.3222428656553323,1
338.238,0.5,0.8119302519529755,1
338.272,0.5,0.3897576541794049,1
338.305,0.5,0.12316641922473016,1
338.338,0.5,0.39233598735522685,1
338.372,0.5,0.6843850644232569,1
338.405,0.5,0.4492642861216185,1
338.438,0.5,0.5487184747375191,1
338.472,0.5,0.35694751951887144,1
338.505,0.5,0.440290565602401,1
338.539,0.5,0.42369951501770275,1
338.572,0.5,0.13664091058104938,1
338.605,0.5,0.028740255601034943,1
338.639,1.0,0.27705333706065954,2
338.672,1.0,0.3127661464620802,2
338.705,0.5,0.6983231582600431,1
338.739,0.5,0.5207740547450255,1
338.772,0.5,0.4506305376446486,1
338.805,0.5,0.4512367538354813,1
338.839,0.5,0.5761080235174415,1
338.872,0.5,0.7338126031791984,1
338.906,0.5,1.6370007094619705,1
338.939,0.5,1.0759716883796995,1
338.972,0.5,2.2014837029242504,1
339.006,0.5,2.050659902409485,1
339.039,0.5,2.1692143625755134,1
339.072,0.5,1.0204906730708994,1
339.106,0.5,0.9068004421649493,1
339.139,0.5,0.6680153275916462,1
339.173,0.5,0.48177305385756175,1
339.206,0.5,0.388135165257426,1
339.239,0.5,0.3320078009790927,1
339.273,0.5,0.41766022000927494,1
339.306,0.5,0.18801453050584624,1
339.339,0.5,0.34585835268373344,1
339.373,0.5,0.5909302301383362,1
339.406,0.5,0.759853499680387,1
339.439,0.5,0.7376274040261162,1
339.473,0.5,0.18769932197372216,1
339.506,0.5,0.7123698551915006,1
339.54,0.5,1.0298717070047547,1
339.573,0.5,1.5548379717053928,1
339.606,0.5,0.8254547802373968,1
339.64,0.5,1.4970537196436018,1
339.673,0.5,0.6022316462001235,1
339.706,0.5,0.9227190634298619,1
339.74,0.5,0.434071553044465,1
339.773,0.5,0.24812994966197469,1
339.806,0.5,0.2551684441645037,1
339.84,0.5,0.12041600498310147,1
339.873,0.5,0.23247707592164482,1
339.907,0.5,0.22132062214081924,1
339.94,0.5,0.24460420105972353,1
339.973,0.5,0.2551684441640706,1
340.007,0.5,0.9330988395864557,1
340.04,0.5,0.6041730410883969,1
340.073,0.5,1.3081980544555727,1
340.107,0.5,1.3766149889110622,1
340.14,0.5,1.411570612282695,1
340.174,0.5,0.5734866048496943,1
340.207,0.5,0.2720247392877449,1
340.24,0.5,0.7413556124657583,1
340.274,0.5,0.6144568861167166,1
340.307,0.5,0.1644536728992476,1
340.34,1.0,0.3305027469016124,2
340.374,1.0,0.4731132531626559,2
340.407,1.5,0.5691792724269146,3
340.44,1.5,0.5229356417352031,3
340.474,1.5,0.44014194069649,3
340.507,1.5,0.4096307442558988,3
340.541,1.0,0.41648523821240024,2
340.574,0.5,0.045337456547959495,1
340.607,1.0,0.4123996280701205,2
340.641,1.0,0.29809509519570826,2
340.674,1.0,0.6289719851662938,2
340.707,1.0,1.512059583356488,2
340.741,1.5,0.564879750609852,3
340.774,1.0,0.27404729284032536,2
340.807,1.0,0.23820058603296648,2
340.841,1.0,0.618545285977915,2
340.874,1.0,0.3285773699206197,2
340.908,1.0,0.6899652329122896,2
340.941,0.5,0.89367986612581,1
341.275,0.5,0.11431282161078309,1
341.441,0.5,0.592973654894016,1
341.475,0.5,1.277288605656365,1
370.504,0.5,0.687707318953005,1
370.537,0.5,0.10399132611204663,1
370.571,0.5,0.7703845100615483,1
370.604,0.5,0.8120773765645656,1
370.637,0.5,0.4897001593390978,1
370.671,0.5,0.20043870184369564,1
370.704,0.5,0.04048839626732839,1
370.737,0.5,0.020400361122719347,1
370.771,0.5,0.1195438774829133,1
370.804,0.5,0.10325630094987995,1
370.838,0.5,0.216136585956308,1
370.871,0.5,0.14370127800538424,1
370.904,0.5,0.5440494785754928,1
370.938,0.5,1.3397799035578626,1
370.971,0.5,0.9321264999037612,1
371.004,0.5,0.496452456736526,1
371.038,0.5,0.9700777613560756,1
371.071,0.5,1.0623400015993922,1
371.104,0.5,0.9392429948164926,1
371.138,0.5,0.73454614524223,1
371.171,0.5,0.48071935255153436,1
371.205,0.5,0.2408320099662072,1
371.238,0.5,1.2969391991936616,1
371.271,0.5,0.5290810769249523,1
371.305,0.5,0.4649897662204804,1
371.338,0.5,0.42342610508880685,1
371.371,0.5,0.20400361122750452,1
371.405,0.5,0.30945147396315603,1
371.438,0.5,0.33298397965731447,1
371.471,0.5,0.46606324995187737,1
371.505,0.5,0.9243413631347316,1
371.538,0.5,1.7623082476333332,1
371.572,0.5,1.4561652531442206,1
371.605,0.5,0.7960854754238144,1
371.638,0.5,0.6473320538534257,1
371.672,0.5,0.7980789202495622,1
371.705,0.5,1.8027727699658045,1
371.738,0.5,1.0374805284447277,1
371.772,0.5,0.5202159951694423,1
371.805,0.5,0.2461764240504717,1
371.839,0.5,0.11954387748293153,1
371.872,0.5,0.10325630094970209,1
371.905,0.5,0.3473964963357374,1
371.939,0.5,0.11522160470329884,1
371.972,0.5,0.08407510512092635,1
372.005,0.5,0.865777682443139,1
372.039,0.5,1.8521786092184587,1
372.072,0.5,2.513262983331757,1
372.139,0.5,1.887944957242971,1
372.172,0.5,0.6158320961236785,1
372.206,0.5,0.3363685006150968,1
372.239,0.5,0.29352704373544325,1
372.272,0.5,0.2720698036498403,1
372.306,0.5,0.6557869211716203,1
372.339,0.5,0.6288950486734627,1
372.372,0.5,0.21614054066200664,1
372.406,0.5,0.12436599327627432,1
372.439,0.5,0.101502775994747,1
372.472,0.5,0.30121515521545705,1
372.506,0.5,0.37857963295748553,1
372.539,0.5,0.24633283844947584,1
372.573,0.5,0.33168909794323853,1
372.606,0.5,0.14843137200478768,1
372.639,0.5,0.14280252785900852,1
372.673,0.5,0.38432882262654294,1
372.706,0.5,0.75508478882712,1
372.739,0.5,0.10974369494769211,1
372.773,0.5,0.7391709045353642,1
372.806,0.5,0.654065927705665,1
372.84,0.5,0.49500876253683207,1
372.873,0.5,1.0202189286624093,1
372.906,0.5,0.5522958367329138,1
372.94,0.5,0.3388921209199789,1
372.973,0.5,0.32890734579851016,1
373.006,0.5,0.3520837203435493,1
373.04,0.5,0.4373766983017356,1
373.073,0.5,0.16320288898200225,1
373.106,0.5,0.020400361122719347,1
373.14,0.5,0.24480692373421076,1
373.173,0.5,0.040800722245431964,1
373.207,0.5,0.11880210300884204,1
373.24,0.5,0.23247707592164482,1
373.307,0.5,0.47225313584093853,1
373.34,0.5,1.734030695433795,1
374.975,0.5,1.2941468845683433,1
375.008,0.5,1.3136771590083194,1
375.075,0.5,1.266509165692414,1
375.108,0.5,1.4584865625545913,1
375.142,0.5,1.4683482142175,1
375.175,0.5,1.4358739880845113,1
390.724,0.5,2.007392134808206,1
390.757,0.5,0.6252884990535946,1
390.791,0.5,1.4510200973943417,1
390.824,0.5,1.4119560760040724,1
390.858,0.5,1.2183784211615352,1
390.891,0.5,0.6917167053674771,1
390.924,0.5,0.46720582027759766,1
390.958,0.5,0.4863291005800419,1
390.991,0.5,0.3992734799468758,1
391.024,0.5,0.2935270437349377,1
391.058,0.5,0.2933359458957994,1
391.091,0.5,0.16445367289926177,1
391.124,0.5,0.3558402481923531,1
391.158,0.5,0.15933559974900807,1
391.191,0.5,0.24774042417550088,1
391.225,0.5,0.14202657090593931,1
391.258,0.5,0.25866230040968397,1
391.291,0.5,0.9166816096391794,1
391.325,0.5,0.5296243937721274,1
391.358,0.5,1.0021918623205033,1
391.391,0.5,1.3861046699478186,1
391.425,0.5,1.2375415922611315,1
391.458,0.5,0.9454259864521801,1
391.491,0.5,0.7532595650057949,1
391.525,0.5,0.6953793853766524,1
391.558,0.5,0.48071935255153436,1
391.592,0.5,0.37921875223997537,1
391.625,0.5,0.2838647899744986,1
391.658,0.5,0.3165383958780923,1
391.692,0.5,0.13998826627915487,1
391.725,0.5,0.24617642405047785,1
391.758,0.5,0.26047348638731976,1
391.792,0.5,0.21868834915123667,1
391.825,0.5,0.4743215113945866,1
391.859,0.5,1.6898656523138071,1
391.892,0.5,2.1102339752036974,1
391.925,0.5,1.7876308629599544,1
391.959,0.5,1.6770075541496503,1
391.992,0.5,1.4627126688052843,1
392.025,0.5,1.0610799405532043,1
392.059,0.5,1.2284795974749532,1
392.092,0.5,0.8422070333889112,1
392.125,0.5,0.44788469441430623,1
392.159,0.5,0.12513288131581546,1
392.192,0.5,0.2263930949981553,1
392.226,0.5,0.20527041334954135,1
392.259,0.5,0.08350697972708858,1
392.292,0.5,0.2065126018997731,1
392.326,0.5,0.18654898991409752,1
392.359,0.5,0.2949321907253109,1
392.392,0.5,1.2173898327214838,1
392.426,0.5,2.4403879471332233,1
392.459,0.5,1.054475836442313,1
392.492,0.5,0.46188616403841265,1
392.526,0.5,0.2976544936205978,1
392.559,0.5,0.19338718021520657,1
392.593,0.5,0.2940993452823952,1
392.626,0.5,0.2385673568110176,1
392.659,0.5,0.3165383958780888,1
392.693,0.5,0.34172831680368243,1
392.726,0.5,0.3491615791294193,1
392.759,0.5,0.36943189362581524,1
392.826,0.5,0.28134229369246966,1
392.86,0.5,0.27720490702062495,1
392.96,0.5,0.228892051797052,1
392.993,0.5,0.36720650020888096,1
393.026,0.5,0.2856050557180036,1
394.995,0.5,0.7734988412544965,1
395.028,0.5,0.7344739985128889,1
395.062,0.5,0.6359255814014212,1
395.095,0.5,0.5110177981834877,1
395.128,0.5,0.7079403525572003,1
395.162,0.5,0.439577921535887,1
395.195,0.5,0.4100112240014637,1
395.229,0.5,0.25740455651914795,1
395.262,0.5,0.30867235925519715,1
395.295,0.5,0.8655511898643132,1
395.329,0.5,1.2572870088243653,1
395.362,0.5,1.7326017013395476,1
396.797,0.5,1.1764845327185345,1
396.83,0.5,0.7073866270354545,1
396.864,0.5,1.5519939470876807,1
396.897,0.5,1.8773805863560153,1
396.93,0.5,0.49548084835011946,1
396.964,0.5,0.7686576452530913,1
396.997,0.5,0.5624208268571298,1
397.03,0.5,1.0677500984129322,1
397.064,0.5,0.24083200996580242,1
397.097,0.5,0.6039509444757392,1
397.13,0.5,0.2732818211620897,1
397.164,0.5,1.2572870088243586,1
397.197,0.5,0.26827754335330767,1
397.231,0.5,0.47885040050111827,1
397.264,0.5,0.8222683644962888,1
397.297,0.5,0.5541478404387161,1
397.331,0.5,0.8018908748953159,1
397.364,0.5,0.9641450493687902,1
397.397,0.5,1.2911337456917604,1
397.431,0.5,1.2913703583137768,1
397.464,0.5,1.0757430571933526,1
397.497,0.5,0.877306315211598,1
397.531,0.5,0.7632713391531623,1
397.564,0.5,0.40688561076885876,1
397.598,0.5,0.5005315252632495,1
397.631,0.5,0.9384166116465248,1
397.664,0.5,1.611755670708223,1
397.698,0.5,1.7428739325841593,1
397.731,0.5,1.6673666555047266,1
397.764,0.5,0.9558769013536194,1
397.931,0.5,0.5082181616158898,1
397.965,0.5,0.5808602134380423,1
397.998,0.5,0.46554171657370724,1
398.031,0.5,0.6639602110231493,1
398.065,0.5,0.7665582072778414,1
398.098,0.5,0.42932922704259396,1
398.131,0.5,1.1180933465190435,1
398.165,0.5,0.37857963295685776,1
398.198,0.5,0.14676352186772165,1
398.232,0.5,0.1326220602697027,1
398.265,0.5,0.08622076680323436,1
398.298,0.5,0.08160144449086393,1
398.332,0.5,0.10093275769688416,1
398.365,0.5,0.5617602396991205,1
398.398,0.5,0.27553521201055686,1
398.432,0.5,0.14202657090618043,1
398.465,0.5,0.18725341323336925,1
398.498,0.5,0.2236186693034125,1
398.532,1.0,0.25049675710442787,2
398.565,0.5,0.20965648666519587,1
398.599,0.5,0.14406574341650566,1
398.632,1.0,0.18471594681290762,2
398.665,1.0,0.3248580688603105,2
398.699,1.0,0.7030151971817311,2
398.732,1.0,1.107899748066935,2
398.765,1.0,0.6776833673341528,2
398.799,1.0,0.5085075803597606,2
398.832,1.0,0.4619480321844528,2
398.866,1.0,0.649376319210762,2
398.899,1.0,0.45625706318805864,2
398.932,1.0,0.3801392444783402,2
398.966,1.0,0.3849740495853907,2
398.999,1.0,0.5523285294013075,2
399.032,1.0,0.23277412819017554,2
399.066,1.0,0.4889392181188034,2
399.099,1.0,0.6089398184585247,2
399.132,1.0,0.8278305943544715,2
399.166,1.0,0.6509626988725998,2
399.199,1.0,0.8049812685237598,2
399.233,1.0,0.8943934968582862,2
399.266,1.0,0.8200025911248688,2
399.299,1.0,0.7583845464105085,2
399.333,0.5,0.9732864841868341,1
399.366,1.0,1.5187011399645822,2
399.399,0.5,0.6754384558966764,1
399.433,0.5,1.0099518431782433,1
399.466,0.5,1.5560556159017835,1
399.499,0.5,0.43031659031300135,1
399.533,0.5,2.2382159557716195,1
399.566,0.5,0.32640577796401127,1
399.6,0.5,0.7534659189717672,1
399.633,1.0,1.0650047163715874,2
399.666,1.0,0.7651188935687772,2
399.7,0.5,1.9547797335250254,1
399.733,0.5,0.14843137200478948,1
399.766,0.5,0.5125386389564075,1
399.8,0.5,0.32319033319703966,1
399.833,0.5,0.37840255966997777,1
399.867,0.5,0.6173689964516349,1
399.9,0.5,0.619086966263998,1
399.933,0.5,0.9292581724033874,1
399.967,0.5,0.7152188781731211,1
400.0,0.5,0.7369394613050205,1
400.033,0.5,0.6190306805363233,1
400.067,0.5,0.6578261273459763,1
400.1,0.5,0.5110177981834726,1
400.133,0.5,0.403168365081967,1
400.167,0.5,0.5012094055547403,1
400.2,0.5,0.3491615791294142,1
400.234,0.5,0.08800800388728668,1
400.267,0.5,0.4764995428775914,1
400.3,0.5,0.6039509444747121,1
400.334,0.5,0.3820250140705018,1
400.367,0.5,0.06446239340505963,1
400.4,0.5,0.3745068264667284,1
400.434,0.5,0.3288078484376602,1
400.467,0.5,1.183394115469413,1
400.501,0.5,0.8120521207564956,1
400.534,0.5,0.6120108336814594,1
400.567,0.5,0.04048839626732839,1
400.601,0.5,0.055789907931465016,1
400.634,0.5,1.1468956598483067,1
400.667,0.5,0.17503785566244467,1
400.701,0.5,0.22563951486491035,1
400.734,0.5,0.5465636423250878,1
400.767,0.5,0.34739649633514563,1
400.801,0.5,0.09900175250737164,1
400.868,1.0,1.5537287764723453,2
400.901,0.5,1.3672196667255727,1
400.934,0.5,0.3307148487280549,1
400.968,0.5,0.08160230791139354,1
401.001,0.5,0.4359934616438233,1
401.034,0.5,0.1847159468129002,1
401.068,0.5,0.36349191980556406,1
401.101,0.5,0.7572527047047753,1
401.134,0.5,0.6672819069715707,1
401.168,0.5,0.6694788951773581,1
401.201,0.5,1.4214929902269717,1
401.235,0.5,0.5040947592457601,1
401.268,0.5,1.4315434630338675,1
401.301,0.5,0.7285169211160094,1
401.335,0.5,1.010186542964145,1
401.368,0.5,0.8081357068365261,1
401.401,1.0,0.22735596922084528,2
401.435,1.0,0.09807308338446241,2
401.468,0.5,0.1821878807747124,1
401.502,0.5,1.6675119706966373,1
401.535,1.0,1.1387734847104096,2
401.568,1.0,1.0785876953376823,2
401.602,1.0,0.9413146886896989,2
401.635,1.0,0.7299376610985093,2
401.668,0.5,0.6264212679760117,1
401.702,0.5,0.44929761871743895,1
401.735,0.5,0.29266081277616235,1
401.768,0.5,0.27674194933814833,1
401.802,0.5,0.24766348992370935,1
401.835,0.5,0.4492642861216182,1
401.869,0.5,0.7922577122026476,1
402.269,0.5,0.5183427854567421,1
402.302,0.5,0.12892478681014055,1
402.336,0.5,0.3388921209199717,1
402.369,0.5,0.26827754335330867,1
402.402,0.5,0.480002211667253,1
402.436,0.5,0.3388921209199667,1
402.469,0.5,0.38090195949553035,1
402.503,0.5,0.37539864394743194,1
402.536,0.5,0.47312248126193623,1
402.903,0.5,1.4860615409731386,1
402.936,0.5,1.6151381969423175,1
402.97,0.5,0.7399058529387946,1
403.003,0.5,0.47583972506822186,1
403.036,0.5,0.34920434530008404,1
403.07,0.5,0.15394814634544748,1
403.103,0.5,0.23656932647589216,1
403.136,0.5,0.12813465973909874,1
403.17,0.5,0.11157981586288843,1
403.203,0.5,0.0840751051209296,1
403.237,0.5,0.27791875173567326,1
403.27,0.5,0.08622076680323432,1
403.303,0.5,0.3666726438556601,1
403.337,0.5,0.01980035050146388,1
403.37,0.5,0.14317026604578575,1
403.403,0.5,0.25626931947819526,1
403.437,0.5,0.25740455651916105,1
403.47,0.5,0.3107450623134547,1
403.504,0.5,0.5359345934264635,1
403.537,0.5,0.49151506955721613,1
403.57,0.5,0.636635705662771,1
403.604,0.5,1.147371997293973,1
403.637,0.5,1.255883937361924,1
403.67,0.5,0.8944504729394839,1
403.704,0.5,0.6836758231844721,1
403.737,0.5,0.37450682646606936,1
403.77,0.5,0.3022249139535586,1
403.804,0.5,0.5047728439433106,1
403.837,0.5,0.4696448251720123,1
403.871,0.5,0.3456598972152533,1
403.904,0.5,0.34739649633514563,1
403.937,0.5,0.3020043177188346,1
403.971,0.5,0.027894953965716302,1
404.004,0.5,0.08622076680307633,1
404.037,0.5,0.3539892891467148,1
404.071,0.5,0.18248469137284273,1
404.104,0.5,0.3307148487286345,1
404.137,0.5,0.27328182116207467,1
404.171,0.5,0.19476539093682899,1
404.204,0.5,0.2899513303783441,1
404.238,0.5,0.29473170812272204,1
404.271,0.5,0.13023674319343667,1
404.304,0.5,0.2088070893257014,1
404.338,0.5,0.05578990793136707,1
404.371,0.5,0.22361866930381843,1
404.404,0.5,0.390710229580293,1
404.438,0.5,0.5280480233236585,1
404.471,0.5,0.7625263857518824,1
404.505,0.5,0.6425736082801412,1
404.538,0.5,0.7801034860936553,1
404.571,0.5,0.5940880095315357,1
404.605,0.5,0.6913197944305033,1
404.638,0.5,0.346806139086759,1
404.671,0.5,0.13023674319343556,1
404.705,0.5,0.11157981586289302,1
404.738,0.5,0.3087207343287286,1
404.771,0.5,0.2886161602821489,1
404.805,0.5,0.3883052158859605,1
404.838,0.5,0.1360123696438694,1
404.872,0.5,0.12640625074665135,1
404.905,0.5,0.3447410383741878,1
404.938,0.5,0.2050056120007312,1
404.972,0.5,0.4928131755546919,1
405.005,0.5,0.26396407340515254,1
405.038,0.5,0.4284075835770256,1
405.072,0.5,0.8316147210618682,1
405.105,0.5,0.9384166116449016,1
405.172,0.5,0.47887879408950407,1
405.205,0.5,0.6190306805374024,1
405.239,0.5,0.30722844305836,1
405.272,0.5,0.238567356810613,1
405.305,0.5,0.37602906101105793,1
405.339,0.5,0.8118143705604044,1
405.372,0.5,0.101721402692216,1
405.405,0.5,0.4896086669460068,1
405.439,0.5,0.20978346593645159,1
405.472,0.5,0.3022249139535586,1
405.506,0.5,0.25620042418753464,1
405.539,0.5,0.5799026607566778,1
405.572,0.5,0.655795538119484,1
405.606,0.5,1.024801696750154,1
405.639,0.5,0.21614054066200158,1
405.672,0.5,0.27729185160150616,1
405.706,0.5,0.4363353986050617,1
405.739,0.5,0.3144359971603961,1
405.772,0.5,0.4897001593390911,1
405.806,0.5,0.3624376152563719,1
405.839,0.5,0.2088070893253333,1
405.873,0.5,0.13998826627917246,1
405.906,0.5,0.08350697972709348,1
405.939,0.5,0.1039913261118675,1
405.973,0.5,0.3979520703546441,1
406.006,0.5,0.12892478681036265,1
406.039,0.5,0.07316520319404293,1
406.073,0.5,0.20978346593680164,1
406.106,0.5,0.08407510512077825,1
406.139,0.5,0.18134982619183496,1
406.173,0.5,0.240832009966204,1
406.206,0.5,0.46386077132948456,1
406.24,0.5,0.2674312351869047,1
406.273,0.5,0.4108494944503733,1
406.306,0.5,0.7047406285662706,1
406.34,0.5,0.45922281021823397,1
406.373,0.5,0.3940469485653337,1
406.406,0.5,0.377582233921719,1
406.44,0.5,0.4539501462441446,1
406.473,0.5,0.3626996523836638,1
406.507,0.5,0.35203201554908525,1
406.54,0.5,0.4031683650812674,1
406.573,0.5,0.22802730766046908,1
406.607,0.5,0.2755158255632225,1
406.64,0.5,0.16815021024184287,1
406.673,0.5,0.14676352186746516,1
406.707,0.5,0.08160230791140147,1
406.74,0.5,0.1920439322755596,1
406.773,0.5,0.12316641922474568,1
406.807,0.5,0.1195438774829122,1
406.84,0.5,0.0455469701937656,1
406.874,0.5,0.07101328545297694,1
406.907,0.5,0.254109080807939,1
406.94,1.0,0.6848328130643004,2
406.974,1.0,0.3552975550574677,2
407.007,1.0,0.23838706912102023,2
407.04,1.0,0.1916455923804139,2
407.074,1.5,0.407139348654989,3
407.107,1.0,0.2979299550909472,2
407.14,1.0,0.2414235450517978,2
407.174,1.0,0.17967748034026215,2
407.207,1.5,0.3266310800184268,3
407.241,1.0,0.245263308437435,2
407.274,1.5,0.5292489285235698,3
407.307,1.5,0.7435749093689612,3
407.341,1.0,0.4760153630224886,2
407.374,0.5,0.045337456547959495,1
407.407,0.5,0.028740255601074897,1
407.441,0.5,0.08800800388726913,1
407.474,0.5,0.0733817609337279,1
407.508,0.5,0.04400400194363896,1
407.541,0.5,0.07316520319403358,1
407.574,0.5,0.09067491309591899,1
407.608,1.0,0.5682214711832001,2
407.641,1.0,0.6083711079107738,2
407.674,1.0,0.5972956130905808,2
407.708,1.5,0.8175110282729332,3
407.741,1.0,0.6996510075489351,2
407.774,1.0,0.39061052167382226,2
407.808,1.0,0.2722104756330661,2
407.841,1.0,0.7535931130756428,2
407.875,0.5,0.31500340558911016,1
407.908,0.5,0.32454896333401717,1
407.941,1.0,0.31280652129575165,2
407.975,1.0,0.7752433019406506,2
408.008,1.0,0.5328982787423733,2
408.041,0.5,0.5469739158047144,1
408.075,0.5,0.1264062507466554,1
408.108,1.0,0.21735729849329785,2
408.141,1.0,0.6662761616300871,2
408.175,0.5,0.15843240449217585,1
408.208,0.5,0.39005174304682977,1
408.242,1.0,1.0802451250770497,2
408.275,1.0,0.7466448754826988,2
408.308,1.0,1.021182390947017,2
408.342,1.0,0.5155224847596345,2
408.375,0.5,0.5726432586166245,1
408.408,0.5,0.3959751505846356,1
408.542,1.0,0.5251494064622926,2
408.575,1.0,1.2143219848836415,2
408.609,1.0,0.6790842111761931,2
408.642,1.0,0.93057811964229,2
408.675,1.0,0.6895599374928056,2
408.709,1.0,0.5035512539959334,2
408.742,1.0,0.6206003233834314,2
408.775,1.0,0.7651755105448526,2
408.809,0.5,0.9306164735676775,1
408.842,0.5,1.0200180561375225,1
408.876,0.5,0.9900175250736512,1
408.909,0.5,1.0615911599097325,1
408.942,1.0,1.2470380653172488,2
408.976,1.0,0.7621277147916585,2
409.009,1.0,0.7548133615404544,2
409.042,1.0,0.6584692963642408,2
409.076,1.0,0.602348011539815,2
409.109,1.0,0.756140517922183,2
409.142,1.0,0.7371521132788954,2
409.176,1.0,0.7823725926380355,2
409.209,1.0,0.9225355129465725,2
409.243,1.0,0.8814109604198801,2
409.276,1.0,1.0918429041026452,2
409.309,1.5,1.521890134829958,3
409.343,1.5,1.1212254880424,3
409.376,1.5,0.9725127077601735,3
409.409,1.5,1.046267216219607,3
409.443,1.5,0.9957165090464631,3
409.476,1.0,1.301329124461788,2
409.51,1.0,1.1475890352322358,2
409.543,1.0,1.186534789826537,2
409.576,1.0,0.9220575768958055,2
409.61,1.0,0.6428205582795561,2
409.643,1.0,0.8041096679006181,2
409.676,1.0,0.5355134174083475,2
409.71,1.0,0.509934544299414,2
409.743,1.0,0.5812528148019178,2
409.776,1.0,0.4041506459013595,2
409.81,1.0,0.6852688972162732,2
409.843,1.0,1.0824851839442788,2
409.877,1.0,0.8570799363171996,2
409.91,1.0,0.4192618623515441,2
409.943,1.0,0.3840703938280519,2
409.977,1.0,1.1455192383914803,2
410.01,1.0,0.6340565159317235,2
410.043,1.0,0.8098849969778847,2
410.077,1.0,0.44169252562982725,2
410.11,1.0,0.3339750518890423,2
410.143,1.0,0.4296803025884076,2
410.177,1.0,0.3749322585173074,2
410.21,1.0,0.44655000903512065,2
410.244,1.0,0.3677781890301024,2
410.277,1.0,0.3224421120842689,2
410.31,1.0,0.492028872518113,2
410.344,1.0,0.38986927005250605,2
410.377,1.0,0.2915465467307001,2
410.41,1.0,0.6873602612368448,2
410.444,1.0,0.6242797329320684,2
410.477,1.0,0.8482810040145298,2
410.511,1.0,1.1002361357944874,2
410.544,1.0,1.027622465223842,2
410.577,1.0,1.1453763677086237,2
410.611,1.0,0.9610307480982021,2
410.644,1.0,0.6839866421395236,2
410.677,1.0,0.8005762355264656,2
410.711,1.0,0.5018917715044463,2
410.744,1.0,0.25977816687033695,2
410.777,1.0,0.3389971841098775,2
410.811,1.0,0.32172522607399806,2
410.844,1.0,0.37486388984648733,2
410.878,1.0,0.42157410180796007,2
410.911,1.5,0.42517668865772107,3
410.944,1.5,0.526688797856295,3
410.978,1.5,1.185063633937266,3
411.011,1.5,0.8809351785889987,3
411.044,1.5,1.0453278066182805,3
411.078,1.5,0.9625981922077843,3
411.111,1.5,0.8468484550924785,3
411.144,2.0,0.8454479886346485,4
411.178,2.0,0.8016372396390337,4
411.211,1.5,0.8057459289211204,3
411.245,1.5,0.6845075072447363,3
411.278,1.5,0.5295250524720997,3
411.311,1.5,0.552967844291182,3
411.345,1.5,0.46510047471913163,3
411.378,1.5,0.9712771976944096,3
411.411,1.5,0.390334126666279,3
411.445,1.5,0.18329422504959544,3
411.478,1.5,0.20021030527559744,3
411.512,1.5,0.29002775029777106,3
411.545,1.5,0.28490548465972476,3
411.578,1.5,0.4269756262634592,3
411.612,1.5,0.34461964468712153,3
411.645,1.5,0.4140260342264142,3
411.678,1.5,0.33956957546104904,3
411.712,1.5,0.3673390241467965,3
411.745,1.5,0.4584931790561595,3
411.778,1.5,0.39198177889571034,3
411.812,1.5,0.34127360036402926,3
411.845,1.5,0.3842995338346542,3
411.879,1.5,0.3689795322862404,3
411.912,1.0,0.4916366443281989,2
411.945,1.0,0.5112868407414363,2
411.979,1.0,0.5701375819621741,2
412.012,1.0,0.34177429849577967,2
412.045,1.0,0.3412268254979168,2
412.079,1.0,0.22779438756280845,2
412.112,1.0,0.44470449020878244,2
412.145,1.0,0.4388483602548681,2
412.179,1.0,0.7799517609947725,2
412.212,1.0,0.9386035126447473,2
412.246,0.5,0.08841470684662017,1
412.279,1.0,0.26108139700331984,2
412.312,0.5,0.0455469701936721,1
412.346,0.5,0.08800800388728369,1
412.379,0.5,0.08407510512076846,1
412.412,0.5,0.14843137200505627,1
412.446,0.5,0.20659152738893685,1
412.479,0.5,0.4061931449970518,1
412.513,0.5,0.42317012453622327,1
412.546,0.5,0.571568735118381,1
412.579,0.5,0.36720650020888096,1
412.613,0.5,0.376719425103063,1
412.646,0.5,0.28632162930830546,1
412.679,0.5,0.2652046945957545,1
412.713,0.5,0.24480692373380464,1
412.746,0.5,0.4758397250682312,1
412.779,0.5,0.32923108484250924,1
412.813,0.5,0.459894790956112,1
412.846,1.0,0.4973590490847391,2
412.88,1.5,0.6692192712545131,3
412.913,1.5,0.8425383733915299,3
412.946,1.5,0.7381687929204085,3
412.98,1.5,0.8782246289646599,3
413.013,1.0,0.8396206573454276,2
413.046,1.5,0.9090656143920753,3
413.08,1.0,0.912156444269292,2
413.113,1.0,0.7959046913596782,2
413.146,1.0,0.10990716252864091,2
413.18,1.0,0.2943907913810448,2
413.213,1.0,0.8158869586267223,2
413.247,1.0,0.31098727490314715,2
413.28,1.0,0.47200206367539016,2
413.313,1.0,0.296724856830626,2
413.347,1.0,0.12055657864219765,2
413.38,1.0,0.13423300231611277,2
413.413,1.0,0.19694786244167692,2
413.447,1.0,0.1260227961981498,2
413.48,1.0,0.34957036466339547,2
413.514,1.0,0.543603604704613,2
413.547,1.0,0.489743142032306,2
413.58,1.0,0.6104469285534859,2
413.614,1.0,0.7830326311199527,2
413.647,1.0,0.7821719635897277,2
413.68,1.0,0.6462725459170212,2
413.714,1.0,0.6093468987584655,2
413.747,1.0,0.5169239512979784,2
413.78,1.0,0.46203659330472135,2
413.814,1.0,0.26902797996904343,2
413.847,1.0,0.18209606464375022,2
413.881,1.0,0.13834390184323153,2
413.914,1.0,0.18107567369499603,2
413.947,1.0,0.18485246669922856,2
413.981,1.0,0.11051957918364319,2
414.014,1.0,0.16334791035302393,2
414.047,1.0,0.15747634500317265,2
414.081,1.0,0.2172792306980463,2
414.114,1.0,0.15960252773709,2
414.147,1.0,0.30285217806715387,2
414.181,1.0,0.3635430396462278,2
414.214,1.0,1.1521290193994553,2
414.248,1.5,0.5297154709482638,3
414.281,1.5,0.5239703621715357,3
414.314,1.5,0.495020679739659,3
414.348,1.5,0.45203407514411237,3
414.381,1.5,0.5405821952941122,3
414.414,1.5,0.48994782433945766,3
414.448,1.5,0.3315536671382369,3
414.481,1.5,0.35166084637225453,3
414.515,1.5,0.301220261248662,3
414.548,1.5,0.1340950859892174,3
414.581,1.5,0.08214692017802007,3
414.615,1.5,0.11009017484944505,3
414.648,1.5,0.14854242198909298,3
414.681,1.5,0.15775644004396364,3
414.715,1.5,0.16870961264984077,3
414.748,1.5,0.20428237335506397,3
414.781,1.5,0.3417047214033888,3
414.815,1.5,0.29806383545502696,3
414.848,1.5,0.3163608386540591,3
414.882,1.5,0.2532022726828352,3
414.915,1.5,0.43736564400709654,3
414.948,1.5,0.30829895097318355,3
414.982,1.5,0.31807243612548325,3
415.015,1.5,0.1957670476846695,3
415.048,1.5,0.32805543840234946,3
415.082,1.5,0.5293748156351399,3
415.115,1.5,0.4115662176173973,3
415.148,1.5,0.22926570169758786,3
415.182,1.5,0.2887230964986746,3
415.215,1.5,0.19572351208187766,3
415.249,1.0,0.1864784670204495,2
415.282,1.0,0.20962005680909576,2
415.315,1.0,0.2563494008746021,2
415.349,1.0,0.44948476774305063,2
415.382,1.0,0.33121498483697887,2
415.415,1.0,0.41340739944892124,2
415.449,1.0,0.41025202457771615,2
415.482,1.5,0.3171232450043378,3
415.516,1.5,0.13789938370613194,3
415.549,1.5,0.2892860161071052,3
415.582,1.0,0.6164986351752325,2
415.616,1.0,0.5221023875182502,2
415.649,0.5,0.4506305376446407,1
415.682,0.5,0.2659762350163407,1
415.716,0.5,0.16320461582279977,1
415.749,0.5,0.16320288898171442,1
415.782,0.5,0.14676352186772726,1
415.816,0.5,0.14406574341651374,1
415.849,0.5,0.3492043453000731,1
415.883,0.5,0.2640677506015014,1
415.916,0.5,0.14843137200478768,1
415.949,0.5,0.25516844416406415,1
415.983,0.5,0.24083200996620507,1
416.016,0.5,0.16320288898172786,1
416.049,0.5,1.0272247207584755,1
416.083,0.5,0.5256479008857327,1
416.116,0.5,0.7085469346795783,1
416.183,0.5,0.34109500948812704,1
416.216,0.5,0.10974369494749434,1
416.25,0.5,0.1152216047034867,1
416.283,0.5,0.19338718021520443,1
416.316,0.5,0.41001122400217604,1
416.35,0.5,0.6560650474526091,1
416.383,0.5,0.04533745654804355,1
416.416,0.5,0.10325630094970736,1
416.45,0.5,0.11522160470348897,1
416.483,0.5,0.14423033495418233,1
416.517,0.5,0.25759692105960885,1
416.55,0.5,0.4727129932260702,1
416.583,0.5,0.5635875453760518,1
416.617,0.5,0.845170539504503,1
416.65,0.5,0.37840255967061664,1
416.683,0.5,0.3775822339217245,1
416.717,0.5,1.2067002867670942,1
416.75,1.0,0.44366310076738746,2
416.783,1.0,0.16377160243879768,2
416.817,1.0,0.2550226384901526,2
416.85,0.5,0.21149072890544,1
416.884,0.5,0.21444625629211164,1
416.917,0.5,0.08097679253480299,1
416.95,0.5,0.02874025560103498,1
416.984,0.5,0.07992623723903405,1
417.017,0.5,0.04113030344768611,1
417.05,1.0,0.07986549105856816,2
417.084,0.5,0.09851740023025381,1
417.117,0.5,0.17413681688447596,1
417.15,0.5,0.14676352186771796,1
417.184,0.5,0.13998826627893288,1
417.217,0.5,0.10974369494768964,1
417.251,0.5,0.08800800388727786,1
417.284,1.0,0.295342791930701,2
417.317,0.5,0.28560505571801703,1
417.351,0.5,0.2691362089075313,1
417.384,0.5,0.29199091745183386,1
417.417,0.5,0.34827363376955345,1
417.451,0.5,0.2755158255632141,1
417.484,0.5,0.3596508006367537,1
417.518,0.5,0.42369951501770886,1
417.551,0.5,0.5521750356511054,1
417.584,0.5,0.7316520319404161,1
417.618,0.5,0.8629859674083173,1
417.651,0.5,0.8793707723429465,1
417.684,0.5,0.8847965721743994,1
417.718,0.5,0.8292075883276866,1
417.751,0.5,0.8279071862224611,1
417.784,0.5,0.43110383401540536,1
417.818,0.5,0.2918471517395411,1
417.851,0.5,0.2863216293083131,1
417.885,0.5,0.1876993219737139,1
417.918,0.5,0.14423033495419088,1
417.951,0.5,0.1813498261918319,1
417.985,0.5,0.044207353423307186,1
418.018,0.5,0.06073259440109383,1
418.051,0.5,0.04048839626734858,1
418.085,0.5,0.0987295967307438,1
418.118,0.5,0.10974369494750556,1
418.151,0.5,0.07316520319403734,1
418.185,0.5,0.05578990793145111,1
418.218,0.5,0.12240216673628918,1
418.252,0.5,0.1261932109858316,1
418.285,0.5,1.0206737766562384,1
418.318,0.5,0.7962086650941103,1
418.352,0.5,0.41367775682521335,1
418.385,1.0,0.37840255966997777,2
418.418,0.5,0.4660632499518771,1
418.452,0.5,0.15719024433210535,1
418.485,0.5,0.39320038683620845,1
418.519,0.5,0.2554341470396924,1
418.552,0.5,0.230943082019199,1
418.585,0.5,0.2263930949985519,1
418.619,0.5,0.2567599343898105,1
421.522,0.5,0.275515825563671,1
421.555,0.5,0.3473964963351315,1
421.588,0.5,0.40060550158878716,1
421.622,0.5,0.6083763948915725,1
421.655,0.5,0.36943189362644563,1
421.688,0.5,0.5833946250218441,1
421.722,0.5,0.725638571172835,1
421.755,0.5,1.2363859014672656,1
421.788,0.5,1.2430603402934683,1
421.822,0.5,0.7980840008351993,1
421.855,0.5,0.8086739095710945,1
421.889,0.5,0.641975882825512,1
421.922,0.5,1.1840030685018,1
421.955,0.5,0.7712094919383862,1
421.989,0.5,0.6100223262636533,1
422.022,0.5,0.5487184747375153,1
422.055,0.5,0.5418853862142112,1
422.089,0.5,0.657539746111667,1
422.122,0.5,1.224189066170741,1
422.155,0.5,1.162996791966634,1
422.189,0.5,0.7524133190547156,1
422.222,0.5,0.8309921793775223,1
422.256,0.5,1.8955603365886033,1
422.289,0.5,1.9044471363080098,1
422.322,0.5,1.243112396702128,1
422.356,0.5,0.7294417191060919,1
422.389,0.5,0.8656577892309093,1
422.422,0.5,0.5649109461442402,1
422.456,0.5,0.522051777755958,1
422.489,0.5,0.6924634215166293,1
422.523,0.5,0.7399058529387946,1
422.556,0.5,0.8638320297863575,1
422.589,0.5,0.9800540277064222,1
422.623,0.5,1.132887867565943,1
422.656,0.5,0.6531253747250642,1
422.689,0.5,0.9159204753178635,1
422.723,0.5,1.0313042047136365,1
422.756,0.5,1.2097346985728514,1
422.789,0.5,0.6640156019570682,1
422.823,0.5,0.4809078822225213,1
422.856,0.5,0.9101207337759432,1
422.89,0.5,0.9330988395864734,1
422.923,0.5,0.6984086906001462,1
422.956,0.5,1.552243253797384,1
422.99,0.5,0.9343589833524076,1
423.023,0.5,1.0887720322290213,1
423.056,0.5,0.9989519389736637,1
423.09,0.5,1.1909662997666022,1
423.123,0.5,1.1922117034777682,1
423.156,0.5,1.1249381365609403,1
423.19,0.5,1.090845606772181,1
423.223,0.5,1.1803111735341072,1
423.257,0.5,2.290458658068626,1
423.29,0.5,2.088444216150729,1
423.323,0.5,1.7398772885074412,1
423.357,0.5,2.5906927587317674,1
423.39,0.5,1.237082071430129,1
423.423,0.5,0.638793360309804,1
423.457,0.5,1.0494185765780688,1
423.49,0.5,0.7548133615404679,1
423.524,0.5,0.05940105150441776,1
423.557,0.5,0.5511816475521535,1
423.59,0.5,1.4926623349273669,1
423.624,0.5,1.5247535961516772,1
423.657,0.5,1.040418417260277,1
423.69,0.5,1.2524646643023492,1
423.724,0.5,1.7141289198942071,1
423.757,0.5,0.4159653044474752,1
423.79,0.5,1.2648223896083572,1
423.824,0.5,1.3266234835986939,1
423.857,0.5,2.632347278660545,1
423.891,0.5,0.9127215792513601,1
423.924,0.5,1.7136303343110406,1
431.398,0.5,1.273271411325534,1
431.431,0.5,1.3290286733405088,1
431.465,0.5,1.2412966323969417,1
431.498,0.5,0.9529990857552055,1
431.532,0.5,0.8890546304584288,1
431.565,0.5,1.1514873965987589,1
431.598,0.5,1.440949521973603,1
431.632,0.5,0.7871958975640901,1
431.665,0.5,0.5116136422565832,1
431.698,0.5,0.6531253747261958,1
431.732,0.5,0.7980840008338577,1
431.765,0.5,0.8774490928883618,1
431.798,0.5,0.7279392827830804,1
431.832,0.5,0.8051691216014026,1
431.865,0.5,0.9549946039311054,1
431.899,0.5,1.1299388899750917,1
431.932,0.5,1.002859433899615,1
431.965,0.5,1.122783886042945,1
431.999,0.5,0.9004356149328465,1
432.032,0.5,1.2949161286747577,1
432.065,0.5,1.4589138194822333,1
432.099,0.5,0.9623698051164065,1
432.132,0.5,1.0139661948536467,1
432.165,0.5,0.9664800977557556,1
432.199,0.5,2.5381742304013453,1
432.232,0.5,0.27328182116206867,1
432.266,0.5,1.6610615887776559,1
432.299,0.5,2.129123938286698,1
432.332,0.5,1.7501055288599656,1
432.366,0.5,2.1732812503005565,1
432.399,0.5,1.6055405153154323,1
432.432,1.0,1.2305003220129909,2
432.466,1.0,1.231051121687611,2
432.499,1.0,1.3409047502554883,2
432.533,1.0,1.4687241328253702,2
432.566,1.0,1.627487137936353,2
432.599,1.0,1.1034060249186772,2
432.633,1.0,1.0474983053828106,2
432.666,1.0,0.8893409413876747,2
432.699,1.0,0.8669452436107484,2
432.733,1.0,0.6750596236910854,2
432.766,1.0,0.7187957197387296,2
432.799,1.0,0.7066143970377795,2
432.833,1.0,0.924982408741157,2
432.866,1.0,0.6953137534119436,2
432.9,1.0,0.9562761550428108,2
432.933,1.0,0.811531995451167,2
432.966,1.0,1.3180764753712673,2
433.0,1.0,0.9990643306988689,2
433.033,0.5,1.5912281675717996,1
433.066,0.5,1.6903769045293857,1
433.166,0.5,2.8954355773051192,1
433.2,0.5,1.4256252361060655,1
433.233,0.5,0.14280252785902198,1
433.267,0.5,0.12041600498308858,1
433.3,0.5,1.0625558472799619,1
433.333,0.5,1.1452865172332505,1
434.101,0.5,0.6612675509893305,1
434.134,0.5,0.3881491097737131,1
434.168,0.5,0.2574045565191545,1
434.201,0.5,0.18747360895237875,1
434.234,0.5,0.09067491309606313,1
434.268,0.5,0.25759692105959636,1
434.301,0.5,0.1632333864463676,1
434.334,0.5,0.8356624472527664,1
434.368,0.5,0.05894634162453788,1
434.401,0.5,0.4130252037988308,1
434.434,0.5,0.5574527627590766,1
434.468,0.5,0.29959376045378616,1
434.501,0.5,0.9724306104549559,1
434.535,0.5,0.9623249079208908,1
434.568,0.5,0.36496616767963197,1
434.601,0.5,0.9506094531316754,1
434.635,0.5,0.3785920191507017,1
434.668,0.5,0.7762703305148325,1
434.701,0.5,0.06446239340506604,1
434.735,0.5,0.1989760351773227,1
434.768,0.5,1.2852227507332838,1
434.801,0.5,0.9794265743532701,1
434.835,0.5,0.5969281055319655,1
434.868,0.5,0.4303165903129947,1
434.902,0.5,0.5845189507240603,1
434.935,0.5,1.0962723348562418,1
434.968,0.5,0.4365388942603538,1
435.002,0.5,1.7910906593659064,1
435.035,0.5,2.1570468938791936,1
435.068,0.5,1.2613590012558926,1
435.102,0.5,1.7583116861435515,1
435.135,0.5,0.8707817679737275,1
435.169,0.5,0.46038195389784087,1
435.202,0.5,1.0380921356384305,1
435.235,0.5,0.9672902362785071,1
435.269,0.5,0.5991875209075805,1
435.302,0.5,0.6376575827115115,1
435.335,0.5,0.944639069038014,1
435.369,0.5,0.819746648968928,1
435.402,0.5,0.45744316293378523,1
435.435,0.5,0.46554171657370724,1
435.469,0.5,1.4638791127144373,1
435.502,0.5,1.6273395314515018,1
435.536,0.5,0.9168555670065521,1
435.569,0.5,1.9674550925495098,1
435.602,0.5,1.6013720947047316,1
435.636,0.5,1.241470180258163,1
435.669,0.5,0.7472466456280056,1
435.702,0.5,2.017874050987556,1
435.736,0.5,1.1138457124218917,1
435.769,1.0,0.48966781387305935,2
435.802,1.0,0.7593062309418603,2
435.836,1.0,0.8944050181651445,2
435.869,1.0,1.6624867824611944,2
435.903,1.0,1.353752265496003,2
435.936,1.0,1.4722704412116918,2
435.969,1.0,1.0760745687794409,2
436.003,1.0,1.1161055660665693,2
436.036,1.0,0.6275555920031747,2
436.069,1.0,0.5685204799663841,2
436.103,0.5,0.37921875223997836,1
436.136,1.0,1.428554516878356,2
436.17,1.0,1.4520010473984646,2
436.203,1.0,0.6940397094141517,2
436.236,1.0,1.1980151576317521,2
436.27,1.0,0.9263430852388161,2
436.303,1.0,1.1032250494973426,2
436.336,1.0,1.2632945710559347,2
436.37,1.0,1.0396607930328758,2
436.403,0.5,1.5817726098393237,1
436.436,1.0,0.9539404933147506,2
436.47,1.0,1.7608537705442726,2
436.503,1.0,1.550183541453582,2
436.537,0.5,1.1690379014481351,1
436.57,1.0,0.5637092005044237,2
436.603,1.0,0.7014653417815164,2
436.637,1.0,0.8145051868166244,2
436.67,1.0,0.7155301234157952,2
436.703,1.0,1.414332952157018,2
436.737,0.5,0.38432882262590684,1
436.77,1.0,0.3579874021027986,2
436.803,1.0,0.3718513385358603,2
436.837,1.0,0.43347891936370747,2
436.87,1.0,0.4758342052659372,2
436.904,1.0,0.6259267466329679,2
436.937,1.0,0.6133100175207647,2
436.97,1.0,0.8330096098400874,2
437.004,1.0,1.0939003578334123,2
437.037,1.0,0.9709351323249458,2
437.07,1.0,1.585177831779422,2
437.104,1.0,1.4474953476125414,2
437.137,1.0,1.1726105225472834,2
437.171,0.5,1.165108025006082,1
437.204,0.5,0.14676352186745953,1
437.237,0.5,0.2935270437349265,1
437.271,0.5,0.044207353423313035,1
437.304,0.5,0.163202888982009,1
437.337,0.5,0.3876068613315869,1
437.371,0.5,0.08160230791140781,1
437.404,0.5,0.3030114466543654,1
437.437,0.5,0.5163975693590698,1
437.471,0.5,0.9036986262907837,1
437.504,0.5,1.0111938800863964,1
437.538,0.5,1.030387684238393,1
437.571,1.0,0.6759458064669678,2
437.604,0.5,0.7963368307516546,1
437.638,1.0,0.5815303846575333,2
437.671,1.0,0.42834741147659666,2
437.704,1.0,0.48036454674428375,2
437.738,1.0,0.6085098413905705,2
437.871,0.5,0.3084414217383089,1
437.905,0.5,0.22961140510911698,1
437.938,0.5,0.188014530505537,1
437.971,1.0,0.27595339794662094,2
438.005,1.0,0.280052536275741,2
438.038,0.5,1.1214414281754137,1
438.071,1.0,0.26809981350884704,2
438.105,1.0,0.4420512839335932,2
438.138,1.0,0.32230293614608724,2
438.172,1.0,0.1836543033073579,2
438.205,1.0,0.3029331686394692,2
438.238,1.0,0.477729620798031,2
438.272,1.0,0.21256110722525356,2
438.305,0.5,0.21949560958212308,1
438.338,0.5,0.12813465973908805,1
438.372,1.0,0.4194144623355335,2
438.405,0.5,2.0653112630217882,1
438.438,0.5,0.7097206898335756,1
438.639,0.5,0.10093275769689183,1
438.705,0.5,0.05782119587507807,1
438.772,0.5,0.06381776947107334,1
438.805,0.5,0.09067491309592504,1
438.839,0.5,0.1394747698286186,1
438.872,0.5,0.10325630094971001,1
438.906,0.5,0.6941255659346027,1
438.939,0.5,0.5739077156002057,1
438.972,0.5,1.162996791966634,1
439.006,0.5,0.7920140200589209,1
439.039,0.5,0.3270329638522758,1
439.072,0.5,0.6322770630232173,1
439.406,0.5,2.084877451070176,1
439.439,0.5,1.4542144231245906,1
439.473,0.5,0.9958184162097187,1
439.506,0.5,0.7090863274569839,1
439.54,0.5,0.9799178639525292,1
439.573,0.5,0.6584621696861502,1
439.606,0.5,0.5929943182472188,1
439.64,0.5,0.7224960298986259,1
439.673,0.5,0.5163975693590719,1
439.706,0.5,0.5522958367329138,1
439.74,0.5,0.5599530651166602,1
439.773,0.5,0.45799783993280824,1
439.806,0.5,0.533769667421805,1
439.84,0.5,0.5545752574693518,1
439.873,0.5,0.8154539773807483,1
439.907,0.5,1.2182044244024381,1
453.854,0.5,2.0593301921870615,1
453.887,0.5,0.8119302519522841,1
453.921,1.0,0.8791558430717757,2
453.954,1.0,0.4261540177302787,2
453.987,0.5,0.6344330867409191,1
454.021,0.5,0.36281928558643245,1
454.054,0.5,0.41709173633531643,1
454.121,0.5,0.4288443997902779,1
454.154,0.5,0.3086723592551922,1
454.221,0.5,1.0353699255078135,1
454.254,0.5,1.3284936928016884,1
454.288,0.5,1.1095157799364812,1
454.321,0.5,0.6120108336814594,1
454.354,0.5,0.8366597607802809,1
454.388,0.5,0.5969281055319668,1
454.421,0.5,0.47095195560171027,1
454.454,0.5,0.5100090280678895,1
454.488,0.5,0.3696989606871022,1
454.521,0.5,0.3217601004467004,1
454.555,0.5,0.5519051045114355,1
454.588,0.5,1.2186880803769369,1
454.621,0.5,1.3412412817945862,1
454.655,0.5,1.0650641113714485,1
454.688,0.5,1.3874120739388827,1
454.721,0.5,1.157238577251809,1
454.755,0.5,1.5419627719452966,1
454.788,0.5,1.1803111735341227,1
454.821,0.5,1.214468283880718,1
454.855,0.5,0.936889704242545,1
454.888,0.5,0.7558984859055551,1
454.922,0.5,0.7299387654913382,1
454.955,0.5,0.8242903193305867,1
454.988,0.5,0.7072431414035789,1
455.022,0.5,0.7101328545309094,1
455.055,0.5,0.9296837563219678,1
455.088,0.5,0.6226270113101244,1
455.122,0.5,0.34907283591179844,1
455.155,0.5,0.8707395302945298,1
455.189,0.5,0.7867501481038651,1
455.222,0.5,0.5010663460534899,1
455.255,0.5,0.37219492449297426,1
455.289,0.5,0.1989760351773227,1
455.322,0.5,0.6060228933087308,1
455.355,0.5,1.004729428819061,1
455.389,0.5,1.008460203915596,1
455.422,0.5,0.8759727523555242,1
455.455,0.5,1.042189489007191,1
455.489,0.5,0.49656618219057186,1
455.522,0.5,0.6252884990535925,1
455.556,0.5,0.7152188781731053,1
455.589,0.5,0.4186279791206516,1
455.622,0.5,0.1467635218674446,1
455.656,0.5,0.1440657434165263,1
455.689,0.5,0.7493130865925542,1
455.722,0.5,1.1400252299264402,1
455.756,0.5,0.827863302477354,1
455.789,0.5,0.7905980528963956,1
455.822,0.5,1.1298218922884744,1
455.856,0.5,1.1090968820612872,1
455.889,0.5,1.1023632951042797,1
455.923,0.5,0.6055965461813125,1
455.956,0.5,0.519956630559336,1
455.989,0.5,0.22802730766046908,1
456.023,0.5,0.21303187842731305,1
456.056,0.5,0.46720582027760316,1
456.089,0.5,0.9161557742724111,1
456.123,0.5,0.8770676578323806,1
456.156,0.5,0.7515628175437874,1
456.19,0.5,0.24873198655255277,1
456.223,0.5,0.22668728273979144,1
456.256,0.5,0.2088070893256897,1
456.29,0.5,0.12640625074645326,1
456.39,0.5,0.15365346383465894,1
456.49,0.5,0.08976816396497944,1
456.523,0.5,0.3447554771394682,1
456.557,0.5,0.11954387748291975,1
456.59,0.5,0.5884978124667581,1
456.623,0.5,0.7088405556795085,1
456.657,0.5,0.4322731719133191,1
456.69,0.5,0.0455469701936721,1
456.723,0.5,0.08350697972709512,1
456.757,0.5,0.10021935092184588,1
456.79,0.5,0.07316520319404475,1
456.823,0.5,0.061201083368263465,1
456.857,0.5,0.23578536649777362,1
456.89,0.5,0.20346727142613955,1
456.924,0.5,0.019648780541514803,1
456.957,0.5,0.06446239340507026,1
456.99,0.5,0.4282932536888853,1
457.024,0.5,0.10592487875442476,1
457.057,0.5,0.46554171657369486,1
457.09,0.5,0.7446502758117725,1
457.124,0.5,0.7697968611716524,1
457.157,0.5,0.38440397921797315,1
457.191,0.5,0.37279116265281015,1
457.224,0.5,0.14633040638809894,1
457.257,0.5,0.45546970193679615,1
457.291,0.5,0.25740455651916105,1
457.324,0.5,0.25866230040923843,1
457.357,0.5,1.1236623239135075,1
457.391,0.5,0.49471273394852494,1
457.424,0.5,0.2916973125114323,1
457.457,0.5,0.4326910048625593,1
457.491,0.5,0.275794617290891,1
457.524,0.5,0.4926656768989473,1
457.558,0.5,0.41309919176262405,1
457.591,0.5,1.0388955583033104,1
457.624,0.5,1.5236078379821067,1
457.724,0.5,0.4914320744684691,1
457.824,0.5,0.30146324470444036,1
457.858,0.5,0.2052704133495351,1
457.891,0.5,0.22773485096839954,1
457.925,0.5,0.44740401326709195,1
457.958,0.5,0.3006910048223383,1
457.991,0.5,0.10974369494768586,1
458.025,0.5,0.14982035636553453,1
458.058,0.5,0.3020043177188222,1
458.125,0.5,0.521278095381401,1
458.158,0.5,0.2645405384624836,1
458.192,0.5,0.16320461582281245,1
458.225,0.5,0.14746609536239405,1
458.258,0.5,0.3161428116118434,1
458.292,0.5,0.10021935092183946,1
458.325,0.5,0.13001724768227974,1
458.358,0.5,0.5608298782568812,1
458.392,0.5,0.5909302301383395,1
458.425,0.5,0.15436036716436297,1
458.458,0.5,0.158833180959196,1
463.03,1.0,0.5698146357039228,2
463.063,0.5,0.5701511107767943,1
463.13,0.5,1.1694235437765086,1
463.163,0.5,0.8586584540852009,1
463.197,0.5,0.6664937500530577,1
463.23,1.0,0.47348151361749247,2
463.263,1.0,0.39679400364966677,2
463.297,1.0,0.2200428719723166,2
463.33,1.0,0.18636523865953558,2
463.363,0.5,0.04080072224542524,1
463.397,0.5,0.10093275769688416,1
463.43,0.5,0.22992204480822256,1
463.463,0.5,0.4901407803870895,1
463.497,0.5,0.35588815433075327,1
463.53,1.0,0.32864971799859743,2
463.564,0.5,0.0557899079313486,1
463.597,1.0,0.30783359986680736,2
463.63,0.5,0.1874736089523854,1
463.664,0.5,0.6468818962935559,1
463.697,0.5,0.6252862045436802,1
463.73,0.5,0.7432334098037415,1
463.764,0.5,1.0020878076172484,1
463.797,0.5,1.180526236805703,1
463.83,0.5,0.8944746772152329,1
463.864,0.5,0.09851740023024198,1
464.164,0.5,0.20948816803077203,1
464.198,0.5,1.0980379010147663,1
464.231,0.5,1.2566314916658712,1
464.264,0.5,0.5010663460526523,1
464.298,0.5,0.5478719434964436,1
464.331,0.5,1.6760528352767103,1
464.364,0.5,1.8429550093468035,1
464.398,0.5,0.3122965680803419,1
464.431,0.5,0.6818647039190903,1
464.531,0.5,0.49452641873367714,1
464.565,0.5,0.44264124428163615,1
464.598,0.5,0.2385673568106193,1
464.631,0.5,0.66061230423378,1
464.665,0.5,0.8800078376859312,1
464.698,0.5,1.751441645910821,1
464.731,0.5,2.0955374387584493,1
464.765,0.5,0.7813424329758867,1
464.798,0.5,0.7376200663360319,1
464.831,0.5,1.3717727624570168,1
464.865,0.5,1.134712489233584,1
464.898,0.5,0.35584024819236815,1
464.932,0.5,1.4779772923539,1
464.965,0.5,1.046375852754211,1
464.998,0.5,0.6075342129231881,1
465.032,0.5,0.4809078822225106,1
465.065,0.5,0.2551684441640706,1
465.098,0.5,0.2079826522237376,1
465.199,0.5,0.37852163641532327,1
465.232,0.5,0.3840878645511192,1
465.265,0.5,1.2049083924925967,1
465.299,0.5,0.9153453476214759,1
465.332,0.5,0.38813516525741326,1
465.465,0.5,0.5073941178465358,1
465.499,0.5,0.45710042749533764,1
465.532,0.5,0.30069100482285627,1
465.566,0.5,0.9900175250736641,1
465.832,0.5,0.8605294206603934,1
465.866,0.5,0.11157981586289302,1
465.899,0.5,1.2321974649055032,1
466.033,0.5,0.6330397928362738,1
466.066,0.5,0.7762703305161763,1
466.099,0.5,0.877215528276757,1
466.133,0.5,1.0296182260765918,1
466.166,0.5,1.1424202228720681,1
466.2,0.5,0.7326129685545031,1
466.233,0.5,0.8366597607788265,1
466.934,0.5,0.2408320099658003,1
470.871,0.5,0.5511816475530823,1
470.904,0.5,0.1474660953624088,1
470.938,0.5,0.16946681463103533,1
470.971,0.5,0.30867235925519715,1
471.004,0.5,1.040615351860968,1
471.038,0.5,0.2976544936205978,1
471.071,0.5,0.5338750492055454,1
471.104,0.5,0.39071022958098806,1
471.138,0.5,0.08368486189717204,1
471.171,0.5,1.0298147334295953,1
471.205,0.5,1.014585632783296,1
471.238,0.5,0.43269100486257167,1
471.271,0.5,0.6640156019570566,1
471.305,0.5,0.5349704226245089,1
471.338,0.5,0.4402030742943423,1
471.371,0.5,0.2253152688227024,1
471.405,0.5,0.08800800388727198,1
471.438,0.5,0.045337456547959495,1
471.471,0.5,0.37219492449296976,1
471.505,0.5,0.044207353423313035,1
471.538,0.5,0.3417402827291589,1
471.572,0.5,0.08160230791140147,1
471.605,0.5,0.42945284761281505,1
471.638,0.5,0.8732024382885869,1
471.672,0.5,1.539966949671562,1
471.705,0.5,2.0589743196088746,1
471.738,0.5,1.4196186553604757,1
471.772,0.5,1.2182044244024393,1
471.805,0.5,0.43288884122156246,1
471.839,0.5,0.7328764126856654,1
471.872,0.5,0.101721402692216,1
471.905,0.5,0.8373941950975864,1
471.939,0.5,0.1596168001667696,1
471.972,0.5,0.5511816475530895,1
472.005,0.5,0.40992273174312105,1
472.039,0.5,0.2745421879765505,1
472.072,0.5,0.33364095348579076,1
472.105,0.5,1.0855907364521271,1
472.139,0.5,1.6480666000123247,1
472.172,0.5,0.7625573146143346,1
472.206,0.5,0.6888465518977822,1
472.239,0.5,2.054815902540465,1
472.272,0.5,1.0807880822447276,1
472.306,0.5,1.0446933402008574,1
472.339,0.5,0.636635705662749,1
472.372,1.0,0.5268464200818723,2
472.406,1.0,0.2922464575121215,2
472.439,1.0,0.19832051358904487,2
472.472,1.0,0.37369517669858665,2
472.506,1.0,0.37931150246028,2
472.539,1.0,0.26595519675085805,2
472.573,1.0,0.3020529606014907,2
472.606,1.0,0.2864038576781365,2
472.639,1.0,0.6539329164957536,2
472.673,1.0,1.5889604008973566,2
472.706,1.0,0.5369851966036074,2
472.739,1.0,1.029710210057087,2
472.773,1.0,0.8436756659200582,2
472.806,1.0,0.3779293127887755,2
472.84,1.0,0.7204870104546681,2
472.873,1.0,0.7506808069866769,2
472.906,1.0,0.557051335331536,2
472.94,1.0,0.4376608749895006,2
472.973,1.0,0.4135794931098078,2
473.006,1.0,0.36560255195025027,2
473.04,1.0,0.2479314050582727,2
473.073,1.0,0.24456402119472265,2
473.106,1.0,0.4522831065849067,2
473.14,1.0,0.5332444645448667,2
473.173,1.0,0.24153314776603785,2
473.207,1.0,0.29974856471997136,2
473.24,1.0,0.4722512417390755,2
473.273,0.5,0.6285078513014937,1
473.307,0.5,0.492587001151278,1
473.34,0.5,0.5753025569764336,1
473.373,0.5,0.7088405556795085,1
473.407,0.5,0.2241506384305643,1
473.44,0.5,0.2461764240504656,1
473.473,0.5,0.22992204480821307,1
473.507,0.5,0.09900175250737164,1
473.54,0.5,0.18725341323304093,1
473.574,1.0,0.25740455651914795,2
473.607,1.0,0.20087073351959572,2
473.64,0.5,0.43599346164380887,1
473.674,0.5,0.3361132688630657,1
473.707,0.5,0.14280252785900852,1
473.74,0.5,0.406193144996371,1
473.774,0.5,0.3192336003340737,1
473.807,0.5,0.43036262741819287,1
474.508,0.5,0.3343731470668686,1
479.413,0.5,0.2679672967132212,1
479.646,0.5,2.3667882309347354,1
479.68,0.5,1.5859766786141178,1
479.713,0.5,1.1635252557612488,1
479.746,0.5,0.999617695014768,1
479.78,0.5,0.9710127002989646,1
479.813,0.5,1.290949770939002,1
479.847,0.5,2.5165629129103295,1
479.88,0.5,2.306040681702451,1
479.913,0.5,1.9788350289034,1
479.947,0.5,1.645307379312043,1
479.98,0.5,1.305623111853796,1
480.013,0.5,1.307034872616367,1
480.047,0.5,0.990017525072009,1
480.08,0.5,0.8160144449099911,1
480.113,0.5,0.6150168360021949,1
480.147,0.5,0.51518394525067,1
480.18,0.5,0.6002071643966522,1
480.214,0.5,1.1012594323444707,1
480.247,0.5,1.5064406944458673,1
480.28,0.5,1.9249134575742297,1
480.314,0.5,1.6529159748455238,1
480.347,0.5,1.7970571444865013,1
480.38,0.5,1.375929991828487,1
480.414,0.5,1.2277789659480338,1
480.447,0.5,1.1871316848229838,1
480.48,0.5,1.2558839373619264,1
480.514,0.5,1.2893434511506812,1
480.547,0.5,0.9974240440550545,1
480.581,0.5,0.9425667381834839,1
480.614,0.5,1.6062710452435964,1
480.647,0.5,0.7305407714986618,1
480.681,0.5,0.864460906656064,1
480.714,0.5,0.6627053133203687,1
480.747,0.5,0.5251135669864373,1
480.781,0.5,0.26913620890753753,1
480.814,0.5,0.5834684311027195,1
480.848,0.5,0.48961384746842157,1
480.881,0.5,0.8364148060327725,1
480.914,0.5,0.5199566305593493,1
480.948,0.5,0.6348286945371949,1
480.981,0.5,0.529810723329894,1
481.014,0.5,0.5319992554202364,1
481.048,0.5,0.5305235977987615,1
481.081,0.5,0.8254262081572002,1
481.114,0.5,0.6925262313859177,1
481.148,0.5,1.0889045528595702,1
481.181,0.5,1.4112514452021778,1
481.215,0.5,1.3638600486223462,1
481.248,0.5,0.9558769013536168,1
481.281,0.5,0.7490136529321577,1
481.315,0.5,0.6988128013624462,1
481.348,0.5,0.633076791756178,1
481.381,0.5,0.519956630560241,1
481.415,0.5,0.44264124428088325,1
481.448,0.5,0.615016836003261,1
481.481,0.5,0.31882879135576475,1
481.515,0.5,0.42734084308497916,1
481.548,0.5,0.7158513302289289,1
481.582,0.5,0.8116604650637715,1
481.615,0.5,0.4840088359373739,1
481.648,0.5,0.10974369494750556,1
481.682,0.5,1.1870463834602454,1
481.715,0.5,0.7270996779093607,1
481.748,0.5,0.35398928914610467,1
481.782,0.5,0.42607971271854855,1
481.815,0.5,0.21826944713017754,1
481.849,0.5,0.08105089208810773,1
481.882,0.5,0.12813465973910296,1
481.915,0.5,0.04080072224542524,1
481.949,0.5,0.027894953965730173,1
481.982,0.5,0.30639174189697377,1
482.015,0.5,0.1091347235652755,1
482.049,0.5,0.21704164961817907,1
482.082,0.5,0.6275701421436876,1
482.115,0.5,0.9751417792035265,1
482.149,0.5,0.7673249942397047,1
482.182,0.5,0.32454896333401845,1
482.216,0.5,0.2923558859441241,1
492.659,0.5,2.9377217551156325,1
492.693,0.5,2.418517859021023,1
492.726,0.5,2.203610992638165,1
492.759,0.5,2.08083683451697,1
492.826,0.5,2.0416426181633964,1
492.86,0.5,1.3464238341001578,1
492.893,0.5,1.285222750733277,1
492.926,0.5,1.1894391943497735,1
492.96,0.5,0.9554810327242866,1
492.993,0.5,0.940379808924975,1
493.026,0.5,0.8222683644962829,1
493.06,0.5,0.5403558750810391,1
493.093,0.5,0.5712101114360206,1
493.126,0.5,0.6744283471885435,1
493.16,0.5,0.653706929651861,1
493.193,0.5,0.7997243345365155,1
493.227,0.5,0.6834566336073716,1
493.26,0.5,0.6556305175740035,1
493.293,0.5,0.6150168360022096,1
493.327,0.5,0.4953985764664663,1
493.36,0.5,0.49002701385321806,1
493.393,0.5,0.4326910048633189,1
493.427,0.5,0.43957792153514735,1
493.46,0.5,0.5307955799557875,1
493.493,0.5,1.4357968248030348,1
493.527,0.5,2.7432280257122215,1
493.56,0.5,2.4338945227783486,1
493.594,0.5,2.0057399529301443,1
493.627,0.5,1.1743407001798385,1
493.66,0.5,0.3749472179047503,1
493.694,0.5,0.16320461582281245,1
493.727,0.5,0.045546970193750556,1
493.76,0.5,0.1442303349541899,1
493.794,0.5,0.05940105150443082,1
493.827,0.5,0.24460420105972353,1
493.861,0.5,0.6120017591432834,1
493.894,0.5,0.9321264999037396,1
493.927,0.5,0.8743168479584539,1
493.961,0.5,1.2090296946027541,1
493.994,0.5,1.8357451792706359,1
494.027,0.5,1.706498113609109,1
494.061,0.5,1.286956306626656,1
494.094,0.5,1.2208036285547263,1
494.127,0.5,0.8362562367317751,1
494.161,0.5,0.3340292692057451,1
494.194,0.5,0.20651260189941736,1
494.228,0.5,0.10021935092184205,1
494.261,0.5,0.09109394038736224,1
494.294,0.5,0.22802730766046908,1
494.328,0.5,0.15840280401177634,1
494.361,0.5,0.5456736178254413,1
494.394,0.5,0.7763191356643563,1
494.428,0.5,0.8451295441085372,1
494.461,0.5,1.0452734864740112,1
494.494,0.5,1.2577900973469178,1
494.528,0.5,0.4105408266990727,1
494.561,0.5,0.208807089325708,1
494.595,0.5,0.38623084963852006,1
494.628,0.5,0.265402888364715,1
494.661,0.5,0.18333632192784569,1
494.695,0.5,0.15061643771513752,1
494.728,0.5,0.4193129733303799,1
494.761,0.5,1.2478959133424241,1
494.795,0.5,0.7556546324509369,1
494.828,0.5,0.38518037748513584,1
494.862,0.5,0.7152188781719095,1
494.895,0.5,0.08407510512092797,1
498.866,0.5,0.8373977004422761,1
498.899,0.5,0.8920403840447436,1
498.932,0.5,1.1830655163017145,1
498.966,0.5,1.5761783195119208,1
498.999,0.5,2.050564876476651,1
499.032,0.5,2.015155421816474,1
499.066,0.5,1.3766149889133708,1
499.099,0.5,0.6088372068087514,1
499.132,0.5,0.5868339942843543,1
499.166,0.5,0.960901903749615,1
499.199,0.5,1.8797503759986856,1
499.233,0.5,0.942482159971986,1
499.266,0.5,0.9215807491218669,1
499.299,0.5,0.8373941950975864,1
499.333,0.5,0.8321855631056507,1
499.366,0.5,0.9189086714456607,1
499.399,0.5,1.2004143287932911,1
499.433,0.5,1.3646305477694336,1
499.466,0.5,0.8425173094365992,1
499.499,0.5,0.7171429596917946,1
499.533,0.5,1.068081723345475,1
499.566,0.5,1.0932001409197758,1
499.6,0.5,1.2086289043067047,1
499.633,0.5,0.935884889917597,1
499.666,0.5,0.9290125739623764,1
499.7,0.5,1.0560960466472755,1
499.733,0.5,1.078501997871723,1
499.766,0.5,0.028740255601034943,1
499.8,0.5,1.432244730513656,1
499.833,0.5,0.9847056962019102,1
499.867,0.5,2.4552434621826444,1
499.9,0.5,2.1292341150374,1
499.933,0.5,2.378878306360471,1
499.967,0.5,2.3958855459115886,1
500.0,0.5,1.5698318834424498,1
500.033,0.5,0.8468522101776247,1
500.067,0.5,0.42725592505067506,1
500.1,0.5,1.2036213062402128,1
500.133,0.5,0.346806139086759,1
500.167,1.0,1.0185792641622458,2
500.2,1.0,0.7481338674113783,2
500.234,1.0,0.7797804011528066,2
500.267,0.5,0.3520837203429472,1
500.3,0.5,0.5640435915165738,1
500.334,1.0,1.1915186102654127,2
500.367,0.5,0.4452941160143602,1
500.4,1.0,1.2320904697921244,2
500.434,0.5,0.5452378797074408,1
500.467,1.0,1.6478313108075628,2
500.501,1.0,1.1629926632225192,2
500.534,0.5,0.967269966218526,1
500.567,1.0,1.414611573184985,2
500.601,1.0,1.2493094278988717,2
500.634,1.0,1.5076306046055779,2
500.667,0.5,0.6344529667576417,1
500.701,0.5,0.5382724178141578,1
500.734,0.5,0.4962598993248252,1
500.767,0.5,0.3876068613315869,1
500.801,0.5,0.3612480149493141,1
500.834,0.5,0.32890734579851016,1
500.868,0.5,0.26860248023969535,1
500.901,0.5,0.29942180828662074,1
500.934,0.5,0.49548084835012723,1
500.968,0.5,0.5049759215891277,1
501.001,0.5,0.5298107233308004,1
517.618,0.5,1.8415374235978437,1
517.651,0.5,1.9788350289102037,1
517.684,0.5,1.673931706795829,1
517.718,0.5,1.7029435019746348,1
517.751,0.5,2.2644400846214037,1
517.784,0.5,2.244404952514664,1
517.818,0.5,1.524626988613424,1
517.885,0.5,1.0449856622863318,1
518.051,0.5,1.1425995769232151,1
518.085,0.5,1.4058248856045885,1
518.118,0.5,1.390912527327839,1
518.151,0.5,1.4281687658902154,1
518.185,0.5,1.3860245351031115,1
518.252,0.5,1.4377199464272132,1
518.285,0.5,1.6321544426787922,1
518.318,0.5,1.3095409116017094,1
518.418,0.5,1.0507416619370844,1
518.452,0.5,0.9506199104023643,1
518.485,0.5,0.903305028135191,1
518.519,0.5,0.6960505197013278,1
518.552,0.5,0.7762703305148392,1
518.585,0.5,0.8250050705239419,1
518.652,0.5,0.7387503148333845,1
518.685,0.5,0.6780645442654951,1
518.719,0.5,0.7565071023574772,1
518.752,0.5,0.9200229802843666,1
518.785,0.5,0.8793153763426167,1
518.819,0.5,1.0693994523104497,1
518.852,0.5,0.6581336881802551,1
518.886,0.5,0.7565071023599939,1
518.919,0.5,0.8222683644962813,1
518.952,0.5,0.8774490928868504,1
518.986,0.5,0.8120521207565089,1
519.019,0.5,0.6578146915970253,1
519.052,0.5,0.7680004955113683,1
519.086,0.5,0.582554012503042,1
519.119,0.5,0.6353206807088195,1
519.152,0.5,0.5916104725587467,1
519.186,0.5,0.31741434726860435,1
519.219,0.5,0.36776411101917683,1
519.253,0.5,0.2799765325583338,1
519.286,0.5,0.3119739783366825,1
519.319,0.5,0.3320078009785316,1
519.353,0.5,0.2384152539038898,1
519.386,0.5,0.326405777963449,1
519.419,0.5,0.36720650020887424,1
519.453,0.5,0.43605063064702504,1
519.486,0.5,0.4999623342809919,1
538.338,0.5,0.6556305175740035,1
538.372,0.5,0.7195510356290395,1
538.438,0.5,0.45911971853235234,1
538.472,0.5,0.31923360033407294,1
538.539,0.5,0.1891776049282334,1
538.639,0.5,0.528253640344737,1
538.839,0.5,0.8181550704294429,1
539.039,0.5,1.0681279124508853,1
539.072,0.5,0.6395452443760478,1
539.106,0.5,0.31954781764149165,1
539.139,0.5,0.22802730766006304,1
539.673,0.5,0.37211581882746814,1
539.706,0.5,0.207982652223735,1
539.74,0.5,0.1009327576968931,1
539.773,0.5,0.07338176093373162,1
539.873,0.5,0.38542801103652413,1
539.94,0.5,0.2649217976671073,1
539.973,0.5,0.9621338980398646,1
540.007,0.5,1.5372025451252247,1
540.04,0.5,0.7029603254080827,1
540.073,0.5,0.6633671543209841,1
540.107,0.5,0.5588100601144793,1
540.14,0.5,0.8629072346752424,1
540.174,0.5,0.9560438203426143,1
540.207,0.5,0.7168918847854725,1
540.24,0.5,0.720361523187892,1
540.274,0.5,0.43387380015644816,1
540.307,0.5,0.3223119670253556,1
540.34,0.5,0.6289694599955785,1
540.374,0.5,0.4603708787068371,1
540.407,0.5,0.37845534698689054,1
540.44,0.5,0.24633283844947584,1
540.474,0.5,0.5766474679518525,1
540.507,0.5,1.0336809921369783,1
540.541,0.5,1.046614904762199,1
540.574,0.5,0.3992734799475568,1
540.641,0.5,1.3417217296753448,1
540.674,0.5,0.8065639778296684,1
540.707,0.5,0.42888563186981454,1
540.741,0.5,0.7305742846662284,1
540.774,0.5,1.1084977730226468,1
540.807,0.5,0.7989555721403219,1
540.841,0.5,0.2652617988993895,1
540.874,0.5,0.4569036074018326,1
540.908,0.5,0.19476539093682493,1
540.941,0.5,0.4080371089316233,1
540.974,0.5,0.742650036846662,1
541.008,0.5,0.36243761525637364,1
541.041,0.5,0.4677062112815062,1
541.074,0.5,0.10150277599508596,1
541.108,0.5,0.09851740023025508,1
541.141,0.5,0.12892478681014907,1
541.175,0.5,0.25740455651914795,1
541.208,0.5,0.2772918516014958,1
541.241,0.5,0.3066743267603926,1
541.275,0.5,0.11522160470349124,1
541.308,0.5,0.1289247868101363,1
541.341,0.5,0.24563995856748425,1
541.375,0.5,0.2130318784276619,1
541.408,0.5,0.13001724768226605,1
541.441,0.5,0.24839288182112182,1
541.475,0.5,0.42607971271855216,1
541.508,0.5,0.504468512746889,1
541.542,0.5,0.510577329919648,1
541.575,0.5,0.5290810769249745,1
541.608,0.5,0.3355648410227332,1
541.642,0.5,0.3550664272642638,1
541.675,0.5,0.384403979218631,1
541.708,0.5,0.5183532271952829,1
541.742,0.5,0.7162672167472655,1
541.775,0.5,0.5995640279493416,1
541.808,0.5,0.8081357068365274,1
541.842,0.5,0.7346486147397686,1
541.875,0.5,0.6879649959142435,1
541.909,0.5,0.5663075948942354,1
541.942,0.5,0.4303165903129873,1
541.975,0.5,0.2720698036498403,1
542.009,0.5,0.2779004049170892,1
542.042,0.5,0.3738138093918102,1
542.075,0.5,0.3462199862120567,1
542.109,0.5,0.12041600498311648,1
542.142,0.5,0.1920439322755574,1
542.176,0.5,0.2995937604537797,1
542.209,0.5,0.2652046945962248,1
542.242,0.5,0.13001724768228495,1
542.276,0.5,0.12640625074664621,1
542.309,0.5,0.21285187670395803,1
542.342,0.5,0.21948738989500616,1
542.376,0.5,0.07101328545309026,1
542.409,0.5,0.14423033495417661,1
542.442,0.5,0.11496102240411128,1
542.476,0.5,0.1399882662791743,1
542.509,0.5,0.09109394038736218,1
542.543,0.5,0.22315963172577685,1
542.576,0.5,0.2720698036498403,1
542.709,0.5,0.6165003187638031,1
542.743,0.5,1.069218927075964,1
542.776,0.5,0.8978441470912659,1
542.943,0.5,0.4964193132607347,1
542.976,0.5,0.3876068613316003,1
543.01,0.5,0.2251089037335808,1
543.043,0.5,0.18218788077472448,1
543.076,0.5,0.09109394038735019,1
543.277,0.5,0.4261955124121136,1
543.31,0.5,0.7376200663385653,1
543.343,0.5,0.7880938971306674,1
543.377,0.5,0.7571704892669288,1
543.41,0.5,1.2644430946537877,1
543.443,0.5,1.6411063042096192,1
543.477,0.5,1.101819217863364,1
543.51,0.5,0.6818647039179075,1
543.544,0.5,0.8209757802511033,1
545.312,0.5,0.8407510512078054,1
545.345,0.5,1.1922300817697222,1
545.379,0.5,1.3385853012782751,1
545.412,0.5,1.338798918233034,1
545.445,0.5,1.3542019743289926,1
545.479,0.5,1.0836914025328006,1
545.512,0.5,0.5910806372172528,1
545.546,0.5,0.8755861012704342,1
545.579,0.5,0.48757088960344547,1
545.612,0.5,0.4186279791206369,1
545.646,0.5,0.26038702737251274,1
545.679,0.5,0.8774490928868504,1
545.712,0.5,0.8885879998039252,1
545.746,0.5,1.3267689858495855,1
545.779,0.5,1.214468283880718,1
545.812,0.5,1.8448824062039342,1
545.846,0.5,1.8213198078353257,1
545.879,0.5,2.2231536193812924,1
545.913,0.5,1.5028144578813636,1
545.946,0.5,1.9206238991504083,1
545.979,0.5,0.9928064594504357,1
546.013,0.5,0.8209757802510901,1
546.046,0.5,0.6649918434147123,1
546.079,0.5,1.1178079156225547,1
546.113,0.5,0.9832816645903772,1
546.146,0.5,0.8589056952285707,1
546.18,0.5,0.8834604479771015,1
546.213,0.5,0.788059557489774,1
546.246,0.5,1.2119347338784703,1
546.28,0.5,0.9142008549922037,1
546.313,0.5,0.8959370040655524,1
546.346,0.5,1.228199792837379,1
546.38,0.5,1.0714449928279877,1
546.413,0.5,0.31197397833559853,1
546.446,0.5,1.5179741615358522,1
546.48,0.5,1.971239769393206,1
546.513,0.5,1.6079403487044057,1
546.547,0.5,1.7595493105604811,1
546.58,0.5,1.307337000486332,1
546.613,0.5,1.7546126304232248,1
546.647,0.5,1.4787400096293895,1
546.68,0.5,1.4575030462027807,1
546.78,0.5,1.3626217528019173,1
546.813,0.5,1.5912281675717996,1
546.847,0.5,1.247422081592812,1
546.88,0.5,1.9176339455352418,1
546.914,0.5,1.9618096928407476,1
546.947,0.5,1.815744997259961,1
546.98,0.5,1.1847785670695652,1
547.014,0.5,0.772213669557444,1
547.047,0.5,0.7956140837859066,1
547.08,0.5,0.9792173338903268,1
547.114,0.5,1.2078213805898583,1
547.147,0.5,1.1016195006266294,1
547.181,0.5,0.9702171745721873,1
547.214,0.5,1.2459031394947953,1
547.247,0.5,1.7887469624627652,1
547.281,0.5,1.7821398661228578,1
550.35,0.5,2.5722573125813657,1
550.384,0.5,2.124108098167575,1
550.417,0.5,1.6033179023236233,1
550.45,0.5,0.8261905983764108,1
550.484,0.5,0.5745462449976905,1
550.517,0.5,0.4560546153201459,1
550.551,0.5,0.3753986439474402,1
550.584,0.5,0.4288856318712982,1
550.617,0.5,0.6123455626536033,1
550.651,0.5,0.47042022413338974,1
550.684,0.5,0.5481629644873118,1
550.717,0.5,0.5624208268571385,1
550.751,0.5,1.0183685055942875,1
550.784,0.5,0.8856182804025874,1
550.817,0.5,1.4973745026775773,1
550.851,0.5,1.26107602046144,1
550.884,0.5,1.0927285561032025,1
550.918,0.5,1.062665218460147,1
550.951,0.5,1.4820083632558991,1
550.984,0.5,0.720361523187892,1
551.018,0.5,0.4547285499582241,1
551.051,0.5,0.36437576154943685,1
551.084,0.5,0.678064544265496,1
551.118,0.5,0.9015690551578018,1
551.151,0.5,1.1082956808812499,1
551.185,0.5,0.193765071150502,1
551.218,0.5,0.2600344953645542,1
551.251,0.5,1.0141861197414574,1
551.285,0.5,0.2933359458957994,1
551.318,0.5,0.7015376824380615,1
551.351,0.5,0.7620222256763842,1
551.385,0.5,1.2075218390245728,1
551.418,0.5,0.7550847888271063,1
551.451,0.5,1.1875426282523984,1
551.485,0.5,0.24083200996621798,1
551.518,0.5,0.8403255135229635,1
551.552,0.5,1.0708425585565897,1
551.585,0.5,0.8959370040655656,1
551.618,0.5,0.612345562653597,1
551.652,0.5,0.3388921209199731,1
551.685,0.5,0.15436036716490092,1
551.718,0.5,0.06406732986955893,1
551.752,0.5,0.12619321098582653,1
551.785,0.5,0.14676352186747446,1
551.818,0.5,0.06406732986955256,1
551.852,0.5,0.14406574341651196,1
552.186,0.5,0.380796693609756,1
552.219,0.5,0.22531526882232097,1
552.252,0.5,0.3694318936270813,1
552.286,0.5,0.45989479095610925,1
552.319,0.5,0.5086070134610815,1
552.352,0.5,0.8309921793760817,1
552.386,0.5,0.510577329919648,1
552.419,0.5,0.5657232964361336,1
552.452,0.5,0.7571718384873501,1
552.486,0.5,1.786295605507073,1
552.519,0.5,1.2430044692552016,1
552.553,0.5,0.9368897042425467,1
552.586,0.5,1.1556713914128778,1
552.619,0.5,1.1938044443383997,1
552.653,0.5,0.4665805480650467,1
552.686,0.5,0.3940469485653243,1
552.719,0.5,0.5885257358454608,1
552.753,0.5,1.6039487464172113,1
552.786,0.5,0.6395452443782361,1
552.819,0.5,0.2732818211620807,1
552.853,0.5,0.22510890373359277,1
552.886,0.5,0.5179017730931059,1
553.153,0.5,1.6729521028862906,1
553.187,0.5,1.493322419240858,1
553.22,0.5,1.696344870701759,1
553.253,0.5,1.8006214931899325,1
553.287,0.5,1.9073220312311734,1
553.353,0.5,2.4190101904959302,1
553.42,0.5,2.0678491706064914,1
553.453,0.5,1.5284748350676496,1
553.487,0.5,0.683161603557028,1
553.52,0.5,0.15436036716436988,1
553.554,0.5,0.7299387654925431,1
553.587,0.5,0.6939076451441463,1
553.654,0.5,1.4811264839750053,1
553.687,1.0,1.5608770442439215,2
553.72,1.0,1.384077028073666,2
553.754,1.0,1.5217071219120382,2
553.787,0.5,2.5829186150772525,1
553.82,1.0,1.8421784933347405,2
553.854,1.0,1.1509737745579183,2
553.887,1.0,1.1827929812617621,2
553.921,0.5,0.8233834018885134,1
553.954,1.0,1.2180556590007525,2
553.987,1.0,0.9026171005769026,2
554.021,1.0,1.3600324377273547,2
554.054,1.0,1.0115199513348854,2
554.087,1.0,1.2272103887578445,2
554.121,1.0,0.9816900691362914,2
554.154,1.0,1.3847537148089415,2
554.188,0.5,0.8748606028158875,1
554.221,1.0,1.412434362404884,2
554.254,1.0,1.3034825833772112,2
554.288,1.0,0.6743588926320048,2
554.321,1.0,0.49627157587593457,2
554.354,1.0,0.38148354736921536,2
554.388,1.0,0.4589383896727817,2
554.421,1.0,0.2150700931363977,2
554.454,1.0,0.4743329221990731,2
554.488,1.0,0.5621049873353365,2
554.521,1.5,0.7019700049673911,3
554.555,1.0,0.713528963347265,2
554.588,1.0,0.4050929800181222,2
554.621,0.5,1.0452734864739959,1
554.655,1.0,0.7556182739423551,2
554.688,1.0,0.7021183401156095,2
554.721,1.0,0.6403600993746826,2
554.755,1.0,0.46016479400624277,2
554.788,1.0,0.496017365777471,2
554.821,1.0,0.7261036227331853,2
554.855,1.0,0.49701782257796856,2
554.888,1.0,0.34904681649800445,2
554.922,1.0,1.053791674450251,2
554.955,1.0,1.9107090686380088,2
554.988,1.0,1.0376246935683828,2
555.022,1.0,0.45103817784015354,2
555.055,1.0,0.3062849591402669,2
555.088,1.0,0.7930854849836659,2
555.122,1.0,0.9666019734198781,2
555.155,1.0,1.935595309914108,2
555.189,0.5,2.0715200335984165,1
555.222,0.5,0.5921106125178455,1
555.255,0.5,0.7762703305148392,1
555.289,0.5,0.8649791087616542,1
555.322,0.5,0.8868720251433067,1
555.355,0.5,1.4350201981779989,1
555.389,0.5,0.8930978498017089,1
555.422,0.5,0.8940429821399508,1
555.455,0.5,0.8545511772365835,1
555.489,0.5,0.43560771103240126,1
555.522,0.5,0.04533745654794748,1
555.556,0.5,0.33803029159952885,1
555.589,1.0,0.5481629644872992,2
555.622,1.0,0.4248754488737033,2
555.656,1.0,1.018832796905056,2
555.689,1.0,1.0254585705608525,2
555.722,1.0,0.982070087560259,2
555.756,1.0,0.5983562672460263,2
555.789,1.0,0.2017683892114489,2
555.822,0.5,0.3329839796573251,1
555.856,0.5,0.9688253557524691,1
555.889,0.5,0.7899365392778299,1
555.923,1.0,0.427757424963083,2
555.956,1.0,0.23983540491990157,2
555.989,0.5,0.5110177981834754,1
556.023,0.5,0.43149298370416567,1
556.056,1.0,0.7044917182963704,2
556.089,1.0,0.38367907020886727,2
556.123,1.0,0.34088485262377133,2
556.156,0.5,0.36496616768026025,1
556.19,0.5,0.027894953965627627,1
556.223,0.5,1.1336750954892754,1
556.256,1.0,0.1821977832030013,2
556.29,0.5,0.551589234581768,1
556.323,0.5,1.1136177701129637,1
556.356,0.5,0.9314565409191198,1
556.39,1.0,0.9003643217162562,2
556.423,1.0,0.7570074859825404,2
556.456,0.5,0.7625263857518877,1
556.49,0.5,0.398765685790362,1
556.523,0.5,0.26454053846246867,1
556.557,1.0,0.2498230122655685,2
556.59,1.0,0.1550811514954608,2
556.623,1.0,0.3139649968309956,2
556.657,1.0,0.027894953965720972,2
556.69,1.0,0.08202531251512604,2
556.723,1.0,0.15154362400165294,2
556.757,0.5,0.04400400194363602,1
556.79,0.5,0.11871316848229493,1
556.823,0.5,0.15436036716437532,1
556.857,0.5,0.416878127604193,1
556.89,1.0,0.44286877869604385,2
556.924,1.0,0.7136050120775398,2
556.957,1.0,0.6035031850847823,2
556.99,1.0,0.3375878580293349,2
557.024,1.0,0.2873464647529424,2
557.057,1.0,0.6832570159052906,2
557.09,0.5,0.8524560898075896,1
557.124,1.0,0.2226056824106703,2
557.157,0.5,0.7824215972373754,1
557.191,1.0,0.23461868511688647,2
557.691,0.5,0.9189086714440841,1
557.724,0.5,2.2849301280490497,1
557.758,0.5,0.7929883393070596,1
557.791,0.5,1.1023632951042868,1
557.824,0.5,1.264822389612708,1
557.858,0.5,1.2156274682943253,1
557.891,0.5,1.4689655027564448,1
557.925,0.5,1.465752825371331,1
557.958,0.5,1.408207093614895,1
557.991,0.5,1.264822389608344,1
558.025,0.5,1.2678316097613307,1
558.058,0.5,1.162820583994774,1
558.091,0.5,1.4496983416559743,1
558.158,0.5,2.754346353717648,1
558.192,0.5,1.7639829864710237,1
558.225,0.5,1.2649843891576964,1
558.258,0.5,1.2445866834167818,1
558.292,0.5,1.032613618299414,1
558.325,0.5,1.0656369782989275,1
558.358,0.5,1.4893639530768508,1
558.392,0.5,0.179283124847357,1
558.425,0.5,0.802027093853304,1
558.458,0.5,1.0014609249520914,1
558.559,0.5,1.2931001178978712,1
558.592,0.5,1.3464238340992212,1
558.625,0.5,1.3470324611020745,1
558.659,0.5,1.4851562710607062,1
558.692,0.5,1.612137036586642,1
558.725,0.5,1.5096267230809357,1
558.759,0.5,1.5059807043791307,1
558.792,0.5,1.4082070936148814,1
558.825,0.5,1.570958250582015,1
558.859,0.5,1.4855461531710308,1
558.892,0.5,1.550956019187368,1
558.926,0.5,1.544427339114901,1
558.959,0.5,1.3674237422574076,1
574.875,0.5,1.9176339455352285,1
574.908,0.5,1.020218928662416,1
574.942,0.5,1.2475768209701878,1
574.975,0.5,0.8170182889824644,1
575.008,0.5,0.6337059488011239,1
575.042,0.5,0.478850400501119,1
575.175,0.5,1.1797713001470136,1
575.209,0.5,1.5445523236142897,1
575.242,0.5,1.4574518165257542,1
575.275,0.5,1.0241214140473238,1
575.309,0.5,1.0166763627599171,1
575.342,0.5,1.2121355791657291,1
575.375,0.5,0.6337059488011373,1
575.409,0.5,0.5795640657360221,1
575.442,0.5,0.5916104725587534,1
575.475,0.5,0.49625989932394937,1
575.509,0.5,0.3027982730906639,1
575.542,0.5,0.2838647899744986,1
575.576,0.5,0.2384152539038898,1
575.609,0.5,0.5156991472405664,1
575.642,0.5,0.9497276862110151,1
575.676,0.5,1.3039240964681515,1
575.709,0.5,2.257766842915826,1
575.742,0.5,1.7280387892602276,1
575.776,0.5,1.230135077085434,1
575.809,0.5,1.3988190694271563,1
575.843,0.5,0.9705151194873224,1
575.876,0.5,0.7151596739927198,1
575.909,0.5,0.7346919645270898,1
575.943,0.5,0.8321855631070585,1
575.976,0.5,0.6322770630232173,1
576.009,0.5,0.9811485408399871,1
576.043,0.5,0.9153453476214878,1
576.076,0.5,0.9802216218911618,1
576.109,0.5,1.3850524627694671,1
576.143,0.5,1.3028515619840004,1
576.176,0.5,0.9751417792035185,1
576.21,0.5,0.46498976622047117,1
576.243,0.5,0.3936015296481167,1
576.276,0.5,0.6088372068108509,1
576.31,0.5,0.29333594589579404,1
576.343,0.5,0.374641226313304,1
576.376,0.5,0.5307955799548593,1
576.41,0.5,0.5163068091497185,1
576.443,0.5,0.657814691597022,1
576.476,0.5,0.4006055015887855,1
576.51,0.5,0.4379650846053428,1
576.543,0.5,0.4528984646124175,1
576.577,0.5,0.6871556789311679,1
576.61,0.5,0.6877044377607648,1
576.643,0.5,1.2163243851560563,1
576.677,0.5,1.1616849439543682,1
576.71,0.5,1.4639355481849945,1
576.743,0.5,0.6820807748439206,1
576.777,0.5,0.62000532030114,1
576.81,0.5,1.0887720322327596,1
576.844,1.0,1.4702215393060016,2
576.877,1.0,1.0568632569666518,2
576.91,1.0,0.8165173317919089,2
576.944,1.0,0.6138979050116655,2
576.977,1.0,0.8153728339461379,2
577.01,0.5,0.23742633696459675,1
577.044,1.0,1.2891853197537502,2
577.077,0.5,0.5183427854567372,1
577.11,0.5,0.6895031045339456,1
577.144,1.0,1.4067285395007376,2
577.177,0.5,0.8310143344492433,1
577.211,0.5,0.31500340558912326,1
577.244,1.0,1.1228171605576054,2
577.277,1.0,0.7443474214301162,2
577.311,1.0,0.4346537373413385,2
577.344,1.0,0.457625887470856,2
577.377,1.0,0.33073769364546596,2
577.411,1.0,0.26342251376605796,2
577.444,1.0,0.21647215893977992,2
577.477,1.0,0.08199444767535166,2
577.511,1.0,0.4875525835672114,2
577.544,1.0,0.5876428816363324,2
577.578,1.0,0.8769734931695532,2
577.611,1.0,1.1100551248113912,2
577.644,1.0,1.074452294548926,2
577.678,1.0,0.5624718919307748,2
577.711,1.0,2.064376167930917,2
577.744,1.0,0.6509949277680869,2
577.778,1.0,0.7395888806018422,2
577.811,0.5,1.0089012614493715,1
577.845,0.5,1.1425903902876817,1
577.878,0.5,1.571419553850344,1
577.945,0.5,2.212311526087657,1
577.978,0.5,1.1120587361958278,1
578.011,0.5,0.7493130865925545,1
578.045,0.5,0.6337296179686889,1
578.078,0.5,1.0509417561117425,1
578.111,0.5,1.498006715895544,1
578.145,0.5,1.1485884061897238,1
578.178,0.5,0.9802815607741725,1
578.212,1.0,0.6005187440365976,2
578.245,1.0,0.957547152207054,2
578.278,1.0,0.662517934801323,2
578.312,1.0,1.3828262882095714,2
578.345,1.0,0.9392659765914684,2
578.378,1.0,0.9892770894090597,2
578.412,1.0,1.2271752157664166,2
578.445,1.0,0.7605344384635462,2
578.478,1.0,0.31558460886024,2
578.512,1.0,0.6840962888209611,2
578.545,1.0,0.44265169076618194,2
578.579,1.0,0.40030907049241077,2
578.612,1.0,0.3328652325916083,2
578.645,1.0,0.18104268303588972,2
578.679,1.0,0.2092326692793286,2
578.712,1.0,0.25451830961731003,2
578.745,1.0,0.5051044430680501,2
578.779,0.5,0.329600422712541,1
578.812,0.5,0.7695499779705737,1
578.846,0.5,0.7280826265721041,1
578.879,0.5,0.9770604188859761,1
578.912,0.5,1.5520249510996786,1
578.946,0.5,1.367427301275566,1
578.979,0.5,1.4409528405209586,1
579.012,0.5,1.2364117098336205,1
579.046,0.5,0.19376507114985148,1
579.079,0.5,0.3144359971609347,1
579.112,0.5,0.08350697972707878,1
579.146,0.5,0.04420735342330714,1
579.179,0.5,0.040800722245431964,1
579.213,0.5,0.10651593921382613,1
579.246,0.5,0.1431702660457877,1
579.279,0.5,0.13601236964386942,1
579.313,0.5,0.18174595990278697,1
579.346,0.5,0.7766572455950451,1
579.379,0.5,0.7239598054735578,1
580.514,0.5,0.33660595852501657,1
580.547,0.5,0.18471594681292844,1
580.581,0.5,0.2384152539038778,1
580.614,0.5,0.2040036112271531,1
580.647,0.5,0.29169731251093545,1
580.681,0.5,0.1980035050147433,1
580.714,0.5,0.23856735681059396,1
580.747,0.5,0.30667432676146167,1
580.781,0.5,0.397866180809782,1
580.814,0.5,0.44529411601435,1
580.848,0.5,0.45710042749611485,1
580.881,0.5,0.4319160148924326,1
580.914,0.5,0.5293304818886079,1
580.948,0.5,0.6757876563308682,1
580.981,0.5,0.2863216293083131,1
581.014,0.5,0.34680613908616165,1
581.048,0.5,1.1683859083330548,1
581.081,0.5,1.4281687658853086,1
581.114,0.5,1.1220198617493353,1
581.148,0.5,0.7920140200589209,1
581.181,0.5,0.3468061390861751,1
581.215,0.5,0.5742101645427137,1
581.248,0.5,0.46920830582246426,1
581.281,0.5,0.30867235925625386,1
581.315,0.5,0.1690151457991993,1
581.348,0.5,0.22440397235063209,1
581.381,0.5,0.22440397234987244,1
581.415,0.5,0.20659152738928224,1
581.448,0.5,0.1847159468129002,1
581.481,0.5,0.2253152688223277,1
581.515,0.5,0.25740455651916105,1
581.548,0.5,0.26520469459528423,1
581.582,0.5,0.21780385551620715,1
581.615,0.5,0.16320288898172786,1
581.648,0.5,0.14280252785900852,1
581.682,0.5,0.07920140200588163,1
581.715,0.5,0.12892478681014904,1
581.748,0.5,0.18360325010443376,1
581.782,0.5,0.20186551539377084,1
581.815,0.5,0.23856735681060665,1
581.849,0.5,0.37671942510304995,1
581.915,0.5,0.6120945330864215,1
581.949,0.5,0.6743579046510283,1
581.982,0.5,0.6404604658099748,1
582.015,0.5,0.5567302955376207,1
582.049,0.5,0.5151839452506831,1
582.082,0.5,0.5522958367329206,1
582.115,0.5,0.3923359873552391,1
582.149,0.5,0.15840280401177634,1
582.182,0.5,0.20500561200073256,1
582.216,0.5,0.11880210300883552,1
582.249,0.5,0.23247707592164832,1
582.282,0.5,0.3876068613315869,1
582.316,0.5,0.4356077110324143,1
582.349,0.5,0.4692083058224508,1
582.382,0.5,0.4080072224557118,1
582.416,0.5,0.5207740547432692,1
582.449,0.5,0.4492642861223924,1
582.482,0.5,0.49625989932396264,1
582.516,0.5,0.376719425103063,1
582.549,0.5,0.3066743267603926,1
582.583,0.5,0.33660595852504266,1
582.616,0.5,0.36943189362581524,1
582.649,0.5,0.34174028272913565,1
582.716,0.5,0.473199551988021,1
582.783,0.5,0.774718645910999,1
582.816,0.5,0.59161047255874,1
582.85,0.5,0.49500876253683207,1
582.883,0.5,0.3060054168407229,1
582.916,0.5,0.028740255601034943,1
582.95,0.5,0.20186551539377084,1
582.983,0.5,0.057480511202258514,1
583.016,0.5,0.41250253526197295,1
583.05,0.5,0.3782535511799969,1
583.083,0.5,0.1880145305055224,1
583.116,0.5,0.19338718021520232,1
583.15,0.5,0.1989760351773227,1
583.183,0.5,0.22440397234987244,1
583.217,0.5,0.197459193461511,1
583.25,0.5,0.1467635218674558,1
583.283,0.5,0.10200180561358328,1
583.317,0.5,0.2622500493684014,1
583.35,0.5,0.07316520319403358,1
583.383,0.5,0.12240216673628918,1
583.417,0.5,0.09900175250735858,1
583.45,0.5,0.060732594400995946,1
583.483,0.5,0.0404883962674746,1
583.517,0.5,0.21973447455646575,1
583.55,0.5,0.1474660953629021,1
583.584,0.5,0.07101328545309381,1
583.617,0.5,0.10325630094970337,1
583.65,0.5,0.045337456547959495,1
583.684,0.5,0.05940105150441776,1
583.717,0.5,0.08160144449086393,1
583.75,0.5,0.08160144449086393,1
583.784,0.5,0.039297561083029606,1
583.817,0.5,0.04048839626732166,1
583.851,0.5,0.055789907931441854,1
583.884,0.5,0.07316520319403357,1
583.917,0.5,0.09109394038736224,1
583.951,0.5,0.11157981586289302,1
583.984,0.5,0.0733817609337316,1
584.017,0.5,0.0455469701936721,1
584.051,0.5,0.07920140200590776,1
584.084,0.5,0.0816014444911316,1
584.117,0.5,0.22531526882232644,1
584.151,0.5,0.2691362089075288,1
584.184,0.5,0.040488396267335115,1
584.218,0.5,0.08160230791140781,1
584.251,0.5,0.06446239340507026,1
584.284,0.5,0.22802730766007628,1
584.318,0.5,0.039600701002940816,1
584.351,0.5,0.06446239340506604,1
584.384,0.5,0.10399132611187409,1
584.418,0.5,0.01964878054150827,1
584.451,0.5,0.08160144449086393,1
584.484,0.5,0.10399132611187409,1
584.518,0.5,0.12513288131579686,1
584.551,0.5,0.2448043334725918,1
584.585,0.5,0.2376042060176841,1
584.618,0.5,0.18360325010443376,1
584.651,0.5,0.12892478681058045,1
584.685,0.5,0.11880210300883552,1
584.718,0.5,0.14423033495419182,1
584.751,0.5,0.08407510512078153,1
584.785,0.5,0.039600701002940816,1
584.818,0.5,0.14280252785900852,1
584.852,0.5,0.039600701002940816,1
585.052,0.5,0.007515250081957708,1
585.085,0.5,0.06120108336814459,1
585.118,0.5,0.040800722245438695,1
585.152,0.5,0.0792014020058947,1
585.185,0.5,0.12240216673671085,1
585.219,0.5,0.0278949539656369,1
585.252,0.5,0.028740255601124403,1
585.285,0.5,0.040800722245438695,1
585.319,0.5,0.039600701002940816,1
585.352,0.5,0.08160144449086393,1
585.385,0.5,0.10200180561356982,1
585.419,0.5,0.01980035050147694,1
585.452,0.5,0.04080072224542524,1
585.485,0.5,0.020400361122719347,1
585.519,0.5,0.1002193509218548,1
585.552,0.5,0.08622076680309532,1
585.586,0.5,0.04420735342330133,1
585.619,0.5,0.02024419813367429,1
585.686,0.5,0.01980035050147694,1
585.719,0.5,0.04554697019368416,1
585.786,0.5,0.15961680016704294,1
585.819,0.5,0.10399132611186351,1
585.853,0.5,0.01980035050147694,1
585.886,0.5,0.0644623934050788,1
585.919,0.5,0.6540659277045257,1
585.953,0.5,0.26038702737251074,1
585.986,0.5,0.040800722245438695,1
586.086,0.5,0.04509150049174822,1
586.119,0.5,0.10399132611187671,1
586.153,0.5,0.0792014020058947,1
586.186,0.5,0.04080072224542524,1
586.22,0.5,0.044207353423318836,1
586.286,0.5,0.17458078956501116,1
586.32,0.5,0.0278949539656277,1
586.353,0.5,0.02040036112277617,1
586.386,0.5,0.08160144449085048,1
586.42,0.5,0.04420735342330714,1
586.453,0.5,0.18471594681291506,1
586.486,0.5,0.02040036112270589,1
586.52,0.5,0.06256644065791908,1
586.553,0.5,0.14280252785899505,1
586.587,0.5,0.1980035050147302,1
586.62,0.5,0.15518057219124637,1
586.687,0.5,0.09900175250737164,1
586.72,0.5,0.06120108336815804,1
586.753,0.5,0.028740255601015913,1
586.787,0.5,0.12436599327626187,1
586.82,0.5,0.06073259440100941,1
586.854,0.5,0.25759692105960535,1
586.887,0.5,0.14280252785950048,1
586.92,0.5,0.0455469701936721,1
586.954,0.5,0.01980035050147694,1
586.987,0.5,0.09109394038735623,1
587.02,0.5,0.06446239340507026,1
587.054,0.5,0.05578990793144184,1
587.087,0.5,0.0840751051207946,1
587.12,0.5,0.16320288898171442,1
587.154,0.5,0.09900175250735858,1
587.187,0.5,0.08407510512078153,1
587.221,0.5,0.10093275769689056,1
587.254,0.5,0.14280252785900852,1
587.287,0.5,0.11828466323795182,1
587.321,0.5,0.12640625074666456,1
587.354,0.5,0.1880145305055224,1
587.387,0.5,0.19338718021587278,1
587.421,0.5,0.05894634162434077,1
587.454,0.5,0.10150277599508593,1
587.487,0.5,0.057480511202060415,1
587.521,0.5,0.11880210300883552,1
587.554,0.5,0.07338176093373162,1
587.588,0.5,0.04400400194363896,1
587.621,0.5,0.04080072224542524,1
587.654,0.5,0.02040036112270589,1
587.688,0.5,0.08800800388727789,1
587.721,0.5,0.04533745654795947,1
587.754,0.5,0.09067491309591896,1
587.788,0.5,0.08105089208811403,1
587.821,0.5,0.02024419813366083,1
587.855,0.5,0.019648780541521332,1
587.921,0.5,0.020400361122719347,1
587.955,0.5,0.01980035050147694,1
588.021,0.5,0.02040036112277617,1
588.055,0.5,0.01980035050147694,1
588.088,0.5,0.020400361122719347,1
588.121,0.5,0.04080072224542524,1
588.155,0.5,0.01980035050147694,1
588.222,0.5,0.039600701002940816,1
588.255,0.5,0.020400361122719347,1
588.322,0.5,0.01980035050147694,1
588.355,0.5,0.04080072224542524,1
588.388,0.5,0.04080072224542524,1
588.422,0.5,0.05940105150443082,1
588.455,0.5,0.020400361122719347,1
588.488,0.5,0.02040036112270589,1
588.555,0.5,0.02040036112277617,1
588.589,0.5,0.019800350501410734,1
588.622,0.5,0.06120108336836889,1
588.655,0.5,0.13601236964386637,1
588.689,0.5,0.08800800388727789,1
588.722,0.5,0.0455469701936721,1
588.755,0.5,0.028740255601034943,1
588.789,0.5,0.03960070100295388,1
588.822,0.5,0.02040036112270589,1
588.856,0.5,0.04400400194363896,1
588.889,0.5,0.040488396267335094,1
588.922,0.5,0.028740255601015913,1
588.956,0.5,0.07122347384749592,1
588.989,0.5,0.13023674319343245,1
589.022,0.5,0.02024419813367426,1
589.056,0.5,0.15416161681344662,1
589.089,0.5,0.07338176093373162,1
589.122,0.5,0.020400361122789628,1
589.156,0.5,0.05940105150441776,1
589.189,0.5,0.08160144449086393,1
589.223,0.5,0.05940105150441776,1
589.256,0.5,0.02040036112270589,1
589.289,0.5,0.028740255601025392,1
589.323,0.5,0.019648780541521332,1
589.389,0.5,0.1442303349541899,1
589.423,0.5,0.06256644065790669,1
589.489,0.5,0.02040036112270589,1
589.523,0.5,0.01980035050149,1
589.556,0.5,0.04080072224542524,1
589.723,0.5,0.020400361122789628,1
589.79,0.5,0.044207353423318836,1
589.823,0.5,0.02040036112270589,1
589.857,0.5,0.11880210300882246,1
589.89,0.5,0.08160144449085048,1
589.923,0.5,0.04080072224542524,1
589.957,0.5,0.027894953965730242,1
589.99,0.5,0.028740255601025392,1
590.057,0.5,0.01980035050147694,1
590.09,0.5,0.04080072224542524,1
590.123,0.5,0.02024419813367429,1
590.157,0.5,0.027894953965720937,1
590.19,0.5,0.15436036716437526,1
590.224,0.5,0.039297561083029606,1
590.257,0.5,0.08097679253493574,1
590.29,0.5,0.040488396267335094,1
590.324,0.5,0.027894953965730173,1
590.357,0.5,0.020400361122719347,1
590.49,0.5,0.020400361122719347,1
590.591,0.5,0.0278949539657209,1
590.624,0.5,0.02024419813366083,1
590.657,0.5,0.0809767925346702,1
590.691,0.5,0.039297561083029606,1
590.724,0.5,0.08097679253467023,1
590.757,0.5,0.0809767925349492,1
590.791,0.5,0.07859512216579641,1
590.824,0.5,0.060732594401205174,1
590.858,0.5,0.07859512216604615,1
590.891,0.5,0.02024419813367426,1
590.991,0.5,0.08350697972708528,1
591.024,0.5,0.045337456547959495,1
591.058,0.5,0.09900175250737164,1
591.091,0.5,0.04080072224542524,1
591.124,0.5,0.020400361122719347,1
591.158,0.5,0.0792014020058947,1
591.191,0.5,0.04554697019368416,1
591.225,0.5,0.01964878054150827,1
591.258,0.5,0.02040036112270589,1
591.291,0.5,0.02040036112270589,1
591.358,0.5,0.02040036112277617,1
591.391,0.5,0.020400361122719347,1
591.558,0.5,0.020400361122719347,1
591.592,0.5,0.0278949539657209,1
591.625,0.5,0.06446239340507026,1
591.692,0.5,0.10021935092184205,1
591.725,0.5,0.04533745654795947,1
591.758,0.5,0.0906749130959009,1
591.792,0.5,0.1251328813158052,1
591.825,0.5,0.04554697019369012,1
591.859,0.5,0.039600701002940816,1
591.892,0.5,0.020400361122719347,1
591.925,0.5,0.061201083368355426,1
591.959,0.5,0.027894953965720885,1
591.992,0.5,0.02024419813367426,1
592.025,0.5,0.020400361122719347,1
592.059,0.5,0.01964878054150827,1
592.092,0.5,0.02024419813367429,1
592.159,0.5,0.01980035050147694,1
592.192,0.5,0.040800722245438695,1
592.226,0.5,0.01980035050146388,1
592.392,0.5,0.02040036112270589,1
592.426,0.5,0.01980035050146388,1
592.459,0.5,0.02040036112277617,1
592.492,0.5,0.020400361122719347,1
592.526,0.5,0.044207353423318836,1
592.559,0.5,0.02024419813367429,1
592.593,0.5,0.062182996638145395,1
592.626,0.5,0.04533745654795947,1
592.659,0.5,0.028740255601034943,1
592.726,0.5,0.020400361122719347,1
592.759,0.5,0.020400361122719347,1
592.793,0.5,0.039600701002940816,1
592.826,0.5,0.04080072224542524,1
592.86,0.5,0.01980035050147694,1
592.893,0.5,0.04080072224542524,1
592.926,0.5,0.020400361122719347,1
592.96,0.5,0.027894953965730173,1
592.993,0.5,0.02024419813366083,1
593.06,0.5,0.08105089208811403,1
593.093,0.5,0.04533745654795344,1
593.126,0.5,0.02024419813366083,1
593.16,0.5,0.01980035050147694,1
593.193,0.5,0.06120108336814459,1
593.227,0.5,0.03929756108301654,1
593.26,0.5,0.07338176093372419,1
593.293,0.5,0.05748051120205093,1
593.327,0.5,0.0278949539657209,1
593.36,0.5,0.08622076680307633,1
593.393,0.5,0.11871316848230072,1
593.427,0.5,0.04420735342330133,1
593.46,0.5,0.028740255601034943,1
593.493,0.5,0.04080072224542524,1
593.56,0.5,0.028740255601133958,1
593.594,0.5,0.03960070100282147,1
593.627,0.5,0.020400361122789628,1
593.66,0.5,0.028740255601034943,1
593.694,0.5,0.039600701002940816,1
593.727,0.5,0.0455469701936721,1
593.76,0.5,0.020400361122719347,1
593.827,0.5,0.02040036112270589,1
593.861,0.5,0.019648780541521332,1
593.894,0.5,0.028740255601034943,1
593.927,0.5,0.04080072224542524,1
593.994,0.5,0.07263255443225645,1
594.027,0.5,0.028740255601025465,1
594.061,0.5,0.01980035050147694,1
594.127,0.5,0.040800722245579256,1
594.161,0.5,0.1059248787544187,1
594.194,0.5,0.028740255601015913,1
594.228,0.5,0.06256644065789428,1
594.261,0.5,0.020400361122719347,1
594.294,0.5,0.17503785566214317,1
594.328,0.5,0.12041600498311648,1
594.361,0.5,0.11871316848229381,1
594.394,0.5,0.045337456547965456,1
594.428,0.5,0.03960070100295388,1
594.461,0.5,0.040800722245438695,1
594.494,0.5,0.028740255601015913,1
594.528,0.5,0.01980035050147694,1
594.561,0.5,0.020400361122719347,1
594.595,0.5,0.1251328813158093,1
594.628,0.5,0.04554697019367808,1
594.661,0.5,0.020400361122789628,1
594.695,0.5,0.044207353423153496,1
594.728,0.5,0.02024419813373052,1
594.761,0.5,0.020400361122719347,1
594.795,0.5,0.01980035050146388,1
594.862,0.5,0.1320120058309285,1
594.895,0.5,0.08350697972708858,1
594.928,0.5,0.12316641922472575,1
594.962,0.5,0.11954387748290685,1
594.995,0.5,0.02024419813367429,1
595.028,0.5,0.04554697019369013,1
595.062,0.5,0.11480570255455291,1
595.095,0.5,0.06073259440099592,1
595.128,0.5,0.028740255601025392,1
595.162,0.5,0.01980035050147694,1
595.195,0.5,0.02040036112270589,1
595.295,0.5,0.020400361122719347,1
595.329,0.5,0.03960070100295388,1
595.362,0.5,0.020400361122719347,1
595.395,0.5,0.02040036112270589,1
595.429,0.5,0.027894953965730173,1
595.495,0.5,0.028740255601025465,1
595.529,0.5,0.10021935092183945,1
595.562,0.5,0.07316520319403358,1
595.596,0.5,0.11789268324908882,1
595.629,0.5,0.10913472356509374,1
595.662,0.5,0.06073259440099592,1
595.696,0.5,0.027894953965720972,1
595.729,0.5,0.028740255601034943,1
595.762,0.5,0.04554697019384705,1
595.796,0.5,0.03960070100282147,1
595.829,0.5,0.04554697019383499,1
595.863,0.5,0.01980035050139767,1
595.896,0.5,0.12316641922516335,1
595.929,0.5,0.08350697972708855,1
595.963,0.5,0.10592487875441868,1
595.996,0.5,0.07338176093374284,1
596.029,0.5,0.06446239340505748,1
596.063,0.5,0.05940105150441776,1
596.096,0.5,0.10399132611187671,1
596.129,0.5,0.09067491309590087,1
596.163,0.5,0.0816023079114205,1
596.196,0.5,0.0640673298695291,1
596.23,0.5,0.1420265709061949,1
596.263,0.5,0.15861324168915186,1
596.296,0.5,0.10399132611186089,1
596.33,0.5,0.08160230791140466,1
596.363,0.5,0.1039913261118609,1
596.396,0.5,0.18360325010507975,1
596.463,0.5,0.12098684526461823,1
596.496,0.5,0.10974369494750436,1
596.53,0.5,0.18248469137313364,1
596.563,0.5,0.327032963852262,1
596.597,0.5,0.17928312484794207,1
596.63,1.0,0.7962800146211844,2
596.663,1.0,1.0195823399082753,2
596.697,1.0,1.1973417108238866,2
596.73,1.0,0.6277393613553051,2
596.763,1.0,0.751569254324894,2
596.797,1.0,0.5622340171509176,2
596.83,1.0,0.532324898479407,2
596.864,1.0,0.3077791778427219,2
596.897,1.0,0.2958059133066004,2
596.93,1.0,0.37621760335516136,2
596.964,1.0,0.5945571810745433,2
596.997,1.0,0.827808770696985,2
597.03,1.0,0.790210315652376,2
597.064,1.0,1.1077130929447463,2
597.097,1.0,1.3814998866145654,2
597.13,1.0,0.7519014007483992,2
597.164,1.0,0.3800597735906462,2
597.197,1.0,0.38349701955301846,2
597.231,1.0,0.3197581703322635,2
597.264,1.0,0.2779788123672625,2
597.297,1.0,0.19400415457642184,2
597.331,1.0,0.25769105341938353,2
597.364,1.0,0.2776140399736756,2
597.397,1.0,0.21514420468764203,2
597.431,1.0,0.4946919029336409,2
597.464,1.0,0.6703721913540044,2
597.497,0.5,0.04554697019383499,1
597.531,1.0,0.8492653210549757,2
597.564,1.0,0.904572572006321,2
597.598,1.0,0.45445692478369565,2
597.631,1.0,0.48364022921893723,2
597.664,1.0,0.15080338801307436,2
597.698,1.0,0.10852082480908953,2
597.731,1.0,0.16617243661142692,2
597.764,1.0,0.17985169512101565,2
597.798,1.0,0.20688248049321206,2
597.831,1.0,0.2602881121404302,2
597.865,1.0,0.8221738593732996,2
597.898,1.0,0.569268798732923,2
597.931,1.0,0.3640554507608552,2
597.965,1.0,0.3638344352590585,2
597.998,1.0,0.7514779531578082,2
598.031,0.5,0.4036459325795307,1
598.065,1.0,0.8038973828387539,2
598.098,0.5,1.3759546363650905,1
598.532,0.5,0.4758123079126786,1
598.565,0.5,0.4771347136212214,1
600.501,1.0,0.7245739800782277,2
600.534,1.0,0.5528341627916005,2
600.567,1.0,0.45348985142083287,2
600.601,1.0,0.46543008285714543,2
600.634,1.0,0.45796023765893173,2
600.667,1.0,0.25621891860181506,2
600.701,1.0,0.4965850848100866,2
600.734,1.0,0.3575709726339097,2
600.767,1.0,0.37281607019325097,2
600.801,1.0,0.3455862234440033,2
600.834,1.0,0.6868485363234398,2
600.868,1.0,0.6709076800659353,2
600.901,1.0,0.9291551017680004,2
600.934,1.0,0.7823384895406468,2
600.968,1.0,0.720574329055804,2
601.001,1.0,0.45930219540557876,2
601.034,1.0,0.42173510608315745,2
601.068,1.0,0.4204107069429833,2
601.101,1.0,0.14684109114240304,2
601.134,1.0,0.21200464808535108,2
601.168,1.0,0.1834537779460513,2
601.201,1.0,0.05574715075503778,2
601.235,1.0,0.12936814574590735,2
601.268,1.0,0.25626931947819953,2
601.301,1.0,0.4043369547855481,2
601.335,1.0,0.4880865191365659,2
601.368,1.0,0.3802574496031978,2
601.401,1.0,0.8109631438974629,2
601.435,1.0,0.6875430416768178,2
601.468,1.0,0.8103164351513372,2
601.502,1.0,0.5392713736459787,2
601.535,1.0,0.42641941767498837,2
601.568,1.0,0.24597095191823934,2
601.602,1.0,0.6415660598997494,2
601.635,1.0,0.630217868498379,2
601.668,1.5,0.3911315425870653,3
601.702,1.0,0.17784291299143673,2
601.735,1.0,0.3490796703123648,2
601.768,1.0,0.11871316848229838,2
601.802,1.0,0.260645084950954,2
601.835,1.0,0.06087348706420259,2
601.869,1.0,0.12687740635852585,2
601.902,1.0,0.13626285020095527,2
601.935,1.0,0.1980356601019742,2
601.969,1.0,0.14102519993446302,2
602.002,1.0,0.5128509415071651,2
602.069,0.5,0.039297561083029606,1
602.102,1.0,0.16303612921205368,2
602.135,1.0,0.16402529691101703,2
602.169,0.5,0.019648780541521308,1
602.202,0.5,0.020400361122719347,1
602.269,0.5,0.02040036112270589,1
602.336,0.5,0.01980035050147694,1
602.369,0.5,0.028740255601034926,1
602.402,0.5,0.06406732986954618,1
602.469,0.5,0.02024419813366083,1
602.503,0.5,0.019648780541521332,1
602.536,0.5,0.02024419813374403,1
602.569,0.5,0.04080072224542524,1
602.603,0.5,0.07101328545308297,1
602.636,0.5,0.04533745654795344,1
602.703,0.5,0.039297561083029606,1
602.736,0.5,0.04533745654795947,1
602.836,0.5,0.02024419813367426,1
602.936,0.5,0.020400361122719347,1
602.97,0.5,0.01980035050147694,1
603.003,0.5,0.09067491309590091,1
603.036,0.5,0.05748051120225844,1
603.07,0.5,0.01964878054145563,1
603.103,0.5,0.08350697972737627,1
603.136,0.5,0.040488396267335115,1
603.17,0.5,0.01964878054150827,1
603.203,0.5,0.040800722245438695,1
603.237,0.5,0.01980035050147694,1
603.303,0.5,0.02024419813366083,1
603.337,0.5,0.019648780541521332,1
603.437,0.5,0.039297561083029606,1
603.47,0.5,0.028740255601034943,1
603.504,0.5,0.039297561083029606,1
603.537,0.5,0.02024419813366083,1
603.57,0.5,0.02024419813367426,1
603.637,0.5,0.020244198133730573,1
603.704,0.5,0.027894953965730173,1
603.737,0.5,0.020400361122719347,1
603.77,0.5,0.020400361122719347,1
603.804,0.5,0.06256644065790669,1
603.837,0.5,0.020400361122719347,1
603.937,0.5,0.020400361122719347,1
603.971,0.5,0.01964878054150827,1
604.004,0.5,0.02024419813366083,1
604.071,0.5,0.039600701002940816,1
604.104,0.5,0.020400361122719347,1
604.204,0.5,0.020244198133730573,1
604.238,0.5,0.07122347384725775,1
604.271,0.5,0.02874025560112448,1
604.371,0.5,0.1025458705634671,1
604.705,0.5,0.16848663553392912,1
604.738,0.5,0.028740255601034943,1
604.771,0.5,0.14280252785950048,1
604.805,0.5,0.21780385551620715,1
604.838,0.5,0.12240216673627571,1
604.872,0.5,0.07920140200590776,1
604.905,0.5,0.06120108336814459,1
604.938,0.5,0.06073259440100938,1
604.972,0.5,0.10651593921382245,1
605.005,0.5,0.18471594681291506,1
605.072,0.5,0.10047939060445486,1
605.105,0.5,0.040800722245438695,1
605.138,0.5,0.10200180561356982,1
605.606,0.5,0.048929385234549205,1
606.106,0.5,0.03769986735479591,1
606.473,0.5,0.12108176716382943,1
606.507,0.5,0.13860245351031247,1
606.54,0.5,0.12240216673630264,1
606.874,0.5,0.32674840184238085,1
606.907,0.5,0.536555086706602,1
606.94,0.5,0.4159653044474752,1
607.007,0.5,0.33382221387751565,1
607.608,0.5,0.10306006526394358,1
607.641,0.5,0.10399132611187409,1
607.674,0.5,0.12240216673627571,1
607.708,0.5,0.05940105150443082,1
607.741,0.5,0.1847159468129002,1
607.774,0.5,0.12892478681013628,1
607.808,0.5,0.08160230791139196,1
607.841,0.5,0.040800722245438695,1
607.875,0.5,0.0712234738474959,1
607.908,0.5,0.14280252785900852,1
607.941,0.5,0.1847159468129002,1
607.975,0.5,0.21780385551620715,1
608.041,0.5,0.0940072652527612,1
608.075,0.5,0.13860245351031247,1
608.108,0.5,0.08160144449114505,1
608.141,0.5,0.06120108336814459,1
608.175,0.5,0.039600701002940816,1
608.208,0.5,0.0840751051207946,1
608.242,0.5,0.06256644065790669,1
608.308,0.5,0.7591445525650657,1
608.342,0.5,0.7638303381532056,1
608.375,1.0,0.7346919645270971,2
608.408,1.0,0.7732781662680114,2
608.442,0.5,0.4000232432041441,1
608.475,0.5,0.7079785782922133,1
608.509,0.5,1.6046318718532804,1
608.542,0.5,2.1229535820011742,1
608.575,0.5,2.623862341540816,1
608.609,0.5,2.390670344544359,1
608.642,0.5,1.3363887206943859,1
608.675,0.5,1.14172306771016,1
608.709,0.5,1.115798158628916,1
608.742,0.5,1.3081980544533047,1
608.775,0.5,0.661025878823628,1
608.809,0.5,0.5163068091497055,1
608.842,0.5,0.44020307429433575,1
608.876,0.5,0.15061643771512717,1
608.909,0.5,0.22639309499816734,1
608.942,0.5,0.5298107233298878,1
608.976,0.5,0.3569475195188725,1
609.009,0.5,0.46850820298691404,1
609.042,0.5,0.6467049941413613,1
609.076,0.5,0.7534659189730173,1
609.109,0.5,1.0807027033100305,1
609.142,1.0,1.4597373305891554,2
609.176,1.0,1.3924961468502708,2
609.209,1.0,0.8600480223867804,2
609.243,1.0,0.6896850725045103,2
609.276,1.0,0.903577994112463,2
609.309,1.0,0.9349105278585332,2
609.343,1.0,0.4989898959776004,2
609.376,1.0,0.8163393873465764,2
609.409,1.0,0.7250330485176979,2
609.443,1.0,0.7108378109724728,2
609.476,1.0,0.3542721256819699,2
609.51,1.0,0.3903356784014993,2
609.543,0.5,0.7762982195474161,1
609.576,0.5,0.8086739095710921,1
609.61,0.5,0.8085163654834299,1
609.643,0.5,1.1258708646883466,1
609.676,1.0,0.8348241264729548,2
609.71,1.0,0.6306527926733663,2
609.743,1.0,0.6728609143947435,2
609.81,0.5,1.3451959322251996,1
609.843,0.5,0.9021237846130923,1
609.91,0.5,0.20097350141414955,1
610.043,0.5,0.28080674765747315,1
610.077,0.5,0.1431288572636079,1
610.11,0.5,0.3043474581803747,1
610.143,0.5,0.13001724768227974,1
610.177,0.5,0.15933559974900485,1
610.21,0.5,0.16701395945417388,1
610.244,0.5,0.4879983243266246,1
610.344,0.5,0.13872392344932133,1
610.444,0.5,1.7960494319621918,1
610.477,0.5,1.390138860686786,1
610.511,0.5,0.7232616264796766,1
610.544,0.5,0.7279392827830804,1
610.577,0.5,0.7520581220221093,1
610.611,0.5,0.5012094055547393,1
610.644,0.5,0.2828616482180693,1
610.677,0.5,0.6040086354376688,1
610.711,0.5,0.6694788951773349,1
610.744,0.5,0.7243186657232784,1
610.777,0.5,1.0401379814582148,1
610.844,0.5,1.2640306219550579,1
610.878,0.5,1.032704436992946,1
610.911,0.5,0.9751569150108905,1
611.111,0.5,0.40195141853868543,1
611.144,0.5,0.4100112240014637,1
611.178,0.5,0.2772049070206184,1
611.211,0.5,0.27729185160150616,1
611.245,0.5,0.32319033319703444,1
611.378,0.5,0.685272034718888,1
611.411,0.5,0.9392429948181116,1
611.445,0.5,1.1256934002894228,1
611.478,0.5,1.22349632598769,1
611.512,0.5,0.7985926324212405,1
611.545,0.5,0.5904198650619065,1
611.578,0.5,0.41761417865067835,1
611.612,0.5,0.2801274496858005,1
611.645,0.5,0.2720698036498519,1
611.678,0.5,0.13664091058102526,1
611.712,0.5,0.16988968343692096,1
611.745,0.5,0.6173447185103933,1
611.778,0.5,0.9189086714440837,1
611.812,0.5,0.11480570255455173,1
611.845,0.5,0.39005174304683393,1
611.879,0.5,0.5301660226635582,1
611.912,0.5,0.2701970205611852,1
611.945,0.5,0.4674007671768598,1
611.979,0.5,0.8116604650637869,1
612.012,0.5,1.2474899358777614,1
612.045,0.5,0.6944763116932817,1
612.079,0.5,0.2686024802396848,1
612.112,0.5,0.41250253526197295,1
612.412,0.5,0.39517851451421965,1
612.98,0.5,0.04094144169423168,1
613.08,0.5,0.05426971205676919,1
613.113,0.5,0.04080072224542524,1
613.146,0.5,0.028740255601114886,1
613.213,0.5,0.009971022961365551,1
613.247,0.5,0.0278949539657209,1
613.28,0.5,0.02040036112270589,1
613.313,0.5,0.02040036112270589,1
613.347,0.5,0.07920140200590776,1
613.38,0.5,0.08407510512077171,1
613.413,0.5,0.12813465973910076,1
613.447,0.5,0.019648780541521332,1
613.48,0.5,0.1097436949475143,1
613.514,0.5,0.055789907931460346,1
613.547,0.5,0.07316520319404475,1
613.58,0.5,0.04080072224542524,1
613.647,0.5,0.028740255601025465,1
613.68,0.5,0.02040036112277617,1
613.714,0.5,0.04420735342315352,1
613.747,0.5,0.061201083368355426,1
613.78,0.5,0.0644623934050788,1
613.814,0.5,0.027894953965720972,1
613.847,0.5,0.028740255601025392,1
613.881,0.5,0.039600701002940816,1
613.914,0.5,0.12892478681014483,1
613.947,0.5,0.12406497483098845,1
613.981,0.5,0.08800800388727198,1
614.014,0.5,0.08622076680308584,1
614.047,0.5,0.1289247868101235,1
614.081,0.5,0.09900175250737164,1
614.181,0.5,0.04759601053489415,1
614.448,0.5,0.022517603241835566,1
614.481,0.5,0.020400361122719347,1
615.048,0.5,0.017277725841834256,1
615.082,0.5,0.11157981586288371,1
615.115,0.5,0.02024419813366083,1
615.148,0.5,0.04048839626734858,1
616.984,0.5,1.3478502880090264,1
617.017,0.5,1.822092038054855,1
617.05,0.5,0.3775822339230158,1
617.084,0.5,0.8677887303043688,1
617.117,0.5,1.546997682508982,1
617.15,0.5,0.9498901051522861,1
617.184,0.5,0.5174296106930935,1
617.217,0.5,0.35613950544689854,1
617.251,0.5,0.3960070100294604,1
617.284,0.5,0.35613443955485036,1
617.317,0.5,0.2863216293083126,1
617.351,0.5,0.21780385551620715,1
617.384,0.5,0.3283279025128688,1
617.417,0.5,0.5044685127468933,1
617.451,0.5,0.618731008721548,1
617.484,0.5,0.6181929507336327,1
617.518,0.5,0.5070454373992781,1
617.751,0.5,0.057480511202060415,1
617.885,0.5,0.7893302242985379,1
617.918,0.5,0.2652046945952977,1
618.018,0.5,0.08106118632728493,1
618.051,0.5,0.02024419813367429,1
618.085,0.5,0.3371789523255146,1
618.118,0.5,0.18360325010444722,1
618.151,0.5,0.04554697019384107,1
618.185,0.5,0.15840280401177634,1
618.218,0.5,0.26520469459528423,1
618.252,0.5,0.05894634162453785,1
618.285,0.5,0.552295836732934,1
618.318,0.5,0.16320288898171442,1
618.352,0.5,0.16901514579975987,1
618.385,0.5,0.045337456547959495,1
618.418,0.5,0.2040036112271531,1
618.452,0.5,0.3027982730906614,1
618.752,0.5,0.9543477073971919,1
618.785,0.5,0.4843806389913671,1
618.819,0.5,0.7393979213741884,1
618.852,0.5,0.8209656059336474,1
618.886,0.5,1.2972975084076954,1
618.919,1.0,1.130523604505277,2
618.952,0.5,1.229768195229369,1
618.986,0.5,0.8133637285527704,1
619.019,0.5,0.8638320297848696,1
619.052,1.0,0.6305139956620144,2
619.086,0.5,0.8789088925340056,1
619.119,0.5,0.8086739095710878,1
619.152,0.5,0.43899121916425754,1
619.186,1.0,0.45062037110856745,2
619.219,0.5,0.8337420426453379,1
619.253,1.0,0.29800304938703887,2
619.286,0.5,0.9237723280800169,1
619.319,0.5,1.851348741288221,1
619.353,0.5,0.8334037936715254,1
619.386,0.5,0.4121451596645907,1
619.419,0.5,0.9277215426589749,1
619.453,0.5,1.1173176011692794,1
619.486,0.5,1.7749468692692476,1
619.52,0.5,1.6994658048689149,1
619.553,1.0,0.8428240283055165,2
619.586,0.5,0.8524268928513435,1
619.62,1.0,0.462627741512355,2
619.653,0.5,1.3722106881724474,1
619.686,1.0,0.3883996177764258,2
619.72,1.0,0.14001640257507322,2
619.753,1.0,0.10035412022530052,2
619.786,1.0,0.40408189913621856,2
619.82,1.0,0.28082623937851364,2
619.853,1.0,0.15861517280304982,2
619.887,1.0,0.6713731072790601,2
619.92,0.5,0.6557955381194717,1
619.953,0.5,0.329231084842498,1
619.987,0.5,0.5005315252632453,1
620.02,0.5,0.7532595650045151,1
620.053,0.5,0.6925262313847248,1
620.087,0.5,0.4352809764669725,1
620.12,0.5,1.2674118976022746,1
620.153,0.5,0.6020021174406642,1
620.187,0.5,0.12041600498310147,1
620.22,0.5,0.48960866694517013,1
620.254,1.0,0.7877752084830816,2
620.287,0.5,0.673516230551037,1
620.32,0.5,0.6578146915970337,1
620.354,0.5,0.926906527345544,1
620.387,0.5,0.6849852382581577,1
620.42,0.5,0.7389814257251907,1
620.454,0.5,0.5697877907799673,1
620.487,0.5,0.937040902516448,1
620.521,0.5,1.3244837588720755,1
620.554,0.5,0.49336101869777266,1
620.587,0.5,0.7527128993525485,1
620.621,0.5,1.0944345834528206,1
620.654,0.5,0.596938163932546,1
620.687,0.5,1.074686551157403,1
620.721,0.5,0.33636850061509693,1
620.754,0.5,0.9292581724033865,1
620.787,0.5,0.9506094531316761,1
620.821,0.5,1.2558757226274175,1
620.854,0.5,1.0785019978717105,1
620.888,0.5,1.1144793428672994,1
620.921,0.5,0.857403307443011,1
620.954,0.5,0.7919503011720023,1
620.988,0.5,0.36969896068586605,1
621.021,0.5,0.3060054168417906,1
621.054,0.5,0.14843137200477471,1
621.088,0.5,0.356654252853154,1
621.121,0.5,0.5199566305593493,1
621.154,0.5,0.22802730766006304,1
621.188,0.5,0.5711890532759741,1
621.221,0.5,0.428885631869828,1
621.255,0.5,0.3192336003340875,1
621.288,0.5,0.26003449536455103,1
621.321,0.5,0.17413681688446495,1
621.355,0.5,0.2955522006907627,1
621.388,0.5,0.6733302109053829,1
621.421,0.5,0.4085091444912251,1
621.455,0.5,0.7649146648626608,1
621.488,0.5,0.4855211127124912,1
621.522,0.5,0.47481991970453313,1
621.555,0.5,0.5567302955395433,1
621.588,0.5,0.2935270437349321,1
621.622,0.5,0.6282928757982656,1
621.655,0.5,0.35613950544689743,1
621.688,0.5,0.37381380939180436,1
621.722,0.5,0.37671942510304995,1
621.755,0.5,0.27608751782554186,1
621.788,0.5,0.10974369494750308,1
621.822,0.5,0.06256644065791288,1
621.855,0.5,0.040488396267335115,1
621.889,0.5,0.15961680016704294,1
621.922,0.5,0.02874025560103972,1
621.955,0.5,0.24563995856747758,1
621.989,0.5,0.12041600498311003,1
622.022,0.5,0.028740255601034943,1
622.055,0.5,0.18218788077534012,1
622.089,0.5,0.1632046158222573,1
622.122,0.5,0.10399132611222837,1
622.155,0.5,0.040488396267335115,1
622.189,0.5,0.11157981586289302,1
622.222,0.5,0.30639174189697466,1
622.256,0.5,0.35452713910990846,1
622.289,0.5,0.7688079584345902,1
622.322,0.5,0.5500089657835043,1
622.356,0.5,0.4928131755546924,1
622.389,0.5,0.6086949163607488,1
622.422,0.5,0.7132303655797908,1
622.456,0.5,0.9450102167673624,1
622.489,0.5,0.908715009655189,1
622.523,0.5,0.23155066984576314,1
622.556,0.5,0.24774042417506642,1
622.589,0.5,0.377582233921719,1
622.623,0.5,0.6141252748736943,1
622.656,0.5,0.3677641110204364,1
622.689,0.5,0.3883698046532485,1
622.723,0.5,0.36732430736989197,1
622.756,0.5,0.028740255601025465,1
622.789,0.5,0.7385292721514295,1
622.823,0.5,0.5256479008866114,1
622.856,0.5,0.10200180561357655,1
622.89,0.5,0.33607890640753363,1
622.923,0.5,0.4159653044474765,1
622.956,0.5,0.29352704373493577,1
622.99,0.5,0.28813148683303197,1
623.023,0.5,1.6465727168786994,1
623.056,0.5,1.6166015741344677,1
623.09,0.5,0.6967837532137319,1
623.123,0.5,0.3264667728927227,1
623.156,0.5,0.26317457573857145,1
623.19,0.5,0.15719024433159282,1
623.223,0.5,0.24378544480171543,1
623.257,0.5,0.543656422884552,1
623.29,0.5,0.6041999158425602,1
623.323,0.5,0.7989555721403295,1
623.357,0.5,0.4788787940903109,1
623.39,0.5,0.1821878807747094,1
623.423,0.5,0.19139835962003945,1
623.457,0.5,0.1261932109858275,1
623.624,0.5,0.2097834659367974,1
623.657,0.5,0.14170938693566618,1
623.69,0.5,0.12406497483099507,1
623.724,0.5,0.12513288131580722,1
669.403,0.5,1.8233269683161635,1
669.436,0.5,1.3873722634115326,1
669.469,0.5,1.2144682838807443,1
669.503,0.5,1.1741542662606812,1
669.536,0.5,1.3274135372669078,1
669.57,0.5,1.021978920886971,1
669.603,0.5,1.3057800495399454,1
669.636,0.5,1.5740856668128032,1
669.67,0.5,2.9899174891671882,1
669.703,0.5,2.8357224585559466,1
669.736,0.5,2.4487965649923513,1
669.77,0.5,1.8613366589874494,1
669.803,0.5,1.7141085825854518,1
669.837,0.5,1.2696573890743899,1
669.87,0.5,1.1875426282523858,1
669.903,0.5,0.9189086714440841,1
669.937,0.5,0.7547188045118224,1
669.97,0.5,0.4468399330621263,1
670.003,0.5,1.8280321205654073,1
670.037,0.5,2.4315267626433674,1
670.07,0.5,1.179373671649909,1
670.103,0.5,0.7762703305175135,1
670.137,0.5,0.8493539393706272,1
670.17,0.5,0.9998226661470012,1
670.204,0.5,1.1201806402144394,1
670.237,0.5,1.4281687658853086,1
670.27,0.5,0.808135706836514,1
670.304,0.5,0.9219521608837603,1
670.337,0.5,0.8709792742145195,1
670.37,0.5,0.7298822152443571,1
670.404,0.5,0.5588100601144977,1
670.437,0.5,0.7930662084456715,1
670.47,0.5,1.6026829214376312,1
670.504,0.5,1.6075387592943495,1
670.537,0.5,2.4269264464142823,1
670.571,0.5,1.6210178417622367,1
670.604,0.5,1.2968877611917489,1
670.637,0.5,1.3185533131333156,1
670.671,0.5,0.6871185774789794,1
670.704,0.5,0.9182394370678684,1
670.737,0.5,0.40060550158880187,1
670.771,0.5,0.16320461582279977,1
670.804,0.5,0.040800722245438695,1
670.838,0.5,0.07859512216605921,1
670.871,0.5,0.5801615406456112,1
670.904,0.5,0.1833363219278442,1
670.938,0.5,0.15416161681345494,1
670.971,0.5,0.20066737248021732,1
671.004,0.5,0.7188602618079916,1
671.038,0.5,1.4733278626681956,1
671.071,0.5,2.44566576889023,1
671.104,0.5,1.8716688484290356,1
671.138,0.5,0.9914756539818592,1
671.171,0.5,2.482672309751983,1
671.205,0.5,0.9511332601456394,1
671.238,0.5,0.3923359873552279,1
671.271,0.5,0.15436036716490625,1
671.305,0.5,0.06218299663813508,1
671.338,0.5,0.22802730766008952,1
671.371,0.5,0.43031659031300074,1
671.405,0.5,0.08800800388727203,1
671.438,0.5,0.28386478997449377,1
671.471,0.5,2.2165913617548645,1
671.505,0.5,0.7534388502061136,1
671.538,0.5,0.7918922202154633,1
671.572,0.5,0.7248752305127467,1
671.605,0.5,0.6041999158425472,1
671.638,0.5,0.3465614854819886,1
671.672,1.0,0.6560650474536988,2
671.705,1.0,0.2290684352903556,2
671.738,1.0,0.7152668084884304,2
671.772,0.5,0.7560460492147216,1
671.805,0.5,0.06446239340529022,1
671.839,0.5,0.4544565683350513,1
671.872,0.5,0.9771686904382884,1
674.675,0.5,0.7929883393070589,1
674.708,0.5,0.5715687351183815,1
674.741,0.5,0.5726432586166252,1
674.775,0.5,0.3964941696535291,1
674.808,0.5,0.40992273174312105,1
674.842,0.5,0.6336649584273253,1
674.875,0.5,0.9981836998654718,1
674.908,0.5,1.390305723246952,1
674.942,0.5,1.8677056176641893,1
674.975,0.5,1.8895626675785628,1
675.008,0.5,2.172559176433989,1
675.042,0.5,2.0593545033256224,1
675.075,0.5,1.9591199512710271,1
675.108,0.5,0.9446390690396316,1
675.142,0.5,0.5046637884827384,1
675.175,0.5,0.32890734579964326,1
675.209,0.5,0.3960070100294604,1
675.242,0.5,0.43191601489243703,1
675.275,0.5,0.3006910048223446,1
675.309,0.5,0.2575969210596039,1
675.342,0.5,0.30867235925519715,1
675.375,0.5,0.5097040289162977,1
675.409,0.5,0.49598786294314867,1
675.442,0.5,0.548642370965811,1
675.475,0.5,0.7051240057689206,1
675.509,0.5,0.8789088925340101,1
675.542,0.5,1.2075498616108813,1
675.576,0.5,1.245811977803198,1
675.609,0.5,0.8216989889007393,1
675.642,0.5,0.5989102199192843,1
675.676,0.5,1.6417364928998694,1
675.709,0.5,1.258927124696101,1
675.742,0.5,0.6022316462001126,1
675.776,0.5,0.3905293555201325,1
675.809,0.5,0.38090195949553035,1
675.843,0.5,0.2213206221408064,1
675.876,0.5,0.2659762350163273,1
675.909,0.5,0.41001122400146306,1
675.943,0.5,0.6141252748736938,1
675.976,0.5,0.14676352186746694,1
676.009,0.5,0.25626931947819526,1
676.043,0.5,0.6809042211903515,1
676.076,0.5,0.5027861523361727,1
676.109,0.5,1.387815290288265,1
676.143,0.5,1.4817819224690287,1
676.176,0.5,0.8530160202982278,1
676.21,0.5,0.9856749443235904,1
676.243,0.5,0.6044498279060616,1
676.276,0.5,1.298073014592189,1
676.31,0.5,0.7530821885756386,1
676.343,0.5,0.781489581867564,1
676.376,0.5,1.6363595924749395,1
676.41,0.5,1.8880151858951024,1
676.476,0.5,0.5829909759656311,1
676.51,0.5,0.3905293555201302,1
676.543,0.5,0.10325630094970736,1
676.577,0.5,0.06256644065790669,1
676.61,0.5,0.3097689028491208,1
689.79,0.5,0.4568060115328476,1
689.823,0.5,0.43191601489243264,1
689.857,0.5,0.2210367671165417,1
689.89,0.5,0.6327178169516559,1
689.923,0.5,0.29169731251092373,1
689.957,0.5,0.4195669318736033,1
689.99,0.5,0.21285187670395417,1
690.023,0.5,0.2817937726880131,1
690.057,0.5,0.05894634162453788,1
690.09,0.5,0.10172140269220797,1
690.123,0.5,0.22668728273978841,1
690.157,0.5,0.5293364280064798,1
690.19,0.5,0.3626996523836608,1
690.224,0.5,0.6346448081825674,1
690.257,0.5,0.39006450458057795,1
690.29,0.5,2.4437369674983294,1
690.324,0.5,1.0639182325821548,1
690.357,0.5,1.2352070077023718,1
690.39,0.5,0.6910182557214714,1
690.424,0.5,0.18769932197371186,1
690.457,0.5,0.1920439322755596,1
690.49,0.5,0.20300555198947656,1
690.524,0.5,0.15061643771513064,1
690.557,0.5,0.1097436949475006,1
692.459,0.5,0.4006055015901673,1
692.492,0.5,0.16445367289926177,1
693.093,0.5,0.15883318095920548,1
693.126,0.5,0.16445367289926177,1
693.16,0.5,0.30056289157626964,1
693.193,0.5,1.0973387814122293,1
693.227,0.5,1.1216810563721105,1
693.26,0.5,0.7432334098037435,1
693.293,0.5,0.6758006948000962,1
693.327,0.5,0.42433505082008194,1
693.36,0.5,0.568304059871735,1
693.393,0.5,0.5997059835977612,1
693.427,0.5,0.27394880995073656,1
693.46,0.5,0.24839288182112182,1
693.493,0.5,0.1281346597391093,1
693.527,0.5,0.07122347384749231,1
693.56,0.5,0.16416395125699956,1
693.594,0.5,0.019800350501410734,1
693.627,0.5,0.06446239340528172,1
693.66,0.5,0.02024419813366083,1
693.694,0.5,0.225639514865275,1
693.727,0.5,0.13001724768228395,1
693.76,0.5,0.9112173065938609,1
693.794,0.5,1.3570665219196603,1
693.827,0.5,1.0187649429289816,1
693.861,0.5,1.2200446525273043,1
693.894,1.0,0.822547326733082,2
693.927,1.0,0.6805637976030956,2
693.961,1.0,0.44148361182504253,2
693.994,1.0,0.5984652543508429,2
694.027,1.0,0.5898821197217232,2
694.061,1.0,0.3499878870355797,2
694.094,1.0,0.3238971227036283,2
694.127,1.0,0.2810302459362096,2
694.161,1.0,0.18315755588185179,2
694.194,1.0,0.24785984478849993,2
694.228,0.5,0.08841470684661432,1
694.261,0.5,0.19139835962003945,1
694.294,0.5,0.16701395945417555,1
694.328,0.5,0.5907921247034857,1
694.361,0.5,1.4828868289267263,1
694.394,0.5,1.3165052722277282,1
694.428,0.5,1.1987391517907329,1
694.461,0.5,0.9130423745411013,1
694.494,0.5,0.9717215104160294,1
694.528,0.5,0.7490127994725352,1
694.561,0.5,0.63054726699565,1
694.595,0.5,0.6300068111782456,1
694.628,0.5,0.25410908080750455,1
694.661,1.0,0.1821878807753521,2
694.695,1.0,0.5097849512335129,2
694.728,1.0,0.3343052432310516,2
694.761,0.5,0.07316520319403734,1
694.795,1.0,0.43399387281937885,2
694.828,1.0,0.2215965751988315,2
694.862,1.0,0.49221461925436083,2
694.895,1.0,1.9144489222319816,2
694.928,1.0,2.090863528097736,2
694.962,1.0,1.5821086789399084,2
694.995,1.0,0.440016772214339,2
695.028,1.0,0.7551408616408051,2
695.062,1.0,0.5242649212260266,2
695.095,1.0,0.4869923240921257,2
695.128,1.0,0.2775827389275312,2
695.162,1.0,0.11083293294762453,2
695.195,1.0,0.17587673017300004,2
695.229,1.0,0.14176784266379505,2
695.262,1.0,0.2772165428127144,2
695.295,1.0,0.13631283824252766,2
695.329,1.0,0.1212030089143505,2
695.362,1.0,0.12905457618855953,2
695.395,1.0,0.1295956786791482,2
695.429,1.0,0.11468497022628515,2
695.462,1.0,0.3025166022371897,2
695.495,1.0,0.3236724463258187,2
695.529,1.0,0.5133231902495203,2
695.562,1.0,0.9334981066959954,2
695.596,1.0,0.5702057201278317,2
695.629,1.0,0.8814045199623544,2
695.662,1.0,0.7023631185745247,2
695.696,1.0,0.3270277121847393,2
695.729,1.0,0.16420434271599665,2
695.762,1.0,0.40404744093638617,2
695.796,1.0,0.24505113203022544,2
695.829,0.5,0.49996233428273407,1
695.863,0.5,0.33717895232438716,1
695.896,0.5,0.18801453050617012,1
695.929,0.5,0.07316520319405226,1
695.963,0.5,0.33568604819325504,1
695.996,0.5,0.6584621696850135,1
696.029,0.5,1.410248011537822,1
696.063,0.5,1.2974240139306652,1
696.096,0.5,1.376605473089367,1
696.129,0.5,0.9747693589819507,1
696.163,0.5,1.2189461744992054,1
696.196,0.5,1.0055723046723455,1
696.23,1.0,0.6189029479263295,2
696.263,0.5,0.31197397833559853,1
696.296,0.5,0.781489581867577,1
696.33,0.5,1.230620667169499,1
696.363,0.5,2.244404952514664,1
696.396,1.0,0.8367576276301529,2
696.43,0.5,0.6104703582314357,1
696.463,1.0,0.8132188628532555,2
696.496,1.0,0.8835178351595063,2
696.53,1.0,1.0469933208090012,2
696.563,1.0,0.7269621784327103,2
696.597,1.0,1.2956107776433874,2
696.63,1.0,1.3864520688153583,2
696.663,1.0,0.9837949969846601,2
696.697,1.0,0.7242216331910075,2
696.73,1.0,0.8670153477154008,2
696.763,1.0,0.7446131809791149,2
696.797,1.0,0.8613152468140803,2
696.83,1.0,1.6728296120626567,2
696.864,1.0,1.3563240093509026,2
696.897,1.0,0.8671946595565878,2
696.93,1.0,0.4790961604073574,2
696.997,1.0,0.7295143030191363,2
697.03,1.0,1.1651091606379753,2
697.064,0.5,1.2673747539618003,1
697.097,1.5,0.8763029707005379,3
697.164,1.0,0.8942665763796429,2
697.197,0.5,2.717912443220474,1
697.231,1.0,1.9158901522007263,2
697.264,1.0,1.103299043881846,2
697.297,0.5,0.934279243442017,1
697.331,0.5,0.7896762257198674,1
697.364,0.5,0.13836471032808517,1
697.397,1.0,1.1543661926257096,2
697.431,0.5,0.9902124895847993,1
697.464,0.5,1.2133833773794633,1
697.497,0.5,0.5005086729242496,1
697.531,0.5,0.20527041334954135,1
697.564,0.5,0.17244153360617642,1
697.598,0.5,0.0985174002302472,1
697.631,0.5,0.22802730766007748,1
697.664,0.5,0.14843137200478768,1
697.698,0.5,0.47572487508191613,1
697.731,0.5,0.5202782222429806,1
697.764,0.5,0.5097040289163005,1
697.798,0.5,0.6363472670575732,1
697.831,0.5,1.1064827299319488,1
697.865,0.5,1.2831678824232398,1
697.898,0.5,1.2955211015149215,1
697.931,0.5,0.964094118093274,1
697.965,0.5,0.7571592659149753,1
697.998,0.5,1.0574536445271794,1
698.031,1.0,1.082682306632646,2
698.065,1.0,0.5066793851954632,2
698.098,0.5,0.31653839587917626,1
698.131,0.5,0.7029914943049633,1
698.165,1.0,1.3381764514347636,2
698.198,1.0,0.4384953829605356,2
698.232,1.0,0.5155080880377891,2
698.265,1.0,0.26512976588529164,2
698.298,0.5,0.8050194763988274,1
698.332,0.5,0.7985926324212405,1
698.365,1.0,1.051592222202843,2
698.398,1.0,1.3406500759545183,2
698.432,1.0,1.4587198199691547,2
698.465,1.0,1.5234743864159999,2
698.498,1.0,1.5250431711308983,2
698.532,0.5,1.1728064915253542,1
698.565,0.5,2.0190713356347287,1
698.599,0.5,1.2026574105519332,1
698.632,0.5,0.14317026604628758,1
698.665,0.5,0.6239479566712127,1
698.699,0.5,0.5128267168983285,1
698.732,0.5,0.20400361122715985,1
698.765,0.5,0.08350697972709999,1
698.799,0.5,0.027894953965716337,1
698.832,0.5,0.28634053209157345,1
698.866,0.5,0.16901514579975987,1
698.899,0.5,0.1039913261118675,1
698.932,0.5,0.6179721642393708,1
698.966,0.5,1.946309003984018,1
698.999,1.0,1.2292837801935252,2
699.032,0.5,0.8071003737908253,1
699.066,0.5,1.0520066029235298,1
699.099,0.5,0.6536685002431674,1
699.132,0.5,0.4649541518448979,1
699.166,0.5,0.26038702737162917,1
699.199,0.5,0.155180572191781,1
699.233,0.5,0.319233600334068,1
699.266,0.5,0.16320288898172786,1
699.299,0.5,0.13001724768227552,1
699.333,0.5,0.32224286565586335,1
699.366,0.5,1.0703603435436244,1
699.399,0.5,1.6862365832143988,1
699.433,0.5,1.4880231757578006,1
699.466,0.5,0.8790639597337326,1
699.499,0.5,0.872649257999136,1
699.533,0.5,1.0814082532720672,1
699.566,0.5,0.8965659600843497,1
699.6,0.5,0.35423186862985867,1
699.633,0.5,0.10913472356509374,1
699.666,0.5,0.1149610224041065,1
699.7,0.5,0.16320461582281245,1
699.733,0.5,0.08622076680338284,1
699.766,0.5,0.28995133037834553,1
699.8,0.5,0.07920140200588817,1
699.833,0.5,0.5469739158047279,1
699.867,0.5,1.9272086283963354,1
699.9,0.5,2.2688181249800756,1
699.933,0.5,1.8426737929856887,1
699.967,0.5,1.356344084484191,1
700.0,0.5,1.3565146821665464,1
700.033,0.5,0.8505010212683742,1
700.067,0.5,0.4665805480650409,1
700.1,0.5,0.2863216293083189,1
700.133,0.5,0.15883318095919077,1
700.167,0.5,0.01980035050146388,1
700.2,0.5,0.040488396267335115,1
700.234,0.5,0.300562891576271,1
700.267,0.5,0.40360893504799816,1
700.3,0.5,1.811144759991506,1
700.334,0.5,2.9097042592914875,1
700.367,0.5,2.2291966761724042,1
700.4,0.5,0.8944746772136779,1
700.434,0.5,0.27894953965722785,1
700.467,0.5,0.06120108336815132,1
700.567,0.5,0.17503785566214317,1
700.601,0.5,0.12513288131582168,1
700.634,0.5,0.1300172476822892,1
700.667,0.5,0.16445367289924923,1
700.701,0.5,0.16901514579976443,1
700.734,0.5,0.22773485096839655,1
700.767,0.5,0.10200180561357655,1
700.801,0.5,0.20186551539377084,1
700.834,0.5,0.08407510512107443,1
700.868,0.5,0.1424469476945083,1
700.901,0.5,0.08407510512107118,1
700.934,0.5,0.10399132611187671,1
700.968,0.5,0.2654758533584052,1
701.168,0.5,0.4583784534940791,1
702.436,0.5,0.8532091373892225,1
702.469,0.5,0.06446239340507026,1
702.536,0.5,0.8868351946813938,1
702.569,0.5,0.4875708896017523,1
702.603,0.5,1.560789225710687,1
702.636,0.5,0.5715687351183947,1
702.669,0.5,0.24480433347257835,1
702.703,0.5,0.2213206221408064,1
702.736,0.5,0.23856735681060437,1
702.769,0.5,0.36776411101918316,1
702.803,0.5,0.32224286565585697,1
702.836,1.0,0.46580237331169216,2
702.87,1.0,0.17874313968059802,2
702.903,1.0,0.47063609582362675,2
702.936,1.0,0.2822178714523658,2
702.97,1.0,0.7135876427032983,2
703.003,0.5,1.9233070182273073,1
703.036,0.5,1.308198054457829,1
703.07,0.5,1.3766149889087642,1
703.103,0.5,0.9784168042422928,1
703.136,0.5,0.6944763116932924,1
703.17,0.5,0.42317012453623487,1
703.203,0.5,0.34680613908614816,1
703.237,0.5,0.08160230791140781,1
703.27,0.5,0.3264057779634423,1
703.303,0.5,0.1039913261118754,1
703.337,0.5,0.1204160049831036,1
703.37,0.5,0.32832790251286803,1
703.403,0.5,0.2916973125109148,1
703.437,0.5,0.41318305477856077,1
703.47,0.5,0.44926428612085806,1
703.504,0.5,0.5520189605148971,1
703.537,0.5,0.5010166721304712,1
703.57,0.5,0.8110503187018328,1
703.604,0.5,1.0523904173771375,1
703.637,0.5,1.3508769117979997,1
703.67,0.5,0.9630162008892968,1
703.704,0.5,0.8174614888665312,1
703.737,0.5,0.8750919375327595,1
703.77,0.5,0.6618709729669459,1
703.804,0.5,0.928122018247938,1
703.837,0.5,0.5418853862142224,1
703.871,0.5,0.16901514579974763,1
703.904,0.5,0.29686274400957535,1
703.937,1.0,0.9370873522747165,2
703.971,0.5,0.32640923164561547,1
704.004,0.5,0.6353206807088262,1
704.037,0.5,0.7405129906690059,1
704.071,0.5,0.7649146648626571,1
704.104,0.5,1.5387404523897286,1
704.137,0.5,1.945663522483333,1
704.171,0.5,1.869754145988367,1
704.204,0.5,1.1748721650929366,1
704.238,0.5,1.7596489033679215,1
704.271,0.5,1.2252649896392414,1
704.304,0.5,1.0071088383399958,1
704.338,0.5,0.8926385269031211,1
704.371,0.5,0.819845463486236,1
704.404,0.5,0.8381690399772544,1
705.939,0.5,1.350770771562069,1
705.973,0.5,1.158425751001511,1
706.006,0.5,0.5415766251555169,1
706.039,0.5,0.7230030267962627,1
706.073,0.5,0.3564063090265131,1
706.106,0.5,0.5739077156002117,1
706.139,0.5,0.6268120432211739,1
706.173,0.5,0.3888229868364579,1
706.206,0.5,0.6123455626535965,1
706.24,0.5,0.6757876563308682,1
706.273,0.5,0.8261905983764043,1
706.306,0.5,0.7140126392950426,1
706.34,0.5,0.7920140200589209,1
706.373,0.5,0.7681757291022463,1
706.406,0.5,1.0404184172620625,1
706.44,0.5,1.1199061302295907,1
706.473,0.5,0.2277348509691811,1
706.507,0.5,0.6166347783354617,1
706.54,0.5,0.2884606699083875,1
706.573,0.5,0.7572527047047753,1
706.607,0.5,0.5861876814023307,1
706.64,0.5,0.4168710213226735,1
706.673,0.5,0.2649053616649408,1
706.707,0.5,1.2732832266038094,1
706.74,0.5,1.2255274334736763,1
706.773,0.5,0.719982033191531,1
706.807,0.5,0.7130833773356229,1
706.84,0.5,0.5104106545408597,1
706.874,0.5,0.48166401993240915,1
706.907,0.5,0.7566759460870337,1
706.94,0.5,1.6179193279128974,1
706.974,0.5,0.4469761466587386,1
707.007,0.5,0.4964524567382283,1
707.04,0.5,0.324548963334018,1
707.074,0.5,0.24873198655255277,1
707.107,0.5,0.04554697019367808,1
707.14,0.5,0.028740255601034943,1
707.174,0.5,0.08160230791140781,1
707.207,0.5,0.2088070893253366,1
707.241,0.5,0.1596168001670316,1
707.274,0.5,0.34174028272914847,1
707.307,0.5,0.10913472356508125,1
707.341,0.5,0.08368486189716277,1
707.374,0.5,0.17413681688446966,1
707.407,0.5,0.29942180828662074,1
707.441,0.5,0.23740995985226274,1
707.474,0.5,0.46386077132948866,1
707.508,0.5,0.5924488197402139,1
707.541,0.5,0.2841520299358603,1
707.574,0.5,0.7618039189936722,1
707.608,0.5,1.0465759693976575,1
707.641,0.5,1.2186880803769409,1
707.674,0.5,0.19204393227555386,1
707.708,0.5,0.17601600777454993,1
711.812,0.5,0.8074086267225784,1
711.845,0.5,0.8162094109495214,1
711.879,0.5,0.9380542125283162,1
711.912,0.5,0.2634758750080428,1
711.945,0.5,1.0440430878896172,1
711.979,0.5,0.9339294481419527,1
712.012,0.5,0.6924184060073268,1
712.045,0.5,0.8781494139849839,1
712.079,0.5,0.9488620462052164,1
712.112,0.5,1.2363859014672633,1
712.145,0.5,1.1027394589861095,1
712.179,0.5,1.3807634872621475,1
712.212,0.5,0.8415287203544763,1
712.246,0.5,0.7632713391531686,1
712.279,0.5,1.0619678674383304,1
712.312,0.5,0.8483344140691815,1
712.346,0.5,2.297176812379474,1
712.379,0.5,1.153842679633527,1
712.412,0.5,0.9462449625238591,1
712.446,0.5,0.43270379366043316,1
712.479,0.5,1.0625558472799763,1
712.513,0.5,0.5474540741194066,1
712.546,0.5,1.373381060714414,1
712.579,0.5,1.7165565697897738,1
712.613,0.5,1.9101843090968955,1
712.646,0.5,1.7290706584479594,1
712.679,0.5,0.8906287470580262,1
712.713,1.0,1.2592182127044889,2
712.746,1.0,1.2875757608264506,2
712.779,1.0,1.4395100961344758,2
712.813,1.0,0.48913407476812476,2
712.846,1.0,1.020712641478756,2
712.88,1.0,1.5748446577725246,2
712.913,1.0,1.6876170594850781,2
712.946,1.0,1.2799789752374018,2
712.98,1.0,0.8375502129677341,2
713.013,1.0,1.6332990413150126,2
713.046,0.5,1.4316081465415496,1
713.08,1.0,1.2221362460046907,2
713.113,1.0,0.7387730366120295,2
713.146,1.0,1.9516770877407617,2
713.18,1.0,0.632403558184198,2
713.213,1.0,1.7469241724218856,2
713.247,1.0,1.73336101120233,2
713.28,1.0,1.4859354727218683,2
713.313,1.0,1.570768088427795,2
713.347,1.0,1.5257278757985926,2
713.38,0.5,1.2266973070415954,1
713.413,1.0,1.7160593321543853,2
713.447,1.0,1.4104937536987219,2
713.48,0.5,1.3518916129339502,1
713.514,0.5,1.5053396656829243,1
713.547,1.0,1.4050131921060265,2
713.58,1.0,2.2520345519868203,2
713.614,1.0,1.3661830869330958,2
713.647,1.0,1.3680891692666792,2
713.68,1.0,1.131899431110837,2
713.714,1.0,1.284302774746093,2
713.747,0.5,0.9942790577040295,1
713.78,0.5,0.9057969292248084,1
713.814,0.5,1.1688814544347785,1
713.847,0.5,1.2649843891577102,1
713.881,0.5,1.5505397318569922,1
713.914,0.5,1.7789829547416636,1
713.947,0.5,1.9601080554128583,1
714.047,0.5,2.269206071972583,1
725.526,0.5,0.7534388502060999,1
725.559,0.5,0.02874025560103017,1
725.592,0.5,0.12406497483099507,1
725.626,0.5,0.5372049604793854,1
725.659,0.5,0.4771347136212322,1
725.692,0.5,0.6540659277045314,1
725.726,0.5,1.2876225926984926,1
725.759,0.5,0.8373941950961445,1
725.792,0.5,0.4492642861208513,1
725.826,0.5,0.6339158048806649,1
725.859,0.5,0.5919567372699284,1
725.893,0.5,0.6339158048806653,1
725.926,0.5,2.0702625000214785,1
725.959,0.5,1.4870434468171863,1
725.993,0.5,1.6259683429799912,1
726.026,0.5,1.6719507589753915,1
726.059,0.5,1.2004819592159763,1
726.093,0.5,0.6992843268406195,1
726.126,0.5,0.46554171657371346,1
726.159,0.5,0.42570375340791217,1
726.193,0.5,0.30160550165740296,1
726.226,0.5,0.6344529667565386,1
726.26,0.5,1.0156000923780597,1
726.293,0.5,0.9233484688615333,1
726.326,0.5,1.4375475516020455,1
726.36,0.5,1.5225566913619946,1
726.393,0.5,1.4941253675083233,1
726.426,0.5,1.8322766350637443,1
726.46,0.5,1.9095887662993958,1
726.493,0.5,2.752402707853376,1
726.527,0.5,0.7663024411190708,1
726.56,0.5,0.9121092306434275,1
726.593,0.5,1.1943315799023442,1
726.627,0.5,0.209783465936801,1
726.66,0.5,0.23149210389776714,1
726.693,0.5,0.3217601004466928,1
726.727,0.5,0.3174143472686101,1
726.76,0.5,0.7558984859042396,1
726.793,0.5,1.0904661287611177,1
726.827,0.5,0.6032110033148059,1
726.86,0.5,0.47649954287760693,1
726.894,0.5,1.074153452866604,1
726.927,0.5,2.2024230893487147,1
726.96,0.5,1.5310106649843667,1
726.994,0.5,0.8800078376874004,1
727.027,0.5,0.7193016012722631,1
727.06,0.5,1.0358035461897943,1
727.094,0.5,1.7649676052917571,1
727.127,0.5,0.49127991713663366,1
727.16,0.5,0.47312248126193623,1
727.194,1.0,0.345659897215247,2
727.227,1.0,0.29592273320952794,2
727.261,1.0,0.7484141772040975,2
727.294,1.0,0.3080197568448411,2
727.327,1.5,0.45750059302448953,3
727.361,1.5,0.6031430582367246,3
727.394,1.5,0.4868439908579825,3
727.427,1.5,0.4659215136355579,3
727.461,1.5,0.7144582327394599,3
727.494,1.0,0.3880770903595264,2
727.528,0.5,1.4882724681029975,1
727.561,0.5,0.5418853862141981,1
727.594,0.5,0.2649053616649408,1
727.628,0.5,0.3016055016573974,1
727.661,0.5,0.18801453050617012,1
727.694,0.5,0.3103611443824857,1
729.93,0.5,1.3681728065853538,1
729.963,0.5,1.8008161177519793,1
729.997,0.5,1.0562710024060211,1
730.03,0.5,0.7116804963847255,1
730.063,0.5,1.1446732976466498,1
730.097,0.5,1.7695459793882962,1
730.13,0.5,1.0913472356508827,1
730.163,0.5,2.2478198938432623,1
730.197,0.5,2.1780205689065926,1
730.23,0.5,2.390955912261666,1
730.264,0.5,1.3303957980239693,1
730.297,0.5,0.5082181616150058,1
730.33,0.5,0.5331092958652298,1
730.364,0.5,0.3186711994980218,1
730.397,0.5,0.26827754335331433,1
730.43,0.5,0.264905361665856,1
730.464,0.5,0.22563951486452852,1
730.497,0.5,0.3917531497167635,1
730.531,0.5,0.7327153726272307,1
730.564,0.5,0.50304932851978,1
730.597,0.5,0.4470214910699754,1
730.631,0.5,1.077648387285632,1
730.664,0.5,2.313601981265782,1
730.697,0.5,1.883704892598007,1
730.731,0.5,0.6727370012302155,1
730.764,0.5,0.7376274040261036,1
730.797,0.5,0.6711296820431545,1
730.831,0.5,0.20956958995108904,1
730.864,0.5,0.2600344953645542,1
730.898,0.5,0.15840280401178286,1
730.931,0.5,0.0809767925346635,1
730.964,0.5,0.10325630094970209,1
730.998,0.5,0.1698896834369103,1
731.031,0.5,0.19139835962069884,1
731.064,0.5,0.7158513302289289,1
731.098,0.5,0.7686012725626126,1
731.131,0.5,0.2449357117194729,1
731.164,0.5,1.1053019236024086,1
731.198,0.5,0.9757338300685449,1
731.231,0.5,0.9676990942385745,1
731.265,0.5,0.158715205135987,1
731.298,0.5,0.6328531259725565,1
731.331,0.5,0.9491602953853467,1
731.365,0.5,0.6865811380043152,1
760.36,0.5,1.5551769251273586,1
760.394,0.5,1.307413859305882,1
760.427,0.5,1.3878152902882384,1
760.46,0.5,1.3284936928016884,1
760.494,0.5,1.1894825089605887,1
760.527,0.5,1.082923485594551,1
760.561,0.5,1.0100090179834202,1
760.594,0.5,0.8483344140691881,1
760.627,0.5,0.5801091969284434,1
760.661,0.5,0.45710042749610186,1
760.694,0.5,0.47095195560171027,1
760.727,0.5,0.36127577701768,1
760.761,0.5,0.29959376045379266,1
760.794,0.5,0.3746412263132988,1
760.827,0.5,0.32231196702534287,1
760.861,0.5,0.24480692373420446,1
760.894,0.5,0.36943189362581524,1
760.928,0.5,0.35694751951887177,1
760.961,0.5,0.4999623342810012,1
760.994,0.5,1.3470324611020745,1
761.028,0.5,0.5163068091497065,1
761.061,0.5,0.4900270138532315,1
761.094,0.5,0.8182713622767134,1
761.128,0.5,0.5745462449976844,1
761.161,0.5,0.4900270138548922,1
761.195,0.5,0.6166347783334245,1
761.228,0.5,0.4528984646139662,1
761.261,0.5,0.4085091444912258,1
761.295,0.5,0.4048243323250434,1
761.328,0.5,0.38408786455113053,1
761.361,0.5,2.0905469729480064,1
761.395,0.5,1.9582864173556287,1
761.428,0.5,1.874581688411672,1
761.461,0.5,0.9628729275320117,1
761.495,0.5,0.2654758533584052,1
761.528,0.5,0.37494721790474,1
761.562,0.5,0.25026576263162265,1
761.595,0.5,0.1681502102415663,1
761.628,0.5,0.1681502102415663,1
761.662,0.5,0.1264062507466727,1
761.695,0.5,0.08622076680306684,1
761.728,0.5,0.0910939403876941,1
761.762,0.5,0.5795640657360221,1
761.795,0.5,0.43031659031300074,1
761.828,0.5,1.1757574060878249,1
761.862,0.5,1.8622058745059946,1
761.895,0.5,1.6230711968779281,1
761.929,0.5,1.8207618562698284,1
761.962,0.5,1.4577250206385692,1
761.995,0.5,0.9112173065938545,1
762.029,0.5,1.0612188839901138,1
762.062,0.5,0.5500089657835059,1
762.095,0.5,0.19963673997309744,1
762.129,0.5,0.10592487875443571,1
762.162,0.5,0.8097679253466888,1
762.196,0.5,0.5348624703738006,1
762.229,0.5,0.17313155784618914,1
762.262,0.5,0.10150277599507784,1
762.296,0.5,0.08160230791113181,1
762.329,0.5,0.1996367399737784,1
762.362,0.5,0.21149072890542517,1
762.396,0.5,0.2366152846598488,1
762.429,0.5,0.028740255601034943,1
762.462,0.5,1.404130181271965,1
762.496,0.5,1.8670541692346632,1
762.529,0.5,1.0544758364423172,1
762.563,0.5,0.9254011157339651,1
762.596,0.5,0.3340279189083445,1
762.629,0.5,0.6086949163607426,1
762.663,0.5,0.21184975750884347,1
762.696,0.5,0.17503785566214708,1
762.729,0.5,0.17413681688447524,1
762.763,0.5,0.16901514579976218,1
762.796,0.5,0.06406732986955464,1
762.829,0.5,0.250520939182119,1
762.863,0.5,0.29061528451271923,1
762.896,0.5,0.33769269289168097,1
762.93,0.5,0.2528125014933189,1
762.963,0.5,0.31036114438245826,1
762.996,0.5,0.5351801717718166,1
763.03,0.5,1.0481399838868546,1
763.063,0.5,1.125784193253367,1
763.096,0.5,0.9751417792035192,1
763.13,0.5,0.669203192137434,1
763.263,0.5,0.5807217183008236,1
765.632,0.5,0.6753853857833529,1
765.666,0.5,0.6503689853726811,1
767.534,0.5,2.229080149158145,1
767.568,0.5,1.615559552160827,1
767.601,0.5,1.395899201957937,1
767.634,0.5,1.4396014130641732,1
767.668,0.5,1.1103853559966992,1
767.701,1.0,0.5721179881079239,2
767.734,0.5,0.45063053764465416,1
767.768,0.5,0.26038702737251274,1
767.801,0.5,0.2720698036498373,1
767.835,0.5,0.5163068091497065,1
767.868,0.5,0.38275770642099705,1
767.901,0.5,0.17413681688507587,1
767.935,0.5,1.176484532720513,1
767.968,0.5,0.9235797340645254,1
768.001,0.5,1.273806599141149,1
768.035,0.5,1.2562304529142696,1
768.068,0.5,1.3479930210994002,1
768.101,0.5,1.67150915050404,1
768.135,0.5,1.2894203488966707,1
768.168,0.5,0.8199001056884175,1
768.202,0.5,0.5300041253487303,1
768.235,0.5,0.7509160689076538,1
768.268,0.5,0.21614054066200664,1
768.302,0.5,0.14244694769497734,1
768.335,0.5,0.17503785566215804,1
768.368,0.5,0.576131796826681,1
768.402,0.5,0.4069802388209515,1
768.435,0.5,0.5801091969284446,1
768.468,0.5,0.5761317968266845,1
768.502,0.5,0.5808602134380353,1
768.535,0.5,0.7560783355852394,1
768.569,0.5,0.8242852945725239,1
768.602,0.5,0.804832630059921,1
768.635,0.5,0.4771347136212282,1
768.669,0.5,0.8017230092626234,1
768.702,0.5,0.4672058202768005,1
768.735,0.5,0.3012151552149549,1
768.769,1.0,0.2130577767148284,2
773.807,0.5,1.2076535961004047,1
773.841,0.5,1.2133824694389501,1
773.874,0.5,1.9089859907774258,1
773.907,0.5,1.9922966708445635,1
773.941,0.5,1.6629322123679566,1
773.974,0.5,2.5378280377724605,1
774.007,0.5,0.6133774653185293,1
774.041,0.5,0.6639618664202311,1
774.074,0.5,0.683480565460662,1
774.107,0.5,0.8065639778296684,1
774.141,0.5,0.5193673535190968,1
774.174,0.5,0.30867235925519715,1
774.208,0.5,0.5880177733570486,1
774.241,0.5,0.24839288182112948,1
774.274,0.5,0.4629842077955135,1
774.308,0.5,0.8242852945725239,1
774.341,0.5,0.5317784898440359,1
774.374,0.5,1.1574605194888006,1
774.408,0.5,1.9537433388824827,1
774.441,0.5,1.6774957275171438,1
774.474,0.5,1.3653481837170276,1
774.508,0.5,1.205436044132779,1
774.541,0.5,1.3443075259289194,1
774.575,0.5,1.0714449928279877,1
774.608,0.5,1.143904587234491,1
774.641,0.5,0.3264057779634557,1
774.675,0.5,0.12640625074665027,1
774.708,0.5,0.1821878807747094,1
774.741,0.5,0.20965648666520176,1
774.775,0.5,0.26526179889938073,1
774.808,0.5,0.29199091745185646,1
774.842,0.5,0.1326220602699156,1
774.875,0.5,0.6627053133203702,1
774.908,0.5,0.9900201432564649,1
774.942,0.5,0.6654163253849232,1
774.975,0.5,1.3463386381656084,1
775.008,0.5,0.8906287470580387,1
775.042,0.5,0.578306867039514,1
775.075,0.5,0.5884978124657522,1
775.108,0.5,0.30434745818141645,1
775.142,0.5,0.16803945320320685,1
775.175,0.5,0.09109394038767606,1
775.209,0.5,0.09900175250737164,1
775.242,0.5,0.3060054168407229,1
775.275,0.5,0.19139835962003018,1
775.309,0.5,0.07122347384749952,1
775.342,0.5,0.33298397965731985,1
775.475,0.5,0.9070628876988034,1
779.847,0.5,0.8127649540644815,1
779.88,0.5,0.9248261563285837,1
779.913,0.5,2.2761252302372217,1
779.947,0.5,1.6897224530537134,1
779.98,0.5,1.4242862838975074,1
780.013,0.5,0.7962086650927419,1
780.047,0.5,0.6104234967456046,1
780.08,0.5,0.49127991713495517,1
780.113,0.5,0.6194494187768245,1
780.147,0.5,0.43387380015646687,1
780.18,0.5,0.44020307429584576,1
780.214,0.5,0.5440232360650362,1
780.247,0.5,0.7549188687695034,1
780.28,0.5,0.5605087886745488,1
780.314,0.5,0.7327153726272194,1
780.347,0.5,1.106215446324245,1
780.38,0.5,1.2949161286725146,1
780.414,0.5,1.5449233985566826,1
780.447,0.5,1.751440789459092,1
780.48,0.5,1.106215446324245,1
780.514,0.5,1.1886586009924147,1
780.547,0.5,0.5317784898440359,1
780.581,0.5,0.44207353423308915,1
780.614,0.5,0.5748051120205468,1
780.647,0.5,0.401568492184545,1
780.681,0.5,0.4631013396915184,1
780.714,0.5,0.6604358484035884,1
780.747,0.5,0.8656577892338938,1
780.781,0.5,1.1919597989059176,1
780.814,0.5,2.5690903147676742,1
780.848,0.5,0.6513905737482323,1
780.914,0.5,0.5545837032029994,1
780.948,0.5,0.7259610752080797,1
780.981,0.5,0.4574431629330123,1
781.014,1.0,0.626555873554445,2
781.048,1.0,0.7317120201532226,2
781.081,1.0,0.694769163963686,2
781.114,1.0,0.48523040354098523,2
781.148,1.0,0.6901271600282954,2
781.181,1.0,0.7497571133079344,2
781.215,1.0,0.8549716738622456,2
781.248,1.0,0.6420495730471183,2
781.281,0.5,0.7985469598951355,1
781.315,0.5,0.5478719434946026,1
781.348,0.5,0.5202782222447729,1
781.381,0.5,0.5110177981834788,1
781.415,0.5,0.5046637884844272,1
781.448,0.5,0.5769213398167626,1
781.481,1.0,0.37377600792709875,2
781.515,1.0,0.3461657900814473,2
781.548,1.0,0.8487674327625425,2
781.582,0.5,0.4217020967495326,1
781.615,0.5,0.6836098333627789,1
781.648,1.0,0.7334556810245136,2
781.682,1.0,0.6458357759127049,2
781.715,0.5,0.27328182116207766,1
781.915,0.5,0.3129113118395745,1
792.226,0.5,1.8819566780404562,1
792.292,0.5,2.448378132341469,1
792.326,0.5,1.4063740282344044,1
792.359,0.5,0.7572527047047615,1
792.392,0.5,0.9235797340645306,1
792.426,0.5,0.8139516222966152,1
792.459,0.5,0.5744296644774715,1
792.492,0.5,0.6123455626535965,1
792.526,0.5,0.5360518415352868,1
792.559,0.5,0.4528984646124042,1
792.593,0.5,0.5012094055547498,1
792.626,0.5,0.2884606699083703,1
792.659,0.5,1.918061328347301,1
792.693,0.5,1.8022603803089232,1
792.726,0.5,1.8184514721235843,1
792.759,0.5,1.2706413614176377,1
792.793,0.5,1.0326892880339258,1
792.826,0.5,1.28586034592759,1
792.86,0.5,0.6732119170500984,1
792.893,0.5,0.7794315600067135,1
792.926,0.5,0.5868339942843589,1
792.96,0.5,0.5180705595559412,1
792.993,0.5,2.307928750953743,1
793.026,0.5,2.005626432696769,1
793.06,0.5,2.145685674415924,1
793.093,0.5,1.9986841481899744,1
793.126,0.5,1.3782327830019148,1
793.16,0.5,0.9999224461902684,1
793.193,0.5,1.5529832490585616,1
793.227,0.5,1.4093653236055188,1
793.26,0.5,1.285382179180494,1
793.293,0.5,0.870684084422372,1
793.327,0.5,0.7942045575044322,1
793.36,0.5,0.6083457089409556,1
793.393,0.5,0.4801721361491662,1
793.427,0.5,0.98292538445013,1
793.46,0.5,1.0520159918050962,1
793.493,0.5,1.18172997362884,1
793.527,0.5,1.0536615971454604,1
793.56,0.5,1.045273486477608,1
793.594,0.5,1.562449294497249,1
793.627,0.5,0.9824653874217228,1
793.66,0.5,0.6264212679760083,1
793.694,0.5,0.5474540741194249,1
793.727,0.5,0.38813516525742664,1
793.76,0.5,0.329231084842503,1
793.794,0.5,0.3942462877908567,1
793.827,0.5,0.47312248126195044,1
793.861,0.5,0.45583174207904054,1
793.894,0.5,0.6480937198116598,1
793.927,0.5,0.44020307429435196,1
793.961,0.5,0.41842430948583265,1
793.994,0.5,0.7718018358218448,1
794.027,0.5,0.8254262081571947,1
794.061,0.5,0.40698023882096296,1
794.094,0.5,1.9342985295088615,1
794.127,0.5,1.3779731899212593,1
794.161,0.5,1.2710985450531094,1
794.194,0.5,0.5378715285966728,1
794.228,0.5,1.4881230378097225,1
794.261,0.5,0.6813059616249053,1
794.294,0.5,0.47583972506740135,1
794.328,0.5,0.5953089872411974,1
794.361,0.5,0.7151596739927206,1
794.394,0.5,0.6123455626535965,1
794.428,0.5,0.5755533088874082,1
794.461,0.5,0.29199091745184563,1
794.494,0.5,0.15518057219123307,1
794.528,0.5,0.01980035050147694,1
794.561,0.5,0.13023674319343556,1
794.595,0.5,0.3488586564658857,1
794.628,0.5,0.46052087837534394,1
794.661,0.5,0.7389985153509613,1
794.695,0.5,0.5515892345799317,1
794.728,0.5,0.8161669322346446,1
794.761,0.5,1.0576285195585986,1
808.942,0.5,2.39009417451479,1
808.976,0.5,1.5211363121978143,1
809.009,0.5,1.1839134745398567,1
809.042,0.5,1.0302231263771333,1
809.076,0.5,0.7391709045365953,1
809.109,0.5,0.652819180960907,1
809.142,0.5,0.43535658421867107,1
809.176,0.5,0.4752478813910307,1
809.209,0.5,0.2253152688230905,1
809.243,0.5,0.2574045565182938,1
809.276,0.5,0.5010166721322032,1
809.309,0.5,0.8163691842522269,1
809.343,0.5,0.8819880976071355,1
809.376,0.5,0.7321495836165415,1
809.409,0.5,1.3287404585930136,1
809.443,0.5,1.7497212056317788,1
809.476,0.5,1.8265116204262775,1
809.51,0.5,0.8737935006407849,1
809.543,0.5,1.380287880189874,1
809.576,0.5,1.2163243851560501,1
809.61,0.5,0.27551582556367704,1
809.643,0.5,0.5988436165732385,1
809.676,0.5,0.45605461532015373,1
809.71,0.5,0.4336975820900238,1
809.743,0.5,0.2968627440095642,1
809.776,0.5,0.22361866930419694,1
809.81,0.5,0.5755533088874216,1
809.843,0.5,0.6578146915970203,1
809.877,0.5,1.1287910039664715,1
809.91,0.5,0.5884978124657522,1
809.943,0.5,0.38814910977370826,1
809.977,0.5,0.4176602200099604,1
810.01,0.5,1.081673757449888,1
810.043,0.5,0.946140779641581,1
810.077,0.5,0.8473990300354116,1
810.11,0.5,1.1828466323794562,1
810.143,0.5,0.8185432569384182,1
810.177,0.5,0.6278829681383232,1
810.21,0.5,0.8483344140691893,1
810.244,0.5,0.6560650474537117,1
810.277,0.5,0.34827363376894954,1
810.31,0.5,0.5044506307264205,1
810.344,0.5,0.20527041334884497,1
816.483,0.5,0.3940469485666891,1
816.517,0.5,0.31145299444975094,1
816.55,0.5,0.41596530444890956,1
816.583,0.5,0.5399813043925002,1
816.617,0.5,0.6336186168154347,1
816.65,0.5,0.7279392827830804,1
816.683,0.5,0.530795579954866,1
816.717,0.5,0.863357588997948,1
816.75,0.5,1.2956286805547035,1
816.783,0.5,1.388795442816742,1
816.817,0.5,1.5429303579029885,1
816.85,0.5,1.379021908557882,1
816.884,0.5,0.5662629728866514,1
816.917,0.5,0.7755449988884118,1
816.95,0.5,0.5179017730931055,1
816.984,0.5,0.46588449955891553,1
817.017,0.5,0.5744296644754991,1
817.05,0.5,0.8170182889852717,1
817.084,0.5,0.853453159391963,1
817.117,0.5,0.5640435915165738,1
817.15,0.5,1.2892025472937212,1
817.184,0.5,1.1529864678796278,1
817.251,0.5,0.7550661665788585,1
817.284,0.5,0.854335091003686,1
817.317,0.5,1.5030304635179361,1
817.351,0.5,1.0081030519491563,1
817.384,0.5,0.7188602618079916,1
817.417,0.5,1.346510928555468,1
817.451,0.5,0.5396755631523813,1
817.484,0.5,0.3827967192400789,1
817.518,0.5,1.8649629401887473,1
817.618,0.5,0.7037579320037058,1
817.651,0.5,0.55458370320491,1
817.684,0.5,1.0033368624011114,1
817.718,0.5,0.9320988525255314,1
817.784,0.5,2.314920597347416,1
817.885,0.5,1.0892524606304697,1
817.918,0.5,1.5235503129504238,1
817.951,0.5,1.6803239814661346,1
817.985,0.5,1.2500599400438206,1
818.018,0.5,1.549192708077199,1
818.051,0.5,1.513016368712501,1
818.085,0.5,0.317430410271974,1
818.218,0.5,0.8338449832848135,1
818.252,0.5,1.2374620174431061,1
818.285,0.5,1.3119895618851802,1
818.385,0.5,1.408296974129288,1
818.418,0.5,1.9601080554128714,1
818.452,0.5,1.3302562654070644,1
818.485,0.5,0.44880794469973145,1
818.519,0.5,2.478862547413163,1
818.552,0.5,2.468526707802157,1
818.585,0.5,2.3288109915445037,1
818.619,0.5,2.51495155589995,1
818.652,0.5,2.1016272415849695,1
818.685,0.5,1.2858603459320332,1
820.187,0.5,0.2575969210595929,1
820.22,0.5,0.20651260189941872,1
820.254,0.5,0.2940993452823868,1
820.287,0.5,0.34174028272915047,1
820.32,0.5,0.29199091745184047,1
820.354,0.5,0.3964941696535291,1
820.387,0.5,0.3881351652587571,1
820.42,0.5,0.3363004204831179,1
820.454,0.5,0.21868834915123136,1
820.487,0.5,0.1097436949475006,1
820.521,0.5,0.044207353423312994,1
820.554,0.5,0.028740255601025465,1
820.587,0.5,0.06120108336814459,1
820.621,0.5,0.07122347384749592,1
820.654,0.5,0.060732594401002676,1
820.687,0.5,0.08407510512078153,1
820.721,0.5,0.2976544936205978,1
820.754,0.5,0.24812994966198132,1
820.787,0.5,0.22440397234986573,1
820.821,0.5,0.2574045565191545,1
820.854,0.5,0.21285187670395608,1
820.888,0.5,0.29959376045378533,1
820.921,0.5,0.6556305175740109,1
820.954,0.5,0.1750378556627501,1
820.988,0.5,0.18769932197308628,1
821.021,0.5,0.04554697019384102,1
821.054,0.5,0.08407510512077825,1
821.088,0.5,0.044004001943633124,1
821.121,0.5,0.12406497483099507,1
821.154,0.5,0.05748051120205564,1
821.188,0.5,0.20186551539377084,1
821.221,0.5,0.22440397234986573,1
821.255,0.5,0.13998826627916597,1
821.288,0.5,0.10150277599473496,1
821.321,0.5,0.06446239340506386,1
821.355,0.5,0.11880210300884204,1
821.388,0.5,0.06446239340507026,1
821.421,0.5,0.04554697019368112,1
821.455,0.5,0.03960070100294735,1
821.488,0.5,0.0455469701936721,1
821.555,0.5,0.08160144449113833,1
821.622,0.5,0.11880210300884204,1
821.722,0.5,0.03960070100295388,1
821.755,0.5,0.10399132611187012,1
821.788,0.5,0.08407510512077825,1
821.822,0.5,0.1009327576968867,1
821.855,0.5,0.08160144449086393,1
821.889,0.5,0.019800350501470408,1
821.922,0.5,0.08407510512078153,1
821.955,0.5,0.02040036112271262,1
821.989,0.5,0.10093275769688542,1
822.022,0.5,0.040800722245431964,1
822.055,0.5,0.040800722245572525,1
822.089,0.5,0.03960070100281494,1
822.155,0.5,0.02040036112271262,1
822.189,0.5,0.03960070100294735,1
822.222,0.5,0.08160144449086393,1
822.256,0.5,0.08160230791140781,1
822.289,0.5,0.14746609536240698,1
822.322,0.5,0.20346727142578305,1
832.099,0.5,1.2238981400538387,1
832.232,0.5,1.1596724743220643,1
832.299,0.5,0.8943221628298617,1
832.332,0.5,1.3538606617285598,1
832.366,0.5,1.3861638021837828,1
832.399,0.5,1.38855335430378,1
832.432,0.5,1.0208213090817049,1
832.466,0.5,1.1301582753091381,1
832.499,0.5,0.9462449625238708,1
832.533,0.5,1.5647212413940272,1
832.566,0.5,1.5505596056841227,1
832.599,0.5,1.1832209451174933,1
832.633,0.5,0.8550349801695267,1
832.666,0.5,0.5104106545408597,1
832.699,0.5,0.46964482517363026,1
832.733,0.5,0.6141252748736812,1
832.766,0.5,1.123662323913508,1
832.799,0.5,1.4281687658852955,1
832.833,0.5,1.4063740282344044,1
832.866,0.5,1.4281687658852953,1
832.9,0.5,1.2277789659480336,1
832.933,0.5,1.4281687658853086,1
832.966,0.5,0.4359934616430698,1
833.0,0.5,0.5943353990465721,1
833.033,0.5,1.101805496319069,1
833.066,0.5,0.8366597607788401,1
833.1,0.5,0.5795640657360204,1
833.133,0.5,0.6327351316876133,1
833.166,0.5,0.7165908854400332,1
833.2,0.5,0.7547188045118094,1
833.233,0.5,0.8364148060342267,1
833.267,0.5,0.8791558430688231,1
833.3,0.5,0.6123455626557065,1
833.333,0.5,0.8337420426453476,1
833.367,0.5,0.9184142283326583,1
833.4,0.5,1.855701703809082,1
833.433,0.5,1.4078512204477172,1
833.467,0.5,1.3705737233615087,1
833.5,0.5,1.4094852056434624,1
833.534,0.5,1.2240346186710538,1
833.567,0.5,1.2607810836096194,1
833.6,0.5,0.8719869232861315,1
833.634,0.5,0.4712410799859985,1
833.667,0.5,0.5686295016174349,1
833.7,0.5,0.5510704240211097,1
833.734,0.5,1.0214623645407783,1
833.767,0.5,0.8341834726691771,1
833.8,0.5,1.167548441480258,1
833.834,0.5,0.6000108051242458,1
833.867,0.5,0.9121092306402918,1
833.901,0.5,0.7776459736729094,1
833.934,0.5,0.8170182889824509,1
833.967,0.5,1.0096123446793286,1
847.147,0.5,0.9710422254249881,1
847.181,0.5,0.7015849301378565,1
847.214,0.5,0.62149012462692,1
847.247,0.5,0.2079826522244528,1
847.281,0.5,0.9563510198633473,1
847.314,0.5,1.605540515315426,1
847.347,0.5,0.954709931316272,1
